-- phpMyAdmin SQL Dump
-- version 4.0.10.7
-- http://www.phpmyadmin.net
--
-- Client: localhost
-- Généré le: Mer 29 Avril 2015 à 15:41
-- Version du serveur: 5.0.96-community
-- Version de PHP: 5.4.23

SET SQL_MODE = "NO_AUTO_VALUE_ON_ZERO";
SET time_zone = "+00:00";


/*!40101 SET @OLD_CHARACTER_SET_CLIENT=@@CHARACTER_SET_CLIENT */;
/*!40101 SET @OLD_CHARACTER_SET_RESULTS=@@CHARACTER_SET_RESULTS */;
/*!40101 SET @OLD_COLLATION_CONNECTION=@@COLLATION_CONNECTION */;
/*!40101 SET NAMES utf8 */;

--
-- Base de données: `qbik_db`
--

-- --------------------------------------------------------

--
-- Structure de la table `QC1_EPE_CFG_FUSION`
--

CREATE TABLE IF NOT EXISTS `QC1_EPE_CFG_FUSION` (
  `CODE_FUSION` int(11) NOT NULL auto_increment,
  `NAME_FUSION` varchar(50) default NULL,
  `DESC_FUSION` varchar(255) default NULL,
  `TARGET_TABLE` varchar(50) default NULL,
  `FILE_NAME` varchar(255) default NULL,
  `CODE_TALEND` varchar(20) default NULL,
  UNIQUE KEY `CODE_FUSION` (`CODE_FUSION`)
) ENGINE=InnoDB  DEFAULT CHARSET=utf8 AUTO_INCREMENT=50509 ;

--
-- Contenu de la table `QC1_EPE_CFG_FUSION`
--

INSERT INTO `QC1_EPE_CFG_FUSION` (`CODE_FUSION`, `NAME_FUSION`, `DESC_FUSION`, `TARGET_TABLE`, `FILE_NAME`, `CODE_TALEND`) VALUES
(50439, 'Fusion Classification', NULL, 'CLASSIFICATION', NULL, 'FUS_CLA'),
(50440, 'Fusion Affectation', '', 'AFFECTATION', '', 'FUS_ASS'),
(50441, 'Fusion Contrat', 'Description Test', 'CONTRAT', '', 'FUS_CTR'),
(50442, 'Fusion Employe', NULL, 'EMPLOYE', NULL, 'FUS_EMP'),
(50443, 'Fusion Societe', NULL, 'SOCIETE', NULL, 'FUS_CPY'),
(50444, 'Fusion Etablissement', NULL, 'ETABLISSEMENT', NULL, 'FUS_LOC'),
(50508, 'Fusion Periode', 'Fusion des données pour le calcul de l''effectif périodique', 'QC1_DSA_MOD_PERIOD_FUSION', NULL, 'PER_FUS');

-- --------------------------------------------------------

--
-- Structure de la table `QC1_EPE_CFG_FUSION_HIST`
--

CREATE TABLE IF NOT EXISTS `QC1_EPE_CFG_FUSION_HIST` (
  `FUSION_HIST` int(11) NOT NULL auto_increment,
  `CODE_FUSION` varchar(20) default NULL,
  `CODE_HIST` varchar(20) default NULL,
  `FLG_MASTER_HIST` varchar(1) default NULL,
  UNIQUE KEY `FUSION_HIST` (`FUSION_HIST`)
) ENGINE=InnoDB  DEFAULT CHARSET=utf8 AUTO_INCREMENT=50783 ;

--
-- Contenu de la table `QC1_EPE_CFG_FUSION_HIST`
--

INSERT INTO `QC1_EPE_CFG_FUSION_HIST` (`FUSION_HIST`, `CODE_FUSION`, `CODE_HIST`, `FLG_MASTER_HIST`) VALUES
(50447, '50439', '50415', '0'),
(50448, '50439', '50422', '0'),
(50449, '50439', '50428', '0'),
(50450, '50441', '50240', '1'),
(50451, '50441', '50251', '0'),
(50452, '50441', '50267', '0'),
(50453, '50441', '50273', '0'),
(50454, '50441', '50292', '0'),
(50455, '50441', '50301', '0'),
(50456, '50441', '50306', '0'),
(50457, '50442', '50374', '0'),
(50458, '50442', '50393', '0'),
(50459, '50442', '50403', '0'),
(50460, '50442', '50409', '0'),
(50461, '50443', '50349', '0'),
(50462, '50443', '50362', '0'),
(50463, '50444', '50330', '0'),
(50464, '50444', '50337', '0'),
(50514, '50508', '50509', '0'),
(50522, '50508', '50515', '0'),
(50531, '50508', '50523', '0'),
(50537, '50508', '50532', '0'),
(50543, '50508', '50538', '0'),
(50549, '50508', '50544', '0'),
(50555, '50508', '50550', '0'),
(50561, '50508', '50556', '0'),
(50567, '50508', '50562', '0'),
(50773, '50439', '50752', '0'),
(50776, '50442', '50762', '0'),
(50777, '50440', '50422', '1'),
(50778, '50440', '50428', '1'),
(50779, '50440', '50321', '0'),
(50780, '50440', '50752', '0'),
(50781, '50440', '50292', '0'),
(50782, '50440', '50301', '0');

-- --------------------------------------------------------

--
-- Structure de la table `QC1_EPE_CFG_HIST`
--

CREATE TABLE IF NOT EXISTS `QC1_EPE_CFG_HIST` (
  `CODE_HIST` int(11) NOT NULL auto_increment,
  `NAME_HIST` varchar(50) default NULL,
  `DESC_HIST` varchar(255) default NULL,
  `INDX_HIST` double default NULL,
  `SRC_SYSTEM` varchar(50) default NULL,
  `SRC_FILE` varchar(50) default NULL,
  `SRC_KEY_ITEM` varchar(255) default NULL,
  `SRC_KEY_HIST` varchar(255) default NULL,
  `SRC_BEG_DATE` varchar(50) default NULL,
  `SRC_BEG_REASON` varchar(50) default NULL,
  `SRC_BEG_EVENT` double default NULL,
  `SRC_END_DATE` varchar(50) default NULL,
  `SRC_END_REASON` varchar(50) default NULL,
  `SRC_END_EVENT` double default NULL,
  `SRC_FILTER` varchar(255) default NULL,
  UNIQUE KEY `CODE_HIST` (`CODE_HIST`)
) ENGINE=InnoDB  DEFAULT CHARSET=utf8 AUTO_INCREMENT=50764 ;

--
-- Contenu de la table `QC1_EPE_CFG_HIST`
--

INSERT INTO `QC1_EPE_CFG_HIST` (`CODE_HIST`, `NAME_HIST`, `DESC_HIST`, `INDX_HIST`, `SRC_SYSTEM`, `SRC_FILE`, `SRC_KEY_ITEM`, `SRC_KEY_HIST`, `SRC_BEG_DATE`, `SRC_BEG_REASON`, `SRC_BEG_EVENT`, `SRC_END_DATE`, `SRC_END_REASON`, `SRC_END_EVENT`, `SRC_FILTER`) VALUES
(50240, 'CONTRAT_01', NULL, 1, NULL, 'CONTRAT_01', 'QC1_EMP_NUMBER', 'QC1_EMP_NUMBER', 'QC1_DAT_BEG_HIST', NULL, NULL, 'QC1_DAT_END_HIST', NULL, NULL, NULL),
(50251, 'CONTRAT_02', NULL, 2, NULL, 'CONTRAT_02', 'QC1_EMP_NUMBER', 'QC1_EMP_NUMBER', 'QC1_DAT_BEG_HIST', NULL, NULL, 'QC1_DAT_END_HIST', NULL, NULL, NULL),
(50267, 'CONTRAT_03', NULL, 3, NULL, 'CONTRAT_03', 'QC1_EMP_NUMBER', 'QC1_EMP_NUMBER', 'QC1_DAT_BEG_HIST', NULL, NULL, 'QC1_DAT_END_HIST', NULL, NULL, NULL),
(50273, 'CONTRAT_04', NULL, 4, NULL, 'CONTRAT_04', 'QC1_EMP_NUMBER', 'QC1_EMP_NUMBER', 'QC1_DAT_BEG_HIST', NULL, NULL, 'QC1_DAT_END_HIST', NULL, NULL, NULL),
(50292, 'CONTRAT_05', NULL, 5, NULL, 'CONTRAT_05', 'QC1_EMP_NUMBER', 'QC1_EMP_NUMBER', 'QC1_DAT_BEG_HIST', NULL, NULL, 'QC1_DAT_END_HIST', NULL, NULL, NULL),
(50301, 'CONTRAT_06', NULL, 6, NULL, 'CONTRAT_06', 'QC1_EMP_NUMBER', 'QC1_EMP_NUMBER', 'QC1_DAT_BEG_HIST', NULL, NULL, 'QC1_DAT_END_HIST', NULL, NULL, NULL),
(50306, 'CONTRAT_07', NULL, 7, NULL, 'CONTRAT_07', 'QC1_EMP_NUMBER', 'QC1_EMP_NUMBER', 'QC1_DAT_BEG_HIST', NULL, NULL, 'QC1_DAT_END_HIST', NULL, NULL, NULL),
(50312, 'AFFECTATION_01', NULL, 1, NULL, 'AFFECTATION_01', 'QC1_EMP_NUMBER', 'QC1_EMP_NUMBER', 'QC1_DAT_BEG_HIST', NULL, NULL, 'QC1_DAT_END_HIST', NULL, NULL, NULL),
(50321, 'AFFECTATION_02', NULL, 2, NULL, 'AFFECTATION_02', 'QC1_EMP_NUMBER', 'QC1_EMP_NUMBER', 'QC1_DAT_BEG_HIST', NULL, NULL, 'QC1_DAT_END_HIST', NULL, NULL, NULL),
(50330, 'ETABLISSEMENT_01', NULL, 1, NULL, 'ETABLISSEMENT_01', 'QC1_LOC_CODE', 'QC1_LOC_CODE', 'QC1_DAT_BEG_HIST', NULL, NULL, 'QC1_DAT_END_HIST', NULL, NULL, NULL),
(50337, 'ETABLISSEMENT_02', NULL, 2, NULL, 'ETABLISSEMENT_02', 'QC1_LOC_CODE', 'QC1_LOC_CODE', 'QC1_DAT_BEG_HIST', NULL, NULL, 'QC1_DAT_END_HIST', NULL, NULL, NULL),
(50349, 'SOCIETE_01', NULL, 1, NULL, 'SOCIETE_01', 'QC1_CPY_CODE', 'QC1_CPY_CODE', 'QC1_DAT_BEG_HIST', NULL, NULL, 'QC1_DAT_END_HIST', NULL, NULL, NULL),
(50362, 'SOCIETE_02', NULL, 2, NULL, 'SOCIETE_02', 'QC1_CPY_CODE', 'QC1_CPY_CODE', 'QC1_DAT_BEG_HIST', NULL, NULL, 'QC1_DAT_END_HIST', NULL, NULL, NULL),
(50374, 'EMPLOYE_01', NULL, 1, NULL, 'EMPLOYE_01', 'QC1_EMP_NUMBER', 'QC1_EMP_NUMBER', 'QC1_DAT_BEG_HIST', NULL, NULL, 'QC1_DAT_END_HIST', NULL, NULL, NULL),
(50393, 'EMPLOYE_02', NULL, 2, NULL, 'EMPLOYE_02', 'QC1_EMP_NUMBER', 'QC1_EMP_NUMBER', 'QC1_DAT_BEG_HIST', NULL, NULL, 'QC1_DAT_END_HIST', NULL, NULL, NULL),
(50403, 'EMPLOYE_03', NULL, 3, NULL, 'EMPLOYE_03', 'QC1_EMP_NUMBER', 'QC1_EMP_NUMBER', 'QC1_DAT_BEG_HIST', NULL, NULL, 'QC1_DAT_END_HIST', NULL, NULL, NULL),
(50409, 'EMPLOYE_04', NULL, 4, NULL, 'EMPLOYE_04', 'QC1_EMP_NUMBER', 'QC1_EMP_NUMBER', 'QC1_DAT_BEG_HIST', NULL, NULL, 'QC1_DAT_END_HIST', NULL, NULL, NULL),
(50415, 'CLASSIFICATION_01', NULL, 1, NULL, 'CLASSIFICATION_01', 'QC1_EMP_NUMBER', 'QC1_EMP_NUMBER', 'QC1_DAT_BEG_HIST', NULL, NULL, 'QC1_DAT_END_HIST', NULL, NULL, NULL),
(50422, 'CLASSIFICATION_02', '', 2, '', 'CLASSIFICATION_02', 'QC1_EMP_NUMBER', 'QC1_EMP_NUMBER', 'QC1_DAT_BEG_HIST', NULL, NULL, 'QC1_DAT_END_HIST', NULL, NULL, NULL),
(50428, 'CLASSIFICATION_03', NULL, 3, NULL, 'CLASSIFICATION_03', 'QC1_EMP_NUMBER', 'QC1_EMP_NUMBER', 'QC1_DAT_BEG_HIST', NULL, NULL, 'QC1_DAT_END_HIST', NULL, NULL, NULL),
(50509, 'QC1_DSA_MOD_EMPLOYEE', NULL, 1, NULL, 'QC1_DSA_MOD_EMPLOYEE', 'QC1_EMP_ID', 'QC1_EMP_ID', 'QC1_DAT_BEG_HIST', NULL, NULL, 'QC1_DAT_END_HIST', NULL, NULL, NULL),
(50515, 'QC1_DSA_MOD_CONTRACT', NULL, 2, NULL, 'QC1_DSA_MOD_CONTRACT', 'QC1_EMP_ID', 'QC1_EMP_ID', 'QC1_DAT_BEG_HIST', NULL, NULL, 'QC1_DAT_END_HIST', NULL, NULL, NULL),
(50523, 'QC1_DSA_MOD_ASSIGNMENT', NULL, 3, NULL, 'QC1_DSA_MOD_ASSIGNMENT', 'QC1_EMP_ID', 'QC1_EMP_ID', 'QC1_DAT_BEG_HIST', NULL, NULL, 'QC1_DAT_END_HIST', NULL, NULL, NULL),
(50532, 'QC1_DSA_MOD_CLASSIFICATION', NULL, 4, NULL, 'QC1_DSA_MOD_CLASSIFICATION', 'QC1_EMP_ID', 'QC1_EMP_ID', 'QC1_DAT_BEG_HIST', NULL, NULL, 'QC1_DAT_END_HIST', NULL, NULL, NULL),
(50538, 'QC1_DSA_MOD_SALARY', NULL, 5, NULL, 'QC1_DSA_MOD_SALARY', 'QC1_EMP_ID', 'QC1_EMP_ID', 'QC1_DAT_BEG_HIST', NULL, NULL, 'QC1_DAT_END_HIST', NULL, NULL, NULL),
(50544, 'QC1_DSA_MOD_ORGANISATION', NULL, 6, NULL, 'QC1_DSA_MOD_ORGANISATION', 'QC1_ORG_ID', 'QC1_ORG_ID', 'QC1_DAT_BEG_HIST', NULL, NULL, 'QC1_DAT_END_HIST', NULL, NULL, NULL),
(50550, 'QC1_DSA_MOD_LOCATION', NULL, 7, NULL, 'QC1_DSA_MOD_LOCATION', 'QC1_LOC_ID', 'QC1_LOC_ID', 'QC1_DAT_BEG_HIST', NULL, NULL, 'QC1_DAT_END_HIST', NULL, NULL, NULL),
(50556, 'QC1_DSA_MOD_COMPANY', NULL, 8, NULL, 'QC1_DSA_MOD_COMPANY', 'QC1_CPY_ID', 'QC1_CPY_ID', 'QC1_DAT_BEG_HIST', NULL, NULL, 'QC1_DAT_END_HIST', NULL, NULL, NULL),
(50562, 'QC1_DSA_MOD_BUDGET_UNIT', NULL, 9, NULL, 'QC1_DSA_MOD_BUDGET_UNIT', 'QC1_BUD_ID', 'QC1_BUD_ID', 'QC1_DAT_BEG_HIST', NULL, NULL, 'QC1_DAT_END_HIST', NULL, NULL, NULL),
(50752, 'CLASSIFICATION_04', NULL, 4, NULL, 'CLASSIFICATION_04', 'QC1_EMP_NUMBER', 'QC1_EMP_NUMBER', 'QC1_DAT_BEG_HIST', NULL, NULL, 'QC1_DAT_END_HIST', NULL, NULL, NULL),
(50757, 'CLASSIFICATION_05', NULL, 5, NULL, 'CLASSIFICATION_05', 'QC1_EMP_NUMBER', 'QC1_EMP_NUMBER', 'QC1_DAT_BEG_HIST', NULL, NULL, 'QC1_DAT_END_HIST', NULL, NULL, NULL),
(50762, 'EMPLOYE_05', NULL, 5, NULL, 'EMPLOYE_05', 'QC1_EMP_NUMBER', 'QC1_EMP_NUMBER', 'QC1_DAT_BEG_HIST', NULL, NULL, 'QC1_DAT_END_HIST', NULL, NULL, NULL),
(50763, 'EMPLOYE_PRO_01', 'histo employé PROeee', 1, 'EMPLOYE_01-HRA', 'EMPLOYE_01', 'PRO', 'PRO2', 'PRO', 'PRO', 0, 'PRO', 'PRO2', 0, '');

-- --------------------------------------------------------

--
-- Structure de la table `QC1_EPE_CFG_HIST_FIELD`
--

CREATE TABLE IF NOT EXISTS `QC1_EPE_CFG_HIST_FIELD` (
  `CODE_FIELD` int(11) NOT NULL auto_increment,
  `CODE_HIST` double default NULL,
  `SOURCE_COLUMN` varchar(150) default NULL,
  `TARGET_COLUMN` varchar(150) default NULL,
  `FLG_MERGE` varchar(1) default NULL,
  `FLG_KEY_FIELD` varchar(1) default NULL,
  `TYPE_FIELD` varchar(20) default NULL,
  `INDEX_FIELD` double default NULL,
  UNIQUE KEY `CODE_FIELD` (`CODE_FIELD`)
) ENGINE=InnoDB  DEFAULT CHARSET=utf8 AUTO_INCREMENT=10 ;

--
-- Contenu de la table `QC1_EPE_CFG_HIST_FIELD`
--

INSERT INTO `QC1_EPE_CFG_HIST_FIELD` (`CODE_FIELD`, `CODE_HIST`, `SOURCE_COLUMN`, `TARGET_COLUMN`, `FLG_MERGE`, `FLG_KEY_FIELD`, `TYPE_FIELD`, `INDEX_FIELD`) VALUES
(1, 50312, 'QC1_EMP_NUMBER', 'QC1_EMP_NUMBER', NULL, '1', 'Code', 1),
(2, 50763, 'PRO', 'PRO DES', '1', '1', 'Date', NULL),
(3, 50763, 'PRO2', 'DEST 2', '1', NULL, 'Code', NULL),
(4, 50764, 'AAA', 'AAAA', '1', NULL, 'Date', NULL),
(5, 50765, '1', '1', NULL, NULL, '', NULL),
(6, 50765, '2', '2', '1', NULL, '', NULL),
(7, 50362, 'aaa', '', NULL, NULL, '', NULL),
(8, 50362, 'vbbbb', '', NULL, NULL, '', NULL);

-- --------------------------------------------------------

--
-- Structure de la table `QC1_REP_ARC_DEFINITION`
--

CREATE TABLE IF NOT EXISTS `QC1_REP_ARC_DEFINITION` (
  `CODE_ARCHIVE` int(11) NOT NULL auto_increment,
  `CODE_TYPE_ARCHIVE` decimal(38,0) default NULL,
  `NAME_ARCHIVE` varchar(50) default NULL,
  `DESC_ARCHIVE` varchar(2000) default NULL,
  `DAT_EFF` datetime default NULL,
  `DAT_BEG` datetime default NULL,
  `DAT_END` datetime default NULL,
  `DAT_LAST_RUN` datetime default NULL,
  `DAT_NEXT_RUN` datetime default NULL,
  `DAT_LAST_DEL` datetime default NULL,
  `DAT_NEXT_DEL` datetime default NULL,
  `ARC_FLG_LAST` char(1) default NULL,
  `ARC_FLG_001` char(1) default NULL,
  `ARC_FLG_002` char(1) default NULL,
  `ARC_FLG_003` char(1) default NULL,
  `ARC_FLG_004` char(1) default NULL,
  `ARC_FLG_005` char(1) default NULL,
  `ARC_UDF_001` varchar(100) default NULL,
  `ARC_UDF_002` varchar(100) default NULL,
  `ARC_UDF_003` varchar(100) default NULL,
  `ARC_UDF_004` varchar(100) default NULL,
  `ARC_UDF_005` varchar(100) default NULL,
  `ARC_UDF_006` varchar(100) default NULL,
  `ARC_UDF_007` varchar(100) default NULL,
  `ARC_UDF_008` varchar(100) default NULL,
  `ARC_UDF_009` varchar(100) default NULL,
  `ARC_UDF_010` varchar(100) default NULL,
  UNIQUE KEY `CODE_ARCHIVE` (`CODE_ARCHIVE`)
) ENGINE=InnoDB  DEFAULT CHARSET=utf8 AUTO_INCREMENT=6 ;

--
-- Contenu de la table `QC1_REP_ARC_DEFINITION`
--

INSERT INTO `QC1_REP_ARC_DEFINITION` (`CODE_ARCHIVE`, `CODE_TYPE_ARCHIVE`, `NAME_ARCHIVE`, `DESC_ARCHIVE`, `DAT_EFF`, `DAT_BEG`, `DAT_END`, `DAT_LAST_RUN`, `DAT_NEXT_RUN`, `DAT_LAST_DEL`, `DAT_NEXT_DEL`, `ARC_FLG_LAST`, `ARC_FLG_001`, `ARC_FLG_002`, `ARC_FLG_003`, `ARC_FLG_004`, `ARC_FLG_005`, `ARC_UDF_001`, `ARC_UDF_002`, `ARC_UDF_003`, `ARC_UDF_004`, `ARC_UDF_005`, `ARC_UDF_006`, `ARC_UDF_007`, `ARC_UDF_008`, `ARC_UDF_009`, `ARC_UDF_010`) VALUES
(1, '50009', 'test manu1', 'test description', NULL, '2015-04-10 00:00:00', '2015-04-08 00:00:00', NULL, '2015-04-29 00:00:00', NULL, '2015-04-22 00:00:00', NULL, NULL, NULL, NULL, NULL, NULL, NULL, NULL, NULL, NULL, NULL, NULL, NULL, NULL, NULL, NULL),
(4, '50009', 'PRO', 'test PRO2', NULL, '2015-04-01 00:00:00', '2015-04-30 00:00:00', NULL, '2015-05-07 00:00:00', NULL, '2015-11-19 00:00:00', NULL, NULL, NULL, NULL, NULL, NULL, NULL, NULL, NULL, NULL, NULL, NULL, NULL, NULL, NULL, NULL),
(5, '50012', 'aaaabb', 'aaacccc', NULL, '2015-04-01 00:00:00', '2015-04-05 00:00:00', NULL, '2015-04-04 00:00:00', NULL, '2015-04-07 00:00:00', NULL, NULL, NULL, NULL, NULL, NULL, NULL, NULL, NULL, NULL, NULL, NULL, NULL, NULL, NULL, NULL);

-- --------------------------------------------------------

--
-- Structure de la table `QC1_REP_ARC_LOG`
--

CREATE TABLE IF NOT EXISTS `QC1_REP_ARC_LOG` (
  `CODE_ARCHIVE` decimal(38,0) default NULL,
  `DESC_ARCHIVE` varchar(2000) default NULL,
  `DAT_BEG` datetime default NULL,
  `DAT_END` datetime default NULL,
  `DAT_LAST_RUN` datetime default NULL,
  `DAT_NEXT_RUN` datetime default NULL,
  `DAT_LAST_DEL` datetime default NULL,
  `DAT_NEXT_DEL` datetime default NULL,
  `TASK_DATE` datetime default NULL,
  `TASK_TYPE` varchar(10) default NULL,
  `TASK_STATUS` varchar(10) default NULL,
  `TASK_MESSAGE` varchar(4000) default NULL,
  `TASK_DURATION` decimal(38,0) default NULL
) ENGINE=InnoDB DEFAULT CHARSET=utf8;

-- --------------------------------------------------------

--
-- Structure de la table `QC1_REP_ARC_TYPE`
--

CREATE TABLE IF NOT EXISTS `QC1_REP_ARC_TYPE` (
  `CODE_TYPE_ARCHIVE` int(11) NOT NULL auto_increment,
  `NAME_TYPE_ARCHIVE` varchar(50) default NULL,
  `DESC_TYPE_ARCHIVE` varchar(200) default NULL,
  UNIQUE KEY `CODE_TYPE_ARCHIVE` (`CODE_TYPE_ARCHIVE`)
) ENGINE=InnoDB  DEFAULT CHARSET=utf8 AUTO_INCREMENT=50013 ;

--
-- Contenu de la table `QC1_REP_ARC_TYPE`
--

INSERT INTO `QC1_REP_ARC_TYPE` (`CODE_TYPE_ARCHIVE`, `NAME_TYPE_ARCHIVE`, `DESC_TYPE_ARCHIVE`) VALUES
(50009, 'Bilan Social2', 'Archives utilisées pour le Bilan Social2'),
(50012, 'bs', 'bs');

-- --------------------------------------------------------

--
-- Structure de la table `QC1_REP_ENV`
--

CREATE TABLE IF NOT EXISTS `QC1_REP_ENV` (
  `CODE_ENV` int(11) NOT NULL auto_increment,
  `NAME_ENV` varchar(50) default NULL,
  `DESC_ENV` varchar(250) default NULL,
  UNIQUE KEY `CODE_ENV` (`CODE_ENV`)
) ENGINE=InnoDB DEFAULT CHARSET=utf8 AUTO_INCREMENT=1 ;

-- --------------------------------------------------------

--
-- Structure de la table `QC1_REP_EXT_CONTAINER`
--

CREATE TABLE IF NOT EXISTS `QC1_REP_EXT_CONTAINER` (
  `CODE_CONTAINER` decimal(38,0) NOT NULL,
  `NAME_CONTAINER` varchar(100) default NULL,
  `DESC_CONTAINER` varchar(500) default NULL,
  `TARGET_TABLE` varchar(30) default NULL,
  `TYPE_LOAD` varchar(3) default NULL,
  `MODE_LOAD` varchar(3) default NULL
) ENGINE=InnoDB DEFAULT CHARSET=utf8;

-- --------------------------------------------------------

--
-- Structure de la table `QC1_REP_EXT_DATA`
--

CREATE TABLE IF NOT EXISTS `QC1_REP_EXT_DATA` (
  `CODE_ROW` int(11) NOT NULL auto_increment,
  `CODE_FILE` decimal(38,0) NOT NULL,
  `STATUS` decimal(38,0) default NULL,
  `DATA01` varchar(100) default NULL,
  `DATA02` varchar(100) default NULL,
  `DATA03` varchar(100) default NULL,
  `DATA04` varchar(100) default NULL,
  `DATA05` varchar(100) default NULL,
  `DATA06` varchar(100) default NULL,
  `DATA07` varchar(100) default NULL,
  `DATA08` varchar(100) default NULL,
  `DATA09` varchar(100) default NULL,
  `DATA10` varchar(100) default NULL,
  `DATA11` varchar(100) default NULL,
  `DATA12` varchar(100) default NULL,
  `DATA13` varchar(100) default NULL,
  `DATA14` varchar(100) default NULL,
  `DATA15` varchar(100) default NULL,
  `DATA16` varchar(100) default NULL,
  `DATA17` varchar(100) default NULL,
  `DATA18` varchar(100) default NULL,
  `DATA19` varchar(100) default NULL,
  `DATA20` varchar(100) default NULL,
  `DATA21` varchar(100) default NULL,
  `DATA22` varchar(100) default NULL,
  `DATA23` varchar(100) default NULL,
  `DATA24` varchar(100) default NULL,
  `DATA25` varchar(100) default NULL,
  `DATA26` varchar(100) default NULL,
  `DATA27` varchar(100) default NULL,
  `DATA28` varchar(100) default NULL,
  `DATA29` varchar(100) default NULL,
  `DATA30` varchar(100) default NULL,
  `DATA31` varchar(100) default NULL,
  `DATA32` varchar(100) default NULL,
  `DATA33` varchar(100) default NULL,
  `DATA34` varchar(100) default NULL,
  `DATA35` varchar(100) default NULL,
  `DATA36` varchar(100) default NULL,
  `DATA37` varchar(100) default NULL,
  `DATA38` varchar(100) default NULL,
  `DATA39` varchar(100) default NULL,
  `DATA40` varchar(100) default NULL,
  `DATA41` varchar(100) default NULL,
  `DATA42` varchar(100) default NULL,
  `DATA43` varchar(100) default NULL,
  `DATA44` varchar(100) default NULL,
  `DATA45` varchar(100) default NULL,
  `DATA46` varchar(100) default NULL,
  `DATA47` varchar(100) default NULL,
  `DATA48` varchar(100) default NULL,
  `DATA49` varchar(100) default NULL,
  `DATA50` varchar(100) default NULL,
  UNIQUE KEY `CODE_ROW` (`CODE_ROW`)
) ENGINE=InnoDB DEFAULT CHARSET=utf8 AUTO_INCREMENT=1 ;

-- --------------------------------------------------------

--
-- Structure de la table `QC1_REP_EXT_FIELD`
--

CREATE TABLE IF NOT EXISTS `QC1_REP_EXT_FIELD` (
  `CODE_CONTAINER` decimal(38,0) NOT NULL,
  `CODE_FIELD` int(11) NOT NULL auto_increment,
  `NAME_FIELD` varchar(100) default NULL,
  `DESC_FIELD` varchar(500) default NULL,
  `INDEX_FIELD` decimal(38,0) NOT NULL,
  `TYPE_FIELD` char(1) default NULL,
  `TARGET_COLUMN` varchar(30) default NULL,
  `FLG_OPTIONAL` char(1) default NULL,
  `FLG_READ_ONLY` char(1) default NULL,
  `FLG_DAT` char(1) default NULL,
  `TGT_TABLE_NAME` varchar(30) default NULL,
  `TGT_TABLE_COLUMN` varchar(30) default NULL,
  `FLG_FAC` char(1) default NULL,
  `FLG_KEY_PURGE` char(1) default NULL,
  `TGT_KEY_DIM` varchar(30) default NULL,
  `FLG_AUTH_SECURITY` decimal(38,0) default '0',
  `FORMAT_FIELD` varchar(20) default NULL,
  `SPEC_CODE` varchar(15) default NULL,
  `PRI_CODE` varchar(15) default NULL,
  `ABS_CODE` varchar(15) default NULL,
  UNIQUE KEY `CODE_FIELD` (`CODE_FIELD`)
) ENGINE=InnoDB DEFAULT CHARSET=utf8 AUTO_INCREMENT=1 ;

-- --------------------------------------------------------

--
-- Structure de la table `QC1_REP_EXT_FILE`
--

CREATE TABLE IF NOT EXISTS `QC1_REP_EXT_FILE` (
  `CODE_CONTAINER` decimal(38,0) NOT NULL,
  `CODE_FILE` decimal(38,0) NOT NULL,
  `NAME_FILE` varchar(100) default NULL,
  `TYPE_FILE` char(4) default NULL,
  `UPLOAD_DATE` datetime default NULL,
  `UPLOAD_SOC` varchar(100) default NULL,
  `INTEGRATION_DATE` datetime default NULL,
  `INTEGRATION_STATUS` varchar(20) default NULL,
  `NB_ROWS` decimal(38,0) default NULL,
  `UPLOAD_STATUS` varchar(20) default NULL
) ENGINE=InnoDB DEFAULT CHARSET=utf8;

-- --------------------------------------------------------

--
-- Structure de la table `QC1_REP_LOG`
--

CREATE TABLE IF NOT EXISTS `QC1_REP_LOG` (
  `ID` int(11) NOT NULL auto_increment,
  `CODE_USER` int(11) NOT NULL,
  `ACTION` varchar(1000) NOT NULL,
  `TABLE_IMPACTED` varchar(1000) NOT NULL,
  `ID_IN_TABLE` int(11) NOT NULL,
  `FIELD_IN_TABLE` varchar(1000) NOT NULL,
  `SERIALIZED_ACTION` varchar(1000) default NULL,
  `EXECUTION_DATE` datetime NOT NULL,
  PRIMARY KEY  (`ID`)
) ENGINE=InnoDB  DEFAULT CHARSET=utf8 AUTO_INCREMENT=366 ;

--
-- Contenu de la table `QC1_REP_LOG`
--

INSERT INTO `QC1_REP_LOG` (`ID`, `CODE_USER`, `ACTION`, `TABLE_IMPACTED`, `ID_IN_TABLE`, `FIELD_IN_TABLE`, `SERIALIZED_ACTION`, `EXECUTION_DATE`) VALUES
(1, 26, 'UPDATE', 'QC1_EPE_CFG_FUSION', 50441, '', 'O:8:"stdClass":6:{s:11:"CODE_FUSION";s:5:"50441";s:11:"NAME_FUSION";s:14:"Fusion Contrat";s:11:"DESC_FUSION";N;s:12:"TARGET_TABLE";s:7:"CONTRAT";s:9:"FILE_NAME";N;s:11:"CODE_TALEND";s:7:"FUS_CTR";}', '0000-00-00 00:00:00'),
(2, 26, 'UPDATE', 'QC1_EPE_CFG_FUSION_HIST', 50780, 'FUSION_HIST', 'O:8:"stdClass":4:{s:11:"FUSION_HIST";s:5:"50780";s:11:"CODE_FUSION";s:5:"50440";s:9:"CODE_HIST";s:5:"50240";s:15:"FLG_MASTER_HIST";s:1:"0";}', '0000-00-00 00:00:00'),
(3, 26, 'UPDATE', 'QC1_EPE_CFG_FUSION_HIST', 50778, 'FUSION_HIST', 'O:8:"stdClass":4:{s:11:"FUSION_HIST";s:5:"50778";s:11:"CODE_FUSION";s:5:"50440";s:9:"CODE_HIST";s:5:"50428";s:15:"FLG_MASTER_HIST";s:1:"0";}', '0000-00-00 00:00:00'),
(4, 26, 'INSERT', 'QC1_REP_PRI_INDICATOR', 0, '', 'a:5:{s:14:"NAME_INDICATOR";s:3:"Nom";s:14:"DESC_INDICATOR";s:4:"Desc";s:12:"TARGET_FIELD";s:1:"2";s:9:"CODE_TYPE";s:4:"Type";s:9:"DESC_TYPE";s:8:"Libellé";}', '0000-00-00 00:00:00'),
(5, 26, 'INSERT', 'QC1_REP_SEN_FIELDS', 0, '', 'a:5:{s:8:"SEN_CODE";s:0:"";s:8:"SEN_NAME";s:4:"Test";s:8:"SEN_DESC";s:4:"Test";s:18:"SEN_CODE_SRC_FIELD";s:4:"3240";s:18:"SEN_CODE_TGT_FIELD";s:5:"50574";}', '0000-00-00 00:00:00'),
(6, 26, 'DELETE', 'QC1_REP_SEN_FIELDS', 50856, 'SEN_CODE', 'O:8:"stdClass":5:{s:8:"SEN_CODE";s:5:"50856";s:8:"SEN_NAME";s:4:"Test";s:8:"SEN_DESC";s:4:"Test";s:18:"SEN_CODE_SRC_FIELD";s:4:"3240";s:18:"SEN_CODE_TGT_FIELD";s:5:"50574";}', '0000-00-00 00:00:00'),
(7, 26, 'INSERT', 'QC1_REP_PRI_INDICATOR', 0, '', 'a:5:{s:14:"NAME_INDICATOR";s:8:"Test_IJN";s:14:"DESC_INDICATOR";s:8:"Test_IJN";s:12:"TARGET_FIELD";s:1:"1";s:9:"CODE_TYPE";s:0:"";s:9:"DESC_TYPE";s:0:"";}', '2015-04-10 15:14:00'),
(8, 26, 'UPDATE', 'QC1_REP_PRI_DEFINITION', 2, 'CODE_INDICATOR', 'O:8:"stdClass":9:{s:14:"CODE_INDICATOR";s:1:"2";s:12:"CODE_PR_RULE";N;s:12:"CODE_PR_ITEM";s:0:"";s:4:"SIGN";N;s:10:"FLG_NUMBER";N;s:17:"FLG_RATE_EMPLOYEE";N;s:17:"FLG_RATE_EMPLOYER";N;s:19:"FLG_AMOUNT_EMPLOYEE";N;s:19:"FLG_AMOUNT_EMPLOYER";N;}', '2015-04-10 15:15:04'),
(9, 26, 'UPDATE', 'QC1_REP_PRI_DEFINITION', 2, 'CODE_INDICATOR', 'O:8:"stdClass":9:{s:14:"CODE_INDICATOR";s:1:"2";s:12:"CODE_PR_RULE";N;s:12:"CODE_PR_ITEM";s:0:"";s:4:"SIGN";N;s:10:"FLG_NUMBER";N;s:17:"FLG_RATE_EMPLOYEE";N;s:17:"FLG_RATE_EMPLOYER";N;s:19:"FLG_AMOUNT_EMPLOYEE";N;s:19:"FLG_AMOUNT_EMPLOYER";N;}', '2015-04-10 15:15:24'),
(10, 26, 'UPDATE', 'QC1_REP_PRI_DEFINITION', 2, 'CODE_INDICATOR', 'O:8:"stdClass":9:{s:14:"CODE_INDICATOR";s:1:"2";s:12:"CODE_PR_RULE";N;s:12:"CODE_PR_ITEM";s:0:"";s:4:"SIGN";N;s:10:"FLG_NUMBER";N;s:17:"FLG_RATE_EMPLOYEE";N;s:17:"FLG_RATE_EMPLOYER";N;s:19:"FLG_AMOUNT_EMPLOYEE";N;s:19:"FLG_AMOUNT_EMPLOYER";N;}', '2015-04-10 15:15:46'),
(11, 26, 'INSERT', 'QC1_REP_SEN_FIELDS', 0, '', 'a:5:{s:8:"SEN_CODE";s:0:"";s:8:"SEN_NAME";s:3:"Age";s:8:"SEN_DESC";s:0:"";s:18:"SEN_CODE_SRC_FIELD";s:4:"3240";s:18:"SEN_CODE_TGT_FIELD";s:5:"50574";}', '2015-04-10 15:16:55'),
(12, 26, 'DELETE', 'QC1_REP_SEN_FIELDS', 50857, 'SEN_CODE', 'O:8:"stdClass":5:{s:8:"SEN_CODE";s:5:"50857";s:8:"SEN_NAME";s:3:"Age";s:8:"SEN_DESC";s:0:"";s:18:"SEN_CODE_SRC_FIELD";s:4:"3240";s:18:"SEN_CODE_TGT_FIELD";s:5:"50574";}', '2015-04-10 15:17:01'),
(13, 26, 'INSERT', 'QC1_REP_SEN_FIELDS', 0, '', 'a:5:{s:8:"SEN_CODE";s:0:"";s:8:"SEN_NAME";s:3:"Age";s:8:"SEN_DESC";s:0:"";s:18:"SEN_CODE_SRC_FIELD";s:4:"3240";s:18:"SEN_CODE_TGT_FIELD";s:5:"50574";}', '2015-04-10 15:24:03'),
(14, 26, 'DELETE', 'QC1_REP_SEN_FIELDS', 50858, 'SEN_CODE', 'O:8:"stdClass":5:{s:8:"SEN_CODE";s:5:"50858";s:8:"SEN_NAME";s:3:"Age";s:8:"SEN_DESC";s:0:"";s:18:"SEN_CODE_SRC_FIELD";s:4:"3240";s:18:"SEN_CODE_TGT_FIELD";s:5:"50574";}', '2015-04-10 15:24:08'),
(15, 26, 'INSERT', 'QC1_REP_SEN_FIELDS', 0, '', 'a:5:{s:8:"SEN_CODE";s:0:"";s:8:"SEN_NAME";s:3:"Age";s:8:"SEN_DESC";s:0:"";s:18:"SEN_CODE_SRC_FIELD";s:4:"3240";s:18:"SEN_CODE_TGT_FIELD";s:5:"50574";}', '2015-04-10 15:24:56'),
(16, 26, 'INSERT', 'QC1_REP_SEN_FIELDS', 0, '', 'a:5:{s:8:"SEN_CODE";s:0:"";s:8:"SEN_NAME";s:3:"Age";s:8:"SEN_DESC";s:0:"";s:18:"SEN_CODE_SRC_FIELD";s:4:"3240";s:18:"SEN_CODE_TGT_FIELD";s:5:"50574";}', '2015-04-10 15:25:28'),
(17, 26, 'INSERT', 'QC1_REP_SEN_FIELDS', 0, '', 'a:5:{s:8:"SEN_CODE";s:0:"";s:8:"SEN_NAME";s:3:"Age";s:8:"SEN_DESC";s:0:"";s:18:"SEN_CODE_SRC_FIELD";s:4:"3240";s:18:"SEN_CODE_TGT_FIELD";s:5:"50574";}', '2015-04-10 15:25:48'),
(18, 26, 'DELETE', 'QC1_REP_SEN_FIELDS', 50859, 'SEN_CODE', 'O:8:"stdClass":5:{s:8:"SEN_CODE";s:5:"50859";s:8:"SEN_NAME";s:3:"Age";s:8:"SEN_DESC";s:0:"";s:18:"SEN_CODE_SRC_FIELD";s:4:"3240";s:18:"SEN_CODE_TGT_FIELD";s:5:"50574";}', '2015-04-10 15:25:55'),
(19, 26, 'DELETE', 'QC1_REP_SEN_FIELDS', 50860, 'SEN_CODE', 'O:8:"stdClass":5:{s:8:"SEN_CODE";s:5:"50860";s:8:"SEN_NAME";s:3:"Age";s:8:"SEN_DESC";s:0:"";s:18:"SEN_CODE_SRC_FIELD";s:4:"3240";s:18:"SEN_CODE_TGT_FIELD";s:5:"50574";}', '2015-04-10 15:26:00'),
(20, 26, 'DELETE', 'QC1_REP_SEN_FIELDS', 50861, 'SEN_CODE', 'O:8:"stdClass":5:{s:8:"SEN_CODE";s:5:"50861";s:8:"SEN_NAME";s:3:"Age";s:8:"SEN_DESC";s:0:"";s:18:"SEN_CODE_SRC_FIELD";s:4:"3240";s:18:"SEN_CODE_TGT_FIELD";s:5:"50574";}', '2015-04-10 15:26:05'),
(21, 26, 'INSERT', 'QC1_REP_SEN_FIELDS', 0, '', 'a:5:{s:8:"SEN_CODE";s:0:"";s:8:"SEN_NAME";s:4:"Ages";s:8:"SEN_DESC";s:0:"";s:18:"SEN_CODE_SRC_FIELD";s:4:"3240";s:18:"SEN_CODE_TGT_FIELD";s:5:"50574";}', '2015-04-10 15:33:53'),
(22, 26, 'DELETE', 'QC1_REP_SEN_FIELDS', 50862, 'SEN_CODE', 'O:8:"stdClass":5:{s:8:"SEN_CODE";s:5:"50862";s:8:"SEN_NAME";s:4:"Ages";s:8:"SEN_DESC";s:0:"";s:18:"SEN_CODE_SRC_FIELD";s:4:"3240";s:18:"SEN_CODE_TGT_FIELD";s:5:"50574";}', '2015-04-10 15:33:58'),
(23, 26, 'UPDATE', 'QC1_REP_PRI_DEFINITION', 1, 'CODE_INDICATOR', 'O:8:"stdClass":9:{s:14:"CODE_INDICATOR";s:1:"1";s:12:"CODE_PR_RULE";N;s:12:"CODE_PR_ITEM";s:19:"CFR_ABATT_25_ARTIST";s:4:"SIGN";N;s:10:"FLG_NUMBER";N;s:17:"FLG_RATE_EMPLOYEE";N;s:17:"FLG_RATE_EMPLOYER";N;s:19:"FLG_AMOUNT_EMPLOYEE";N;s:19:"FLG_AMOUNT_EMPLOYER";N;}', '2015-04-13 14:12:00'),
(24, 26, 'INSERT', 'QC1_REP_PRI_INDICATOR', 0, '', 'a:5:{s:14:"NAME_INDICATOR";s:4:"BRUT";s:14:"DESC_INDICATOR";s:17:"Eléments du brut";s:12:"TARGET_FIELD";s:1:"2";s:9:"CODE_TYPE";s:2:"MS";s:9:"DESC_TYPE";s:15:"Masse salariale";}', '2015-04-13 14:16:23'),
(25, 26, 'UPDATE', 'QC1_REP_PRI_DEFINITION', 3, 'CODE_INDICATOR', 'O:8:"stdClass":9:{s:14:"CODE_INDICATOR";s:1:"3";s:12:"CODE_PR_RULE";N;s:12:"CODE_PR_ITEM";s:7:"SCO_NET";s:4:"SIGN";N;s:10:"FLG_NUMBER";N;s:17:"FLG_RATE_EMPLOYEE";N;s:17:"FLG_RATE_EMPLOYER";N;s:19:"FLG_AMOUNT_EMPLOYEE";N;s:19:"FLG_AMOUNT_EMPLOYER";N;}', '2015-04-13 14:17:30'),
(26, 26, 'INSERT', 'QC1_REP_PRI_INDICATOR', 0, '', 'a:5:{s:14:"NAME_INDICATOR";s:2:"HS";s:14:"DESC_INDICATOR";s:23:"Heures supplémentaires";s:12:"TARGET_FIELD";s:1:"2";s:9:"CODE_TYPE";s:3:"ACT";s:9:"DESC_TYPE";s:9:"Activité";}', '2015-04-13 14:19:21'),
(27, 26, 'UPDATE', 'QC1_REP_PRI_DEFINITION', 1, 'CODE_INDICATOR', 'O:8:"stdClass":9:{s:14:"CODE_INDICATOR";s:1:"1";s:12:"CODE_PR_RULE";N;s:12:"CODE_PR_ITEM";s:19:"CFR_ABATT_25_ARTIST";s:4:"SIGN";N;s:10:"FLG_NUMBER";N;s:17:"FLG_RATE_EMPLOYEE";N;s:17:"FLG_RATE_EMPLOYER";N;s:19:"FLG_AMOUNT_EMPLOYEE";N;s:19:"FLG_AMOUNT_EMPLOYER";N;}', '2015-04-13 14:19:43'),
(28, 26, 'UPDATE', 'QC1_REP_PRI_DEFINITION', 4, 'CODE_INDICATOR', 'O:8:"stdClass":9:{s:14:"CODE_INDICATOR";s:1:"4";s:12:"CODE_PR_RULE";N;s:12:"CODE_PR_ITEM";s:16:"CFR_HEURES_COMPL";s:4:"SIGN";N;s:10:"FLG_NUMBER";N;s:17:"FLG_RATE_EMPLOYEE";N;s:17:"FLG_RATE_EMPLOYER";N;s:19:"FLG_AMOUNT_EMPLOYEE";N;s:19:"FLG_AMOUNT_EMPLOYER";N;}', '2015-04-13 14:20:11'),
(29, 26, 'INSERT', 'QC1_REP_PRI_INDICATOR', 0, '', 'a:5:{s:14:"NAME_INDICATOR";s:3:"PRO";s:14:"DESC_INDICATOR";s:8:"test PRO";s:12:"TARGET_FIELD";s:1:"1";s:9:"CODE_TYPE";s:4:"TEST";s:9:"DESC_TYPE";s:8:"TEST PRO";}', '2015-04-13 14:27:28'),
(30, 26, 'UPDATE', 'QC1_REP_PRI_DEFINITION', 5, 'CODE_INDICATOR', 'O:8:"stdClass":9:{s:14:"CODE_INDICATOR";s:1:"5";s:12:"CODE_PR_RULE";s:5:"META4";s:12:"CODE_PR_ITEM";s:24:"SFR_BONUS_PAYED_BIYEARLY";s:4:"SIGN";N;s:10:"FLG_NUMBER";N;s:17:"FLG_RATE_EMPLOYEE";N;s:17:"FLG_RATE_EMPLOYER";N;s:19:"FLG_AMOUNT_EMPLOYEE";N;s:19:"FLG_AMOUNT_EMPLOYER";N;}', '2015-04-13 14:27:44'),
(31, 26, 'DELETE', 'QC1_REP_PRI_INDICATOR', 5, 'CODE_INDICATOR', 'O:8:"stdClass":26:{s:14:"CODE_INDICATOR";s:1:"5";s:14:"NAME_INDICATOR";s:3:"PRO";s:14:"DESC_INDICATOR";s:8:"test PRO";s:12:"TARGET_FIELD";s:1:"1";s:9:"CODE_TYPE";s:4:"TEST";s:9:"DESC_TYPE";s:8:"TEST PRO";s:7:"UDF_001";N;s:7:"UDF_002";N;s:7:"UDF_003";N;s:7:"UDF_004";N;s:7:"UDF_005";N;s:7:"UDF_006";N;s:7:"UDF_007";N;s:7:"UDF_008";N;s:7:"UDF_009";N;s:7:"UDF_010";N;s:7:"UDF_011";N;s:7:"UDF_012";N;s:7:"UDF_013";N;s:7:"UDF_014";N;s:7:"UDF_015";N;s:7:"UDF_016";N;s:7:"UDF_017";N;s:7:"UDF_018";N;s:7:"UDF_019";N;s:7:"UDF_020";N;}', '2015-04-13 14:28:25'),
(32, 26, 'DELETE', 'QC1_REP_PRI_DEFINITION', 5, 'CODE_INDICATOR', 'O:8:"stdClass":9:{s:14:"CODE_INDICATOR";s:1:"5";s:12:"CODE_PR_RULE";s:5:"META4";s:12:"CODE_PR_ITEM";s:24:"SFR_BONUS_PAYED_BIYEARLY";s:4:"SIGN";N;s:10:"FLG_NUMBER";N;s:17:"FLG_RATE_EMPLOYEE";N;s:17:"FLG_RATE_EMPLOYER";N;s:19:"FLG_AMOUNT_EMPLOYEE";N;s:19:"FLG_AMOUNT_EMPLOYER";N;}', '2015-04-13 14:28:25'),
(33, 26, 'UPDATE', 'QC1_EPE_CFG_FUSION', 50440, 'CODE_FUSION', 'O:8:"stdClass":6:{s:11:"CODE_FUSION";s:5:"50440";s:11:"NAME_FUSION";s:18:"Fusion Affectation";s:11:"DESC_FUSION";N;s:12:"TARGET_TABLE";s:11:"AFFECTATION";s:9:"FILE_NAME";N;s:11:"CODE_TALEND";s:7:"FUS_ASS";}', '2015-04-13 14:33:12'),
(34, 26, 'UPDATE', 'QC1_EPE_CFG_HIST', 50422, 'CODE_HIST', 'O:8:"stdClass":15:{s:9:"CODE_HIST";s:5:"50422";s:9:"NAME_HIST";s:17:"CLASSIFICATION_02";s:9:"DESC_HIST";N;s:9:"INDX_HIST";s:1:"2";s:10:"SRC_SYSTEM";N;s:8:"SRC_FILE";s:17:"CLASSIFICATION_02";s:12:"SRC_KEY_ITEM";s:14:"QC1_EMP_NUMBER";s:12:"SRC_KEY_HIST";s:14:"QC1_EMP_NUMBER";s:12:"SRC_BEG_DATE";s:16:"QC1_DAT_BEG_HIST";s:14:"SRC_BEG_REASON";N;s:13:"SRC_BEG_EVENT";N;s:12:"SRC_END_DATE";s:16:"QC1_DAT_END_HIST";s:14:"SRC_END_REASON";N;s:13:"SRC_END_EVENT";N;s:10:"SRC_FILTER";N;}', '2015-04-13 14:34:36'),
(35, 26, 'UPDATE', 'QC1_REP_PRI_DEFINITION', 3, 'CODE_INDICATOR', 'O:8:"stdClass":9:{s:14:"CODE_INDICATOR";s:1:"3";s:12:"CODE_PR_RULE";s:5:"META4";s:12:"CODE_PR_ITEM";s:24:"SFR_BONUS_PAYED_BIYEARLY";s:4:"SIGN";N;s:10:"FLG_NUMBER";N;s:17:"FLG_RATE_EMPLOYEE";N;s:17:"FLG_RATE_EMPLOYER";N;s:19:"FLG_AMOUNT_EMPLOYEE";N;s:19:"FLG_AMOUNT_EMPLOYER";N;}', '2015-04-13 14:54:44'),
(36, 26, 'UPDATE', 'QC1_EPE_CFG_HIST_FIELD', 0, 'CODE_FIELD', 'N;', '2015-04-13 15:46:33'),
(37, 26, 'INSERT', 'QC1_EPE_CFG_HIST_FIELD', 0, '', 'a:5:{s:13:"SOURCE_COLUMN";s:14:"QC1_EMP_NUMBER";s:13:"TARGET_COLUMN";s:14:"QC1_EMP_NUMBER";s:13:"FLG_KEY_FIELD";s:1:"1";s:10:"TYPE_FIELD";s:4:"Code";s:9:"CODE_HIST";s:5:"50312";}', '2015-04-13 15:47:37'),
(38, 26, 'INSERT', 'QC1_REP_SRC_FILE', 0, '', 'a:8:{s:9:"NAME_FILE";s:14:"ABSENCE_01.TXT";s:9:"DESC_FILE";s:14:"ABSENCE_01.TXT";s:11:"CODE_DOMAIN";s:2:"11";s:9:"CODE_CONN";s:0:"";s:8:"FILEPATH";s:32:"F:/QBIK_Solution/clt_val/src/FR/";s:11:"CODE_ORIGIN";s:0:"";s:8:"FLG_HIST";s:1:"1";s:7:"FLG_CVT";s:1:"1";}', '2015-04-14 12:59:31'),
(39, 26, 'INSERT', 'QC1_REP_SRC_FIELD', 0, '', 'a:4:{s:11:"INDEX_FIELD";s:1:"1";s:10:"NAME_FIELD";s:15:"QC1_ABS_UDF_001";s:10:"TYPE_FIELD";s:4:"Code";s:9:"CODE_FILE";s:1:"1";}', '2015-04-15 11:16:39'),
(40, 26, 'INSERT', 'QC1_REP_SRC_FIELD', 0, '', 'a:4:{s:11:"INDEX_FIELD";s:1:"2";s:10:"NAME_FIELD";s:14:"QC_REASON_CODE";s:10:"TYPE_FIELD";s:4:"Code";s:9:"CODE_FILE";s:1:"1";}', '2015-04-15 11:17:16'),
(41, 26, 'INSERT', 'QC1_REP_SRC_FIELD', 0, '', 'a:4:{s:11:"INDEX_FIELD";s:1:"3";s:10:"NAME_FIELD";s:15:"QC1_REASON_DESC";s:10:"TYPE_FIELD";s:8:"Libellé";s:9:"CODE_FILE";s:1:"1";}', '2015-04-15 11:18:17'),
(42, 26, 'INSERT', 'QC1_REP_MBI_INDICATOR', 0, '', 'a:4:{s:14:"NAME_INDICATOR";s:4:"Test";s:14:"DESC_INDICATOR";s:4:"test";s:11:"CODE_DOMAIN";s:1:"9";s:12:"TARGET_FIELD";s:15:"QC1_MOB_UDF_017";}', '2015-04-16 11:41:28'),
(43, 26, 'DELETE', 'QC1_REP_MBI_INDICATOR', 51206, 'CODE_INDICATOR', 'O:8:"stdClass":5:{s:14:"CODE_INDICATOR";s:5:"51206";s:14:"NAME_INDICATOR";s:4:"Test";s:14:"DESC_INDICATOR";s:4:"test";s:12:"TARGET_FIELD";s:15:"QC1_MOB_UDF_017";s:11:"CODE_DOMAIN";s:1:"9";}', '2015-04-16 11:43:43'),
(44, 26, 'DELETE', 'QC1_REP_MBI_DEFINITION', 51206, 'CODE_INDICATOR', 'N;', '2015-04-16 11:43:43'),
(45, 26, 'UPDATE', 'QC1_REP_MBI_INDICATOR', 50789, 'CODE_INDICATOR', 'O:8:"stdClass":5:{s:14:"CODE_INDICATOR";s:5:"50789";s:14:"NAME_INDICATOR";s:20:"CHANGEMENT D''ECHELON";s:14:"DESC_INDICATOR";s:86:"Cet indicateur permet de comptabiliser le nombre de salariés ayant changé d''échelon";s:12:"TARGET_FIELD";s:15:"QC1_MOB_UDF_011";s:11:"CODE_DOMAIN";s:1:"5";}', '2015-04-16 16:41:05'),
(46, 26, 'INSERT', 'QC1_REP_MBI_DEFINITION', 0, '', 'a:4:{s:14:"CODE_ATTRIBUTE";s:4:"2954";s:9:"MOD_FIELD";s:15:"QC1_CLS_TKH_003";s:8:"OPERATOR";s:2:"Ou";s:14:"CODE_INDICATOR";s:5:"50789";}', '2015-04-16 16:43:21'),
(47, 26, 'UPDATE', 'QC1_REP_MBI_DEFINITION', 50789, 'CODE_INDICATOR', 'O:8:"stdClass":4:{s:14:"CODE_INDICATOR";s:5:"50789";s:14:"CODE_ATTRIBUTE";s:4:"3012";s:9:"MOD_FIELD";s:15:"QC1_CLS_TKH_004";s:8:"OPERATOR";s:2:"Et";}', '2015-04-16 17:14:34'),
(48, 26, 'INSERT', 'QC1_REP_SRC_FILE', 0, '', 'a:8:{s:9:"NAME_FILE";s:14:"ABSENCE_01.TXT";s:9:"DESC_FILE";s:14:"ABSENCE_01.TXT";s:11:"CODE_DOMAIN";s:2:"11";s:9:"CODE_CONN";s:0:"";s:8:"FILEPATH";s:32:"F:/QBIK_Solution/clt_val/src/FR/";s:11:"CODE_ORIGIN";s:0:"";s:8:"FLG_HIST";s:1:"1";s:7:"FLG_CVT";s:1:"1";}', '2015-04-16 20:53:41'),
(49, 26, 'INSERT', 'QC1_REP_SRC_FIELD', 0, '', 'a:5:{s:11:"INDEX_FIELD";s:1:"1";s:10:"NAME_FIELD";s:4:"Test";s:10:"TYPE_FIELD";s:4:"Code";s:16:"FLG_DAT_BEG_HIST";s:1:"1";s:9:"CODE_FILE";s:1:"2";}', '2015-04-17 16:50:10'),
(50, 26, 'UPDATE', 'QC1_REP_SRC_FIELD', 2, 'CODE_FILE', 'O:8:"stdClass":7:{s:10:"CODE_FIELD";s:1:"4";s:9:"CODE_FILE";s:1:"2";s:10:"NAME_FIELD";s:4:"Test";s:10:"TYPE_FIELD";s:4:"Code";s:11:"INDEX_FIELD";s:1:"1";s:16:"FLG_DAT_BEG_HIST";s:1:"1";s:16:"FLG_DAT_END_HIST";N;}', '2015-04-17 16:55:57'),
(51, 26, 'UPDATE', 'QC1_REP_SRC_FIELD', 2, 'CODE_FILE', 'O:8:"stdClass":7:{s:10:"CODE_FIELD";s:1:"4";s:9:"CODE_FILE";s:1:"2";s:10:"NAME_FIELD";s:4:"Test";s:10:"TYPE_FIELD";s:4:"Code";s:11:"INDEX_FIELD";s:1:"1";s:16:"FLG_DAT_BEG_HIST";s:1:"1";s:16:"FLG_DAT_END_HIST";N;}', '2015-04-17 16:56:57'),
(52, 26, 'UPDATE', 'QC1_REP_SRC_FIELD', 2, 'CODE_FILE', 'O:8:"stdClass":7:{s:10:"CODE_FIELD";s:1:"4";s:9:"CODE_FILE";s:1:"2";s:10:"NAME_FIELD";s:4:"Test";s:10:"TYPE_FIELD";s:4:"Code";s:11:"INDEX_FIELD";s:1:"1";s:16:"FLG_DAT_BEG_HIST";s:1:"1";s:16:"FLG_DAT_END_HIST";N;}', '2015-04-17 16:57:31'),
(53, 26, 'INSERT', 'QC1_REP_RUN_JOB', 0, '', 'a:3:{s:8:"NAME_JOB";s:1:"a";s:8:"DESC_JOB";s:4:"RTes";s:7:"VERSION";s:4:"Test";}', '2015-04-20 15:38:22'),
(54, 26, 'DELETE', 'QC1_REP_RUN_JOB', 51221, 'CODE_JOB', 'O:8:"stdClass":4:{s:8:"CODE_JOB";s:5:"51221";s:8:"NAME_JOB";s:1:"a";s:8:"DESC_JOB";s:4:"RTes";s:7:"VERSION";s:4:"Test";}', '2015-04-20 15:39:15'),
(55, 26, 'INSERT', 'QC1_REP_RUN_SEQ', 0, '', 'a:10:{s:8:"NAME_SEQ";s:1:"A";s:8:"DESC_SEQ";s:1:"B";s:9:"SEQ_ORDER";s:1:"C";s:7:"PROJECT";s:1:"D";s:9:"CLASSPATH";s:1:"E";s:10:"JOB_FOLDER";s:1:"F";s:10:"LIB_FOLDER";s:1:"G";s:8:"FLG_EXEC";s:1:"1";s:8:"ERR_GOTO";s:5:"50475";s:4:"CONF";s:1:"H";}', '2015-04-20 15:44:56'),
(56, 26, 'UPDATE', 'QC1_REP_RUN_SEQ', 50484, 'CODE_SEQ', 'O:8:"stdClass":11:{s:8:"CODE_SEQ";s:5:"50484";s:8:"NAME_SEQ";s:1:"A";s:8:"DESC_SEQ";s:1:"B";s:9:"SEQ_ORDER";s:1:"0";s:7:"PROJECT";s:1:"D";s:9:"CLASSPATH";s:1:"E";s:10:"JOB_FOLDER";s:1:"F";s:10:"LIB_FOLDER";s:1:"G";s:8:"FLG_EXEC";s:1:"1";s:8:"ERR_GOTO";s:5:"50475";s:4:"CONF";s:1:"H";}', '2015-04-20 15:45:49'),
(57, 26, 'INSERT', 'QC1_REP_RUN_STEP', 0, '', 'a:13:{s:8:"CODE_JOB";s:5:"50497";s:9:"NAME_STEP";s:4:"Test";s:9:"DESC_STEP";s:1:"D";s:7:"PROJECT";s:3:"QSQ";s:9:"CLASSPATH";s:5:"SQQSQ";s:10:"JOB_FOLDER";s:6:"QQQQQQ";s:8:"JAVA_XMS";s:2:"SS";s:8:"JAVA_XMX";s:8:"ddDddddd";s:10:"STEP_ORDER";s:1:"0";s:8:"FLG_EXEC";s:1:"1";s:8:"FLG_STOP";s:1:"1";s:12:"STEP_CONTEXT";s:6:"bbbbbb";s:9:"$CODE_SEQ";s:5:"50484";}', '2015-04-20 15:46:21'),
(58, 26, 'INSERT', 'QC1_REP_RUN_STEP', 0, '', 'a:13:{s:8:"CODE_JOB";s:5:"50497";s:9:"NAME_STEP";s:4:"Test";s:9:"DESC_STEP";s:1:"D";s:7:"PROJECT";s:3:"QSQ";s:9:"CLASSPATH";s:5:"SQQSQ";s:10:"JOB_FOLDER";s:6:"QQQQQQ";s:8:"JAVA_XMS";s:2:"SS";s:8:"JAVA_XMX";s:8:"ddDddddd";s:10:"STEP_ORDER";s:1:"0";s:8:"FLG_EXEC";s:1:"1";s:8:"FLG_STOP";s:1:"1";s:12:"STEP_CONTEXT";s:6:"bbbbbb";s:8:"CODE_SEQ";s:5:"50484";}', '2015-04-20 15:46:48'),
(59, 26, 'UPDATE', 'QC1_REP_RUN_STEP', 51220, 'CODE_STEP', 'O:8:"stdClass":15:{s:8:"CODE_SEQ";s:5:"50484";s:9:"CODE_STEP";s:5:"51220";s:8:"CODE_JOB";s:5:"50497";s:9:"NAME_STEP";s:4:"Test";s:9:"DESC_STEP";s:1:"D";s:7:"PROJECT";s:3:"QSQ";s:9:"CLASSPATH";s:5:"SQQSQ";s:10:"JOB_FOLDER";s:6:"QQQQQQ";s:10:"LIB_FOLDER";N;s:8:"JAVA_XMS";s:2:"SS";s:8:"JAVA_XMX";s:8:"ddDddddd";s:10:"STEP_ORDER";s:1:"0";s:8:"FLG_EXEC";s:1:"1";s:8:"FLG_STOP";s:1:"1";s:12:"STEP_CONTEXT";s:6:"bbbbbb";}', '2015-04-20 15:50:38'),
(60, 26, 'DELETE', 'QC1_REP_RUN_SEQ', 50484, 'CODE_SEQ', 'O:8:"stdClass":11:{s:8:"CODE_SEQ";s:5:"50484";s:8:"NAME_SEQ";s:1:"B";s:8:"DESC_SEQ";s:1:"B";s:9:"SEQ_ORDER";s:1:"0";s:7:"PROJECT";s:1:"D";s:9:"CLASSPATH";s:1:"E";s:10:"JOB_FOLDER";s:1:"F";s:10:"LIB_FOLDER";s:1:"G";s:8:"FLG_EXEC";s:1:"1";s:8:"ERR_GOTO";s:5:"50475";s:4:"CONF";s:1:"H";}', '2015-04-20 15:51:19'),
(61, 26, 'DELETE', 'QC1_REP_RUN_SEQ', 50484, 'CODE_SEQ', 'O:8:"stdClass":11:{s:8:"CODE_SEQ";s:5:"50484";s:8:"NAME_SEQ";s:1:"B";s:8:"DESC_SEQ";s:1:"B";s:9:"SEQ_ORDER";s:1:"0";s:7:"PROJECT";s:1:"D";s:9:"CLASSPATH";s:1:"E";s:10:"JOB_FOLDER";s:1:"F";s:10:"LIB_FOLDER";s:1:"G";s:8:"FLG_EXEC";s:1:"1";s:8:"ERR_GOTO";s:5:"50475";s:4:"CONF";s:1:"H";}', '2015-04-20 15:51:43'),
(62, 26, 'DELETE', 'QC1_REP_RUN_STEP', 50484, 'CODE_SEQ', 'O:8:"stdClass":15:{s:8:"CODE_SEQ";s:5:"50484";s:9:"CODE_STEP";s:5:"51220";s:8:"CODE_JOB";s:5:"50497";s:9:"NAME_STEP";s:4:"Test";s:9:"DESC_STEP";s:1:"D";s:7:"PROJECT";s:3:"QSQ";s:9:"CLASSPATH";s:5:"SQQSQ";s:10:"JOB_FOLDER";s:6:"QQQQQQ";s:10:"LIB_FOLDER";s:3:"LIB";s:8:"JAVA_XMS";s:2:"SS";s:8:"JAVA_XMX";s:8:"ddDddddd";s:10:"STEP_ORDER";s:1:"0";s:8:"FLG_EXEC";s:1:"1";s:8:"FLG_STOP";s:1:"1";s:12:"STEP_CONTEXT";s:6:"bbbbbb";}', '2015-04-20 15:51:43'),
(63, 26, 'INSERT', 'QC1_REP_RUN_SEQ', 0, '', 'a:9:{s:8:"NAME_SEQ";s:4:"Test";s:8:"DESC_SEQ";s:0:"";s:9:"SEQ_ORDER";s:1:"0";s:7:"PROJECT";s:5:"fhgfh";s:9:"CLASSPATH";s:0:"";s:10:"JOB_FOLDER";s:6:"gfhfgh";s:10:"LIB_FOLDER";s:6:"fghfgh";s:8:"ERR_GOTO";s:0:"";s:4:"CONF";s:6:"ghfghf";}', '2015-04-20 15:52:09'),
(64, 26, 'INSERT', 'QC1_REP_RUN_STEP', 0, '', 'a:12:{s:8:"CODE_JOB";s:5:"50499";s:9:"NAME_STEP";s:4:"Test";s:9:"DESC_STEP";s:0:"";s:7:"PROJECT";s:4:"dfdf";s:9:"CLASSPATH";s:8:"fdsfdsfd";s:10:"JOB_FOLDER";s:7:"fdfdfdf";s:10:"LIB_FOLDER";s:3:"vdc";s:8:"JAVA_XMS";s:6:"fdvfdg";s:8:"JAVA_XMX";s:5:"fgfdg";s:10:"STEP_ORDER";s:1:"0";s:12:"STEP_CONTEXT";s:0:"";s:8:"CODE_SEQ";s:5:"50485";}', '2015-04-20 15:54:39'),
(65, 26, 'DELETE', 'QC1_REP_RUN_STEP', 51221, 'CODE_STEP', 'O:8:"stdClass":15:{s:8:"CODE_SEQ";s:5:"50485";s:9:"CODE_STEP";s:5:"51221";s:8:"CODE_JOB";s:5:"50499";s:9:"NAME_STEP";s:4:"Test";s:9:"DESC_STEP";s:0:"";s:7:"PROJECT";s:4:"dfdf";s:9:"CLASSPATH";s:8:"fdsfdsfd";s:10:"JOB_FOLDER";s:7:"fdfdfdf";s:10:"LIB_FOLDER";s:3:"vdc";s:8:"JAVA_XMS";s:6:"fdvfdg";s:8:"JAVA_XMX";s:5:"fgfdg";s:10:"STEP_ORDER";s:1:"0";s:8:"FLG_EXEC";N;s:8:"FLG_STOP";N;s:12:"STEP_CONTEXT";s:0:"";}', '2015-04-20 15:54:47'),
(66, 26, 'DELETE', 'QC1_REP_RUN_STEP', 51221, 'CODE_STEP', 'N;', '2015-04-20 15:58:32'),
(67, 26, 'INSERT', 'QC1_REP_SLC_DEFINITION', 0, '', 'a:4:{s:9:"CODE_USER";s:4:"Test";s:10:"NAME_SLICE";s:4:"TEST";s:10:"DESC_SLICE";s:8:"tefefefe";s:16:"CODE_SLICE_FIELD";s:2:"46";}', '2015-04-21 10:49:03'),
(68, 26, 'UPDATE', 'QC1_REP_SLC_DEFINITION', 51213, 'CODE_SLICE', 'O:8:"stdClass":5:{s:10:"CODE_SLICE";s:5:"51213";s:9:"CODE_USER";s:4:"Test";s:10:"NAME_SLICE";s:4:"TEST";s:10:"DESC_SLICE";s:8:"tefefefe";s:16:"CODE_SLICE_FIELD";s:2:"46";}', '2015-04-21 10:51:43'),
(69, 26, 'DELETE', 'QC1_REP_SLC_DEFINITION', 51213, 'CODE_SLICE', 'O:8:"stdClass":5:{s:10:"CODE_SLICE";s:5:"51213";s:9:"CODE_USER";s:4:"Test";s:10:"NAME_SLICE";s:4:"TEST";s:10:"DESC_SLICE";s:8:"tefefefe";s:16:"CODE_SLICE_FIELD";s:5:"51207";}', '2015-04-21 10:51:56'),
(70, 26, 'DELETE', 'QC1_REP_SLC_RULE', 51213, 'CODE_SLICE', 'N;', '2015-04-21 10:51:56'),
(71, 26, 'INSERT', 'QC1_REP_SLC_RULE', 0, '', 'a:6:{s:9:"NAME_RULE";s:1:"0";s:13:"LEFT_OPERATOR";s:1:">";s:10:"LEFT_VALUE";s:1:"1";s:14:"RIGHT_OPERATOR";s:1:"<";s:11:"RIGHT_VALUE";s:2:"10";s:10:"CODE_SLICE";b:0;}', '2015-04-21 11:24:49'),
(72, 26, 'INSERT', 'QC1_REP_SLC_RULE', 0, '', 'a:6:{s:9:"NAME_RULE";s:4:"Test";s:13:"LEFT_OPERATOR";s:2:"<=";s:10:"LEFT_VALUE";s:2:"85";s:14:"RIGHT_OPERATOR";s:2:"<=";s:11:"RIGHT_VALUE";s:3:"999";s:10:"CODE_SLICE";s:2:"22";}', '2015-04-21 11:27:58'),
(73, 26, 'DELETE', 'QC1_REP_SLC_RULE', 51220, 'CODE_RULE', 'O:8:"stdClass":7:{s:9:"CODE_RULE";s:5:"51220";s:10:"CODE_SLICE";s:2:"22";s:9:"NAME_RULE";s:4:"Test";s:13:"LEFT_OPERATOR";s:2:"<=";s:10:"LEFT_VALUE";s:2:"85";s:14:"RIGHT_OPERATOR";s:2:"<=";s:11:"RIGHT_VALUE";s:3:"999";}', '2015-04-21 11:29:33'),
(74, 26, 'INSERT', 'QC1_REP_SLC_RULE', 0, '', 'a:6:{s:9:"NAME_RULE";s:4:"Test";s:13:"LEFT_OPERATOR";s:1:">";s:10:"LEFT_VALUE";s:1:"1";s:14:"RIGHT_OPERATOR";s:1:"<";s:11:"RIGHT_VALUE";s:2:"10";s:10:"CODE_SLICE";s:2:"22";}', '2015-04-21 11:31:11'),
(75, 26, 'UPDATE', 'QC1_REP_SLC_RULE', 51219, 'CODE_RULE', 'O:8:"stdClass":7:{s:9:"CODE_RULE";s:5:"51219";s:10:"CODE_SLICE";s:2:"22";s:9:"NAME_RULE";s:1:"0";s:13:"LEFT_OPERATOR";s:1:">";s:10:"LEFT_VALUE";s:1:"1";s:14:"RIGHT_OPERATOR";s:1:"<";s:11:"RIGHT_VALUE";s:2:"10";}', '2015-04-21 11:31:42'),
(76, 26, 'DELETE', 'QC1_REP_SLC_RULE', 51219, 'CODE_RULE', 'O:8:"stdClass":7:{s:9:"CODE_RULE";s:5:"51219";s:10:"CODE_SLICE";s:2:"22";s:9:"NAME_RULE";s:3:"AAA";s:13:"LEFT_OPERATOR";s:1:">";s:10:"LEFT_VALUE";s:1:"1";s:14:"RIGHT_OPERATOR";s:1:"<";s:11:"RIGHT_VALUE";s:2:"10";}', '2015-04-21 11:31:49'),
(77, 26, 'DELETE', 'QC1_REP_SLC_RULE', 51221, 'CODE_RULE', 'O:8:"stdClass":7:{s:9:"CODE_RULE";s:5:"51221";s:10:"CODE_SLICE";s:2:"22";s:9:"NAME_RULE";s:4:"Test";s:13:"LEFT_OPERATOR";s:1:">";s:10:"LEFT_VALUE";s:1:"1";s:14:"RIGHT_OPERATOR";s:1:"<";s:11:"RIGHT_VALUE";s:2:"10";}', '2015-04-21 11:31:56'),
(78, 26, 'INSERT', 'QC1_REP_RUN_JOB', 0, '', 'a:3:{s:8:"NAME_JOB";s:4:"Test";s:8:"DESC_JOB";s:4:"Test";s:7:"VERSION";s:4:"Test";}', '2015-04-21 13:24:36'),
(79, 26, 'INSERT', 'QC1_REP_RUN_JOB', 0, '', 'a:3:{s:8:"NAME_JOB";s:5:"Test1";s:8:"DESC_JOB";s:4:"aaaa";s:7:"VERSION";s:5:"Test2";}', '2015-04-21 13:24:55'),
(80, 26, 'DELETE', 'QC1_REP_RUN_JOB', 51222, 'CODE_JOB', 'O:8:"stdClass":4:{s:8:"CODE_JOB";s:5:"51222";s:8:"NAME_JOB";s:5:"Test1";s:8:"DESC_JOB";s:4:"aaaa";s:7:"VERSION";s:5:"Test2";}', '2015-04-21 13:25:48'),
(81, 26, 'INSERT', 'QC1_REP_RUN_JOB', 0, '', 'a:3:{s:8:"NAME_JOB";s:6:"Teatea";s:8:"DESC_JOB";s:4:"raer";s:7:"VERSION";s:5:"aerea";}', '2015-04-21 13:25:59'),
(82, 26, 'DELETE', 'QC1_REP_RUN_JOB', 51221, 'CODE_JOB', 'O:8:"stdClass":4:{s:8:"CODE_JOB";s:5:"51221";s:8:"NAME_JOB";s:4:"Test";s:8:"DESC_JOB";s:4:"Test";s:7:"VERSION";s:4:"Test";}', '2015-04-21 13:26:14'),
(83, 26, 'DELETE', 'QC1_REP_RUN_JOB', 51223, 'CODE_JOB', 'O:8:"stdClass":4:{s:8:"CODE_JOB";s:5:"51223";s:8:"NAME_JOB";s:6:"Teatea";s:8:"DESC_JOB";s:4:"raer";s:7:"VERSION";s:5:"aerea";}', '2015-04-21 13:26:18'),
(84, 26, 'DELETE', 'QC1_REP_RUN_SEQ', 50485, 'CODE_SEQ', 'O:8:"stdClass":11:{s:8:"CODE_SEQ";s:5:"50485";s:8:"NAME_SEQ";s:4:"Test";s:8:"DESC_SEQ";s:0:"";s:9:"SEQ_ORDER";s:1:"0";s:7:"PROJECT";s:5:"fhgfh";s:9:"CLASSPATH";s:0:"";s:10:"JOB_FOLDER";s:6:"gfhfgh";s:10:"LIB_FOLDER";s:6:"fghfgh";s:8:"FLG_EXEC";N;s:8:"ERR_GOTO";s:0:"";s:4:"CONF";s:6:"ghfghf";}', '2015-04-21 13:27:08'),
(85, 26, 'DELETE', 'QC1_REP_RUN_STEP', 50485, 'CODE_SEQ', 'N;', '2015-04-21 13:27:08'),
(86, 26, 'INSERT', 'QC1_REP_RUN_SEQ', 0, '', 'a:10:{s:8:"NAME_SEQ";s:4:"Test";s:8:"DESC_SEQ";s:0:"";s:9:"SEQ_ORDER";s:2:"12";s:7:"PROJECT";s:4:"eaze";s:9:"CLASSPATH";s:0:"";s:10:"JOB_FOLDER";s:4:"aeaz";s:10:"LIB_FOLDER";s:4:"eaze";s:8:"FLG_EXEC";s:1:"1";s:8:"ERR_GOTO";s:5:"50481";s:4:"CONF";s:4:"ezae";}', '2015-04-21 13:27:54'),
(87, 26, 'UPDATE', 'QC1_REP_RUN_SEQ', 50486, 'CODE_SEQ', 'O:8:"stdClass":11:{s:8:"CODE_SEQ";s:5:"50486";s:8:"NAME_SEQ";s:4:"Test";s:8:"DESC_SEQ";s:0:"";s:9:"SEQ_ORDER";s:2:"12";s:7:"PROJECT";s:4:"eaze";s:9:"CLASSPATH";s:0:"";s:10:"JOB_FOLDER";s:4:"aeaz";s:10:"LIB_FOLDER";s:4:"eaze";s:8:"FLG_EXEC";s:1:"1";s:8:"ERR_GOTO";s:5:"50481";s:4:"CONF";s:4:"ezae";}', '2015-04-21 13:36:15'),
(88, 26, 'INSERT', 'QC1_REP_RUN_STEP', 0, '', 'a:13:{s:8:"CODE_JOB";s:2:"38";s:9:"NAME_STEP";s:5:"eazea";s:9:"DESC_STEP";s:0:"";s:7:"PROJECT";s:5:"zeaze";s:9:"CLASSPATH";s:3:"aze";s:10:"JOB_FOLDER";s:6:"zaeaze";s:10:"LIB_FOLDER";s:5:"azeza";s:8:"JAVA_XMS";s:3:"aze";s:8:"JAVA_XMX";s:3:"aze";s:10:"STEP_ORDER";s:1:"5";s:8:"FLG_EXEC";s:1:"1";s:12:"STEP_CONTEXT";s:4:"aeze";s:8:"CODE_SEQ";s:5:"50486";}', '2015-04-21 13:37:43'),
(89, 26, 'UPDATE', 'QC1_REP_RUN_STEP', 51221, 'CODE_STEP', 'O:8:"stdClass":15:{s:8:"CODE_SEQ";s:5:"50486";s:9:"CODE_STEP";s:5:"51221";s:8:"CODE_JOB";s:2:"38";s:9:"NAME_STEP";s:5:"eazea";s:9:"DESC_STEP";s:0:"";s:7:"PROJECT";s:5:"zeaze";s:9:"CLASSPATH";s:3:"aze";s:10:"JOB_FOLDER";s:6:"zaeaze";s:10:"LIB_FOLDER";s:5:"azeza";s:8:"JAVA_XMS";s:3:"aze";s:8:"JAVA_XMX";s:3:"aze";s:10:"STEP_ORDER";s:1:"5";s:8:"FLG_EXEC";s:1:"1";s:8:"FLG_STOP";N;s:12:"STEP_CONTEXT";s:4:"aeze";}', '2015-04-21 13:38:10'),
(90, 26, 'DELETE', 'QC1_REP_RUN_STEP', 51221, 'CODE_STEP', 'O:8:"stdClass":15:{s:8:"CODE_SEQ";s:5:"50486";s:9:"CODE_STEP";s:5:"51221";s:8:"CODE_JOB";s:2:"38";s:9:"NAME_STEP";s:5:"eazea";s:9:"DESC_STEP";s:0:"";s:7:"PROJECT";s:5:"zeaze";s:9:"CLASSPATH";s:3:"aze";s:10:"JOB_FOLDER";s:6:"zaeaze";s:10:"LIB_FOLDER";s:5:"azeza";s:8:"JAVA_XMS";s:3:"aze";s:8:"JAVA_XMX";s:10:"azeazeazea";s:10:"STEP_ORDER";s:1:"5";s:8:"FLG_EXEC";s:1:"1";s:8:"FLG_STOP";N;s:12:"STEP_CONTEXT";s:4:"aeze";}', '2015-04-21 13:38:14'),
(91, 26, 'DELETE', 'QC1_REP_RUN_SEQ', 50486, 'CODE_SEQ', 'O:8:"stdClass":11:{s:8:"CODE_SEQ";s:5:"50486";s:8:"NAME_SEQ";s:4:"Test";s:8:"DESC_SEQ";s:5:"aezae";s:9:"SEQ_ORDER";s:2:"12";s:7:"PROJECT";s:4:"eaze";s:9:"CLASSPATH";s:0:"";s:10:"JOB_FOLDER";s:4:"aeaz";s:10:"LIB_FOLDER";s:4:"eaze";s:8:"FLG_EXEC";s:1:"1";s:8:"ERR_GOTO";s:5:"50481";s:4:"CONF";s:4:"ezae";}', '2015-04-21 13:42:05'),
(92, 26, 'DELETE', 'QC1_REP_RUN_STEP', 50486, 'CODE_SEQ', 'N;', '2015-04-21 13:42:05'),
(93, 26, 'UPDATE', 'QC1_REP_RUN_JOB', 50496, 'CODE_JOB', 'O:8:"stdClass":4:{s:8:"CODE_JOB";s:5:"50496";s:8:"NAME_JOB";s:21:"DPA_01010101_EMPLOYEE";s:8:"DESC_JOB";N;s:7:"VERSION";s:25:"dpa_01010101_employee_1_0";}', '2015-04-21 14:13:48'),
(94, 26, 'UPDATE', 'QC1_REP_PRI_INDICATOR', 3, 'CODE_INDICATOR', 'O:8:"stdClass":26:{s:14:"CODE_INDICATOR";s:1:"3";s:14:"NAME_INDICATOR";s:4:"BRUT";s:14:"DESC_INDICATOR";s:17:"Eléments du brut";s:12:"TARGET_FIELD";s:1:"2";s:9:"CODE_TYPE";s:2:"MS";s:9:"DESC_TYPE";s:15:"Masse salariale";s:7:"UDF_001";N;s:7:"UDF_002";N;s:7:"UDF_003";N;s:7:"UDF_004";N;s:7:"UDF_005";N;s:7:"UDF_006";N;s:7:"UDF_007";N;s:7:"UDF_008";N;s:7:"UDF_009";N;s:7:"UDF_010";N;s:7:"UDF_011";N;s:7:"UDF_012";N;s:7:"UDF_013";N;s:7:"UDF_014";N;s:7:"UDF_015";N;s:7:"UDF_016";N;s:7:"UDF_017";N;s:7:"UDF_018";N;s:7:"UDF_019";N;s:7:"UDF_020";N;}', '2015-04-21 18:45:31'),
(95, 26, 'INSERT', 'QC1_REP_MTA_EXTENSION', 0, '', 'a:3:{s:14:"NAME_EXTENSION";s:4:"Test";s:14:"DESC_EXTENSION";s:0:"";s:11:"CODE_DOMAIN";s:1:"2";}', '2015-04-21 18:55:50'),
(96, 26, 'INSERT', 'QC1_REP_RUN_SEQ', 0, '', 'a:9:{s:8:"NAME_SEQ";s:6:"azeaze";s:8:"DESC_SEQ";s:5:"aeaze";s:9:"SEQ_ORDER";s:7:"azeazea";s:7:"PROJECT";s:5:"zeaze";s:9:"CLASSPATH";s:6:"azeaze";s:10:"JOB_FOLDER";s:5:"azeaz";s:10:"LIB_FOLDER";s:4:"eaze";s:8:"ERR_GOTO";s:1:"8";s:4:"CONF";s:3:"aze";}', '2015-04-24 15:10:16'),
(97, 26, 'DELETE', 'QC1_REP_RUN_SEQ', 50484, 'CODE_SEQ', 'O:8:"stdClass":11:{s:8:"CODE_SEQ";s:5:"50484";s:8:"NAME_SEQ";s:6:"azeaze";s:8:"DESC_SEQ";s:5:"aeaze";s:9:"SEQ_ORDER";s:1:"0";s:7:"PROJECT";s:5:"zeaze";s:9:"CLASSPATH";s:6:"azeaze";s:10:"JOB_FOLDER";s:5:"azeaz";s:10:"LIB_FOLDER";s:4:"eaze";s:8:"FLG_EXEC";N;s:8:"ERR_GOTO";s:1:"8";s:4:"CONF";s:3:"aze";}', '2015-04-24 15:10:57'),
(98, 26, 'DELETE', 'QC1_REP_RUN_STEP', 50484, 'CODE_SEQ', 'O:8:"stdClass":15:{s:8:"CODE_SEQ";s:5:"50484";s:9:"CODE_STEP";s:5:"51220";s:8:"CODE_JOB";s:5:"50497";s:9:"NAME_STEP";s:4:"Test";s:9:"DESC_STEP";s:1:"D";s:7:"PROJECT";s:3:"QSQ";s:9:"CLASSPATH";s:5:"SQQSQ";s:10:"JOB_FOLDER";s:6:"QQQQQQ";s:10:"LIB_FOLDER";s:3:"LIB";s:8:"JAVA_XMS";s:2:"SS";s:8:"JAVA_XMX";s:8:"ddDddddd";s:10:"STEP_ORDER";s:1:"0";s:8:"FLG_EXEC";s:1:"1";s:8:"FLG_STOP";s:1:"1";s:12:"STEP_CONTEXT";s:6:"bbbbbb";}', '2015-04-24 15:10:57'),
(99, 26, 'INSERT', 'QC1_REP_SLC_DEFINITION', 0, '', 'a:4:{s:9:"CODE_USER";s:5:"zarea";s:10:"NAME_SLICE";s:3:"ezr";s:10:"DESC_SLICE";s:3:"zer";s:16:"CODE_SLICE_FIELD";s:5:"51210";}', '2015-04-24 15:23:41'),
(100, 26, 'INSERT', 'QC1_REP_SLC_FIELD', 0, '', 'a:5:{s:16:"CODE_SLICE_FIELD";s:0:"";s:16:"NAME_SLICE_FIELD";s:5:"zaeaz";s:17:"NAME_FIELD_SOURCE";s:4:"eaze";s:17:"NAME_FIELD_TARGET";s:6:"azeaze";s:10:"NAME_TABLE";s:6:"zaeaze";}', '2015-04-24 15:33:52'),
(101, 26, 'UPDATE', 'QC1_REP_SLC_FIELD', 51212, 'CODE_SLICE_FIELD', 'O:8:"stdClass":5:{s:16:"CODE_SLICE_FIELD";s:5:"51212";s:16:"NAME_SLICE_FIELD";s:5:"zaeaz";s:17:"NAME_FIELD_SOURCE";s:4:"eaze";s:17:"NAME_FIELD_TARGET";s:6:"azeaze";s:10:"NAME_TABLE";s:6:"zaeaze";}', '2015-04-24 15:34:13'),
(102, 26, 'DELETE', 'QC1_REP_SLC_FIELD', 51212, 'CODE_SLICE_FIELD', 'O:8:"stdClass":5:{s:16:"CODE_SLICE_FIELD";s:5:"51212";s:16:"NAME_SLICE_FIELD";s:5:"zaeaz";s:17:"NAME_FIELD_SOURCE";s:4:"eaze";s:17:"NAME_FIELD_TARGET";s:10:"azeazeazea";s:10:"NAME_TABLE";s:6:"zaeaze";}', '2015-04-24 15:34:18'),
(103, 26, 'UPDATE', 'QC1_REP_SLC_FIELD', 51, 'CODE_SLICE_FIELD', 'O:8:"stdClass":5:{s:16:"CODE_SLICE_FIELD";s:2:"51";s:16:"NAME_SLICE_FIELD";s:17:"Absence - Défaut";s:17:"NAME_FIELD_SOURCE";s:20:"QC1_NB_ABS_DAY_TOTAL";s:17:"NAME_FIELD_TARGET";s:17:"QC1_ABS_SLICE_001";s:10:"NAME_TABLE";s:21:"QC1_DSA_FAC_M_ABSENCE";}', '2015-04-24 17:42:00'),
(104, 26, 'DELETE', 'QC1_REP_SLC_FIELD', 50857, 'CODE_SLICE_FIELD', 'O:8:"stdClass":5:{s:16:"CODE_SLICE_FIELD";s:5:"50857";s:16:"NAME_SLICE_FIELD";s:29:"Ancienneté Restaurant_SF_Sec";s:17:"NAME_FIELD_SOURCE";s:15:"QC1_SEN_VAL_009";s:17:"NAME_FIELD_TARGET";s:15:"QC1_SEN_SLC_009";s:10:"NAME_TABLE";s:23:"QC1_DSA_FAC_D_SENIORITY";}', '2015-04-24 17:42:03'),
(105, 26, 'INSERT', 'QC1_REP_SLC_DEFINITION', 0, '', 'a:4:{s:9:"CODE_USER";s:7:"ANC_PRO";s:10:"NAME_SLICE";s:23:"tranche ancienneté PRO";s:10:"DESC_SLICE";s:8:"test PRO";s:16:"CODE_SLICE_FIELD";s:2:"45";}', '2015-04-24 17:43:56'),
(106, 26, 'INSERT', 'QC1_REP_SLC_RULE', 0, '', 'a:6:{s:9:"NAME_RULE";s:15:"moins de 25 ans";s:13:"LEFT_OPERATOR";s:1:"<";s:10:"LEFT_VALUE";s:1:"0";s:14:"RIGHT_OPERATOR";s:2:"<=";s:11:"RIGHT_VALUE";s:2:"25";s:10:"CODE_SLICE";s:5:"51214";}', '2015-04-24 17:45:02'),
(107, 26, 'INSERT', 'QC1_REP_SLC_RULE', 0, '', 'a:6:{s:9:"NAME_RULE";s:14:"plus de 25 ans";s:13:"LEFT_OPERATOR";s:1:"<";s:10:"LEFT_VALUE";s:2:"25";s:14:"RIGHT_OPERATOR";s:2:"<=";s:11:"RIGHT_VALUE";s:3:"999";s:10:"CODE_SLICE";s:5:"51214";}', '2015-04-24 17:46:01'),
(108, 26, 'INSERT', 'QC1_REP_PRI_INDICATOR', 0, '', 'a:5:{s:14:"NAME_INDICATOR";s:2:"HC";s:14:"DESC_INDICATOR";s:12:"Heures compl";s:12:"TARGET_FIELD";s:1:"1";s:9:"CODE_TYPE";s:3:"ACT";s:9:"DESC_TYPE";s:9:"Activité";}', '2015-04-24 18:10:17'),
(109, 26, 'INSERT', 'QC1_REP_PRI_INDICATOR', 0, '', 'a:5:{s:14:"NAME_INDICATOR";s:6:"COTPAT";s:14:"DESC_INDICATOR";s:15:"Cotisations Pat";s:12:"TARGET_FIELD";s:1:"2";s:9:"CODE_TYPE";s:2:"MS";s:9:"DESC_TYPE";s:15:"Masse salariale";}', '2015-04-24 18:11:22'),
(110, 26, 'INSERT', 'QC1_REP_PRI_INDICATOR', 0, '', 'a:5:{s:14:"NAME_INDICATOR";s:3:"NET";s:14:"DESC_INDICATOR";s:12:"Net à payer";s:12:"TARGET_FIELD";s:1:"2";s:9:"CODE_TYPE";s:2:"MS";s:9:"DESC_TYPE";s:8:"Masse sa";}', '2015-04-24 18:11:42'),
(111, 26, 'UPDATE', 'QC1_REP_PRI_INDICATOR', 7, 'CODE_INDICATOR', 'O:8:"stdClass":26:{s:14:"CODE_INDICATOR";s:1:"7";s:14:"NAME_INDICATOR";s:3:"NET";s:14:"DESC_INDICATOR";s:12:"Net à payer";s:12:"TARGET_FIELD";s:1:"2";s:9:"CODE_TYPE";s:2:"MS";s:9:"DESC_TYPE";s:8:"Masse sa";s:7:"UDF_001";N;s:7:"UDF_002";N;s:7:"UDF_003";N;s:7:"UDF_004";N;s:7:"UDF_005";N;s:7:"UDF_006";N;s:7:"UDF_007";N;s:7:"UDF_008";N;s:7:"UDF_009";N;s:7:"UDF_010";N;s:7:"UDF_011";N;s:7:"UDF_012";N;s:7:"UDF_013";N;s:7:"UDF_014";N;s:7:"UDF_015";N;s:7:"UDF_016";N;s:7:"UDF_017";N;s:7:"UDF_018";N;s:7:"UDF_019";N;s:7:"UDF_020";N;}', '2015-04-24 18:11:53'),
(112, 26, 'UPDATE', 'QC1_REP_PRI_DEFINITION', 6, 'CODE_INDICATOR', 'O:8:"stdClass":9:{s:14:"CODE_INDICATOR";s:1:"6";s:12:"CODE_PR_RULE";s:5:"META4";s:12:"CODE_PR_ITEM";s:22:"SFR_BONUS_PAYED_YEARLY";s:4:"SIGN";N;s:10:"FLG_NUMBER";N;s:17:"FLG_RATE_EMPLOYEE";N;s:17:"FLG_RATE_EMPLOYER";N;s:19:"FLG_AMOUNT_EMPLOYEE";N;s:19:"FLG_AMOUNT_EMPLOYER";N;}', '2015-04-24 18:12:16'),
(113, 26, 'UPDATE', 'QC1_REP_PRI_DEFINITION', 7, 'CODE_INDICATOR', 'O:8:"stdClass":9:{s:14:"CODE_INDICATOR";s:1:"7";s:12:"CODE_PR_RULE";N;s:12:"CODE_PR_ITEM";s:7:"SCO_NET";s:4:"SIGN";N;s:10:"FLG_NUMBER";N;s:17:"FLG_RATE_EMPLOYEE";N;s:17:"FLG_RATE_EMPLOYER";N;s:19:"FLG_AMOUNT_EMPLOYEE";N;s:19:"FLG_AMOUNT_EMPLOYER";N;}', '2015-04-24 18:12:34'),
(114, 26, 'UPDATE', 'QC1_REP_MTA_EXTENSION', 50800, 'CODE_EXTENSION', 'O:8:"stdClass":64:{s:14:"CODE_EXTENSION";s:5:"50800";s:11:"CODE_DOMAIN";s:2:"11";s:16:"CODE_SRC_ATTR_01";s:1:"0";s:16:"CODE_SRC_ATTR_02";s:1:"0";s:16:"CODE_SRC_ATTR_03";s:1:"0";s:16:"CODE_SRC_ATTR_04";s:1:"0";s:16:"CODE_SRC_ATTR_05";N;s:16:"CODE_EXT_ATTR_01";s:1:"0";s:16:"CODE_EXT_ATTR_02";s:1:"0";s:16:"CODE_EXT_ATTR_03";s:4:"2814";s:16:"CODE_EXT_ATTR_04";N;s:16:"CODE_EXT_ATTR_05";N;s:20:"CODE_EXT_ATTR_01_LOV";N;s:20:"CODE_EXT_ATTR_02_LOV";N;s:20:"CODE_EXT_ATTR_03_LOV";N;s:20:"CODE_EXT_ATTR_04_LOV";N;s:20:"CODE_EXT_ATTR_05_LOV";N;s:14:"NAME_EXTENSION";s:5:"ABS01";s:14:"DESC_EXTENSION";s:7:"ABSENCE";s:16:"CODE_SRC_ATTR_06";N;s:16:"CODE_SRC_ATTR_07";N;s:16:"CODE_SRC_ATTR_08";N;s:16:"CODE_SRC_ATTR_09";N;s:16:"CODE_SRC_ATTR_10";N;s:16:"CODE_SRC_ATTR_11";N;s:16:"CODE_SRC_ATTR_12";N;s:16:"CODE_SRC_ATTR_13";N;s:16:"CODE_SRC_ATTR_14";N;s:16:"CODE_SRC_ATTR_15";N;s:16:"CODE_SRC_ATTR_16";N;s:16:"CODE_SRC_ATTR_17";N;s:16:"CODE_SRC_ATTR_18";N;s:16:"CODE_SRC_ATTR_19";N;s:16:"CODE_SRC_ATTR_20";N;s:16', '2015-04-24 18:15:54'),
(115, 26, 'INSERT', 'QC1_REP_MTA_EXTENSION', 0, '', 'a:7:{s:14:"NAME_EXTENSION";s:4:"PRO1";s:14:"DESC_EXTENSION";s:9:"test PRO1";s:11:"CODE_DOMAIN";s:1:"2";s:16:"CODE_SRC_ATTR_01";s:4:"3333";s:16:"CODE_SRC_ATTR_02";s:4:"3334";s:16:"CODE_EXT_ATTR_01";s:4:"3362";s:16:"CODE_EXT_ATTR_02";s:4:"3362";}', '2015-04-24 18:16:54'),
(116, 26, 'IMPORT', 'QC1_REP_MTA_RULE', 50804, 'CODE_SLICE', '', '2015-04-27 11:15:58'),
(117, 26, 'IMPORT', 'QC1_REP_SLC_RULE', 50804, 'CODE_SLICE', '', '2015-04-27 11:18:21'),
(118, 26, 'IMPORT', 'QC1_REP_SLC_RULE', 51214, 'CODE_SLICE', '', '2015-04-27 16:32:26'),
(119, 26, 'UPDATE', 'QC1_EPE_CFG_FUSION_HIST', 50451, 'FUSION_HIST', 'O:8:"stdClass":4:{s:11:"FUSION_HIST";s:5:"50451";s:11:"CODE_FUSION";s:5:"50441";s:9:"CODE_HIST";s:5:"50251";s:15:"FLG_MASTER_HIST";s:1:"0";}', '2015-04-28 12:20:00'),
(120, 26, 'UPDATE', 'QC1_EPE_CFG_FUSION_HIST', 50452, 'FUSION_HIST', 'O:8:"stdClass":4:{s:11:"FUSION_HIST";s:5:"50452";s:11:"CODE_FUSION";s:5:"50441";s:9:"CODE_HIST";s:5:"50267";s:15:"FLG_MASTER_HIST";s:1:"0";}', '2015-04-28 12:20:01'),
(121, 26, 'UPDATE', 'QC1_EPE_CFG_FUSION_HIST', 50452, 'FUSION_HIST', 'O:8:"stdClass":4:{s:11:"FUSION_HIST";s:5:"50452";s:11:"CODE_FUSION";s:5:"50441";s:9:"CODE_HIST";s:5:"50267";s:15:"FLG_MASTER_HIST";s:1:"1";}', '2015-04-28 12:20:15'),
(122, 26, 'UPDATE', 'QC1_EPE_CFG_FUSION_HIST', 50451, 'FUSION_HIST', 'O:8:"stdClass":4:{s:11:"FUSION_HIST";s:5:"50451";s:11:"CODE_FUSION";s:5:"50441";s:9:"CODE_HIST";s:5:"50251";s:15:"FLG_MASTER_HIST";s:1:"1";}', '2015-04-28 12:20:16'),
(123, 26, 'UPDATE', 'QC1_REP_MTA_EXTENSION', 50806, 'CODE_EXTENSION', 'O:8:"stdClass":64:{s:14:"CODE_EXTENSION";s:5:"50806";s:11:"CODE_DOMAIN";s:1:"2";s:16:"CODE_SRC_ATTR_01";N;s:16:"CODE_SRC_ATTR_02";N;s:16:"CODE_SRC_ATTR_03";N;s:16:"CODE_SRC_ATTR_04";N;s:16:"CODE_SRC_ATTR_05";N;s:16:"CODE_EXT_ATTR_01";N;s:16:"CODE_EXT_ATTR_02";N;s:16:"CODE_EXT_ATTR_03";N;s:16:"CODE_EXT_ATTR_04";N;s:16:"CODE_EXT_ATTR_05";N;s:20:"CODE_EXT_ATTR_01_LOV";N;s:20:"CODE_EXT_ATTR_02_LOV";N;s:20:"CODE_EXT_ATTR_03_LOV";N;s:20:"CODE_EXT_ATTR_04_LOV";N;s:20:"CODE_EXT_ATTR_05_LOV";N;s:14:"NAME_EXTENSION";s:4:"Test";s:14:"DESC_EXTENSION";s:0:"";s:16:"CODE_SRC_ATTR_06";N;s:16:"CODE_SRC_ATTR_07";N;s:16:"CODE_SRC_ATTR_08";N;s:16:"CODE_SRC_ATTR_09";N;s:16:"CODE_SRC_ATTR_10";N;s:16:"CODE_SRC_ATTR_11";N;s:16:"CODE_SRC_ATTR_12";N;s:16:"CODE_SRC_ATTR_13";N;s:16:"CODE_SRC_ATTR_14";N;s:16:"CODE_SRC_ATTR_15";N;s:16:"CODE_SRC_ATTR_16";N;s:16:"CODE_SRC_ATTR_17";N;s:16:"CODE_SRC_ATTR_18";N;s:16:"CODE_SRC_ATTR_19";N;s:16:"CODE_SRC_ATTR_20";N;s:16:"CODE_EXT_ATTR_06";N;s:16:"CODE_EXT_ATTR_07";N;s:16:"', '2015-04-28 12:21:27'),
(124, 26, 'UPDATE', 'QC1_REP_PRI_INDICATOR', 3, 'CODE_INDICATOR', 'O:8:"stdClass":26:{s:14:"CODE_INDICATOR";s:1:"3";s:14:"NAME_INDICATOR";s:4:"BRUT";s:14:"DESC_INDICATOR";s:17:"Eléments du brut";s:12:"TARGET_FIELD";s:1:"2";s:9:"CODE_TYPE";s:2:"MS";s:9:"DESC_TYPE";s:15:"Masse salariale";s:7:"UDF_001";N;s:7:"UDF_002";N;s:7:"UDF_003";N;s:7:"UDF_004";N;s:7:"UDF_005";N;s:7:"UDF_006";N;s:7:"UDF_007";N;s:7:"UDF_008";N;s:7:"UDF_009";N;s:7:"UDF_010";N;s:7:"UDF_011";N;s:7:"UDF_012";N;s:7:"UDF_013";N;s:7:"UDF_014";N;s:7:"UDF_015";N;s:7:"UDF_016";N;s:7:"UDF_017";N;s:7:"UDF_018";N;s:7:"UDF_019";N;s:7:"UDF_020";N;}', '2015-04-28 12:37:05'),
(125, 26, 'UPDATE', 'QC1_REP_PRI_INDICATOR', 3, 'CODE_INDICATOR', 'O:8:"stdClass":26:{s:14:"CODE_INDICATOR";s:1:"3";s:14:"NAME_INDICATOR";s:4:"BRUT";s:14:"DESC_INDICATOR";s:17:"Eléments du brut";s:12:"TARGET_FIELD";s:1:"2";s:9:"CODE_TYPE";s:2:"MS";s:9:"DESC_TYPE";s:16:"Masse salariales";s:7:"UDF_001";N;s:7:"UDF_002";N;s:7:"UDF_003";N;s:7:"UDF_004";N;s:7:"UDF_005";N;s:7:"UDF_006";N;s:7:"UDF_007";N;s:7:"UDF_008";N;s:7:"UDF_009";N;s:7:"UDF_010";N;s:7:"UDF_011";N;s:7:"UDF_012";N;s:7:"UDF_013";N;s:7:"UDF_014";N;s:7:"UDF_015";N;s:7:"UDF_016";N;s:7:"UDF_017";N;s:7:"UDF_018";N;s:7:"UDF_019";N;s:7:"UDF_020";N;}', '2015-04-28 12:37:28'),
(126, 26, 'UPDATE', 'QC1_REP_PRI_INDICATOR', 5, 'CODE_INDICATOR', 'O:8:"stdClass":26:{s:14:"CODE_INDICATOR";s:1:"5";s:14:"NAME_INDICATOR";s:2:"HC";s:14:"DESC_INDICATOR";s:12:"Heures compl";s:12:"TARGET_FIELD";s:1:"1";s:9:"CODE_TYPE";s:3:"ACT";s:9:"DESC_TYPE";s:9:"Activité";s:7:"UDF_001";N;s:7:"UDF_002";N;s:7:"UDF_003";N;s:7:"UDF_004";N;s:7:"UDF_005";N;s:7:"UDF_006";N;s:7:"UDF_007";N;s:7:"UDF_008";N;s:7:"UDF_009";N;s:7:"UDF_010";N;s:7:"UDF_011";N;s:7:"UDF_012";N;s:7:"UDF_013";N;s:7:"UDF_014";N;s:7:"UDF_015";N;s:7:"UDF_016";N;s:7:"UDF_017";N;s:7:"UDF_018";N;s:7:"UDF_019";N;s:7:"UDF_020";N;}', '2015-04-28 12:39:03'),
(127, 26, 'UPDATE', 'QC1_REP_PRI_INDICATOR', 3, 'CODE_INDICATOR', 'O:8:"stdClass":26:{s:14:"CODE_INDICATOR";s:1:"3";s:14:"NAME_INDICATOR";s:4:"BRUT";s:14:"DESC_INDICATOR";s:17:"Eléments du brut";s:12:"TARGET_FIELD";s:1:"2";s:9:"CODE_TYPE";s:2:"MS";s:9:"DESC_TYPE";s:18:"Masse salarialesss";s:7:"UDF_001";N;s:7:"UDF_002";N;s:7:"UDF_003";N;s:7:"UDF_004";N;s:7:"UDF_005";N;s:7:"UDF_006";N;s:7:"UDF_007";N;s:7:"UDF_008";N;s:7:"UDF_009";N;s:7:"UDF_010";N;s:7:"UDF_011";N;s:7:"UDF_012";N;s:7:"UDF_013";N;s:7:"UDF_014";N;s:7:"UDF_015";N;s:7:"UDF_016";N;s:7:"UDF_017";N;s:7:"UDF_018";N;s:7:"UDF_019";N;s:7:"UDF_020";N;}', '2015-04-28 12:39:49'),
(128, 26, 'UPDATE', 'QC1_REP_MTA_RULE', 51860, 'CODE_RULE', 'O:8:"stdClass":42:{s:9:"CODE_RULE";s:5:"51860";s:14:"CODE_EXTENSION";s:5:"50802";s:17:"SRC_ATTR_01_VALUE";s:2:"DC";s:17:"SRC_ATTR_02_VALUE";s:5:"DECES";s:17:"SRC_ATTR_03_VALUE";s:11:"Non défini";s:17:"SRC_ATTR_04_VALUE";s:11:"Non défini";s:17:"SRC_ATTR_05_VALUE";s:11:"Non défini";s:17:"EXT_ATTR_01_VALUE";s:2:"01";s:17:"EXT_ATTR_02_VALUE";s:5:"DECES";s:17:"EXT_ATTR_03_VALUE";s:2:"02";s:17:"EXT_ATTR_04_VALUE";s:5:"DECES";s:17:"EXT_ATTR_05_VALUE";s:2:"03";s:17:"SRC_ATTR_06_VALUE";s:11:"Non défini";s:17:"SRC_ATTR_07_VALUE";s:11:"Non défini";s:17:"SRC_ATTR_08_VALUE";s:11:"Non défini";s:17:"SRC_ATTR_09_VALUE";s:11:"Non défini";s:17:"SRC_ATTR_10_VALUE";s:11:"Non défini";s:17:"SRC_ATTR_11_VALUE";s:11:"Non défini";s:17:"SRC_ATTR_12_VALUE";s:11:"Non défini";s:17:"SRC_ATTR_13_VALUE";s:11:"Non défini";s:17:"SRC_ATTR_14_VALUE";s:11:"Non défini";s:17:"SRC_ATTR_15_VALUE";s:11:"Non défini";s:17:"SRC_ATTR_16_VALUE";s:11:"Non défini";s:17:"SRC_ATTR_17_VALUE";s:11:"Non défini";s:17:"SRC_ATTR_18_VALUE";s:', '2015-04-28 13:10:01'),
(129, 26, 'INSERT', 'QC1_REP_SLC_FIELD', 0, '', 'a:5:{s:16:"CODE_SLICE_FIELD";s:0:"";s:16:"NAME_SLICE_FIELD";s:8:"Test AAA";s:17:"NAME_FIELD_SOURCE";s:4:"AAAA";s:17:"NAME_FIELD_TARGET";s:4:"0001";s:10:"NAME_TABLE";s:4:"0004";}', '2015-04-28 13:10:56'),
(130, 26, 'DELETE', 'QC1_REP_PRI_INDICATOR', 2, 'CODE_INDICATOR', 'O:8:"stdClass":26:{s:14:"CODE_INDICATOR";s:1:"2";s:14:"NAME_INDICATOR";s:8:"Test_IJN";s:14:"DESC_INDICATOR";s:8:"Test_IJN";s:12:"TARGET_FIELD";s:1:"1";s:9:"CODE_TYPE";s:0:"";s:9:"DESC_TYPE";s:0:"";s:7:"UDF_001";N;s:7:"UDF_002";N;s:7:"UDF_003";N;s:7:"UDF_004";N;s:7:"UDF_005";N;s:7:"UDF_006";N;s:7:"UDF_007";N;s:7:"UDF_008";N;s:7:"UDF_009";N;s:7:"UDF_010";N;s:7:"UDF_011";N;s:7:"UDF_012";N;s:7:"UDF_013";N;s:7:"UDF_014";N;s:7:"UDF_015";N;s:7:"UDF_016";N;s:7:"UDF_017";N;s:7:"UDF_018";N;s:7:"UDF_019";N;s:7:"UDF_020";N;}', '2015-04-28 13:22:53'),
(131, 26, 'DELETE', 'QC1_REP_PRI_DEFINITION', 2, 'CODE_INDICATOR', 'N;', '2015-04-28 13:22:53'),
(132, 26, 'INSERT', 'QC1_REP_MBI_INDICATOR', 0, '', 'a:4:{s:14:"NAME_INDICATOR";s:10:"A Test NSI";s:14:"DESC_INDICATOR";s:10:"A Test NSI";s:11:"CODE_DOMAIN";s:1:"2";s:12:"TARGET_FIELD";s:15:"QC1_MOB_UDF_036";}', '2015-04-28 13:28:05'),
(133, 26, 'INSERT', 'QC1_REP_MBI_DEFINITION', 0, '', 'a:4:{s:14:"CODE_ATTRIBUTE";s:4:"3320";s:9:"MOD_FIELD";s:15:"QC1_EMP_TKH_006";s:8:"OPERATOR";s:2:"Et";s:14:"CODE_INDICATOR";s:5:"51206";}', '2015-04-28 13:28:22'),
(134, 26, 'INSERT', 'QC1_REP_MTA_EXTENSION', 0, '', 'a:9:{s:14:"NAME_EXTENSION";s:12:"AAA Test NSI";s:14:"DESC_EXTENSION";s:4:"aaaa";s:11:"CODE_DOMAIN";s:1:"5";s:16:"CODE_SRC_ATTR_01";s:4:"3002";s:16:"CODE_SRC_ATTR_02";s:4:"2977";s:16:"CODE_SRC_ATTR_03";s:4:"2958";s:16:"CODE_SRC_ATTR_04";s:4:"2959";s:16:"CODE_EXT_ATTR_01";s:4:"2986";s:16:"CODE_EXT_ATTR_02";s:4:"2987";}', '2015-04-28 13:31:18'),
(135, 26, 'INSERT', 'QC1_REP_SLC_FIELD', 0, '', 'a:5:{s:16:"CODE_SLICE_FIELD";s:0:"";s:16:"NAME_SLICE_FIELD";s:8:"Test BBB";s:17:"NAME_FIELD_SOURCE";s:3:"BBB";s:17:"NAME_FIELD_TARGET";s:3:"ABC";s:10:"NAME_TABLE";s:3:"ABC";}', '2015-04-28 14:02:28'),
(136, 26, 'UPDATE', 'QC1_REP_SLC_FIELD', 51213, 'CODE_SLICE_FIELD', 'O:8:"stdClass":5:{s:16:"CODE_SLICE_FIELD";s:5:"51213";s:16:"NAME_SLICE_FIELD";s:8:"Test BBB";s:17:"NAME_FIELD_SOURCE";s:3:"BBB";s:17:"NAME_FIELD_TARGET";s:3:"ABC";s:10:"NAME_TABLE";s:3:"ABC";}', '2015-04-28 14:02:50'),
(137, 26, 'DELETE', 'QC1_REP_SLC_FIELD', 51213, 'CODE_SLICE_FIELD', 'O:8:"stdClass":5:{s:16:"CODE_SLICE_FIELD";s:5:"51213";s:16:"NAME_SLICE_FIELD";s:11:"Test BBBAAA";s:17:"NAME_FIELD_SOURCE";s:3:"BBB";s:17:"NAME_FIELD_TARGET";s:3:"ABC";s:10:"NAME_TABLE";s:3:"ABC";}', '2015-04-28 14:03:05'),
(138, 26, 'UPDATE', 'QC1_REP_PRI_DEFINITION', 3, 'CODE_INDICATOR', 'O:8:"stdClass":9:{s:14:"CODE_INDICATOR";s:1:"3";s:12:"CODE_PR_RULE";s:5:"META4";s:12:"CODE_PR_ITEM";s:24:"SFR_BONUS_PAYED_BIYEARLY";s:4:"SIGN";N;s:10:"FLG_NUMBER";N;s:17:"FLG_RATE_EMPLOYEE";N;s:17:"FLG_RATE_EMPLOYER";N;s:19:"FLG_AMOUNT_EMPLOYEE";N;s:19:"FLG_AMOUNT_EMPLOYER";N;}', '2015-04-28 14:03:49'),
(139, 26, 'UPDATE', 'QC1_REP_PRI_DEFINITION', 6, 'CODE_INDICATOR', 'O:8:"stdClass":9:{s:14:"CODE_INDICATOR";s:1:"6";s:12:"CODE_PR_RULE";s:5:"META4";s:12:"CODE_PR_ITEM";s:22:"SFR_BONUS_PAYED_YEARLY";s:4:"SIGN";N;s:10:"FLG_NUMBER";N;s:17:"FLG_RATE_EMPLOYEE";N;s:17:"FLG_RATE_EMPLOYER";N;s:19:"FLG_AMOUNT_EMPLOYEE";N;s:19:"FLG_AMOUNT_EMPLOYER";N;}', '2015-04-28 14:04:14'),
(140, 26, 'UPDATE', 'QC1_REP_PRI_DEFINITION', 6, 'CODE_INDICATOR', 'O:8:"stdClass":9:{s:14:"CODE_INDICATOR";s:1:"6";s:12:"CODE_PR_RULE";s:5:"META4";s:12:"CODE_PR_ITEM";s:22:"SFR_BONUS_PAYED_YEARLY";s:4:"SIGN";N;s:10:"FLG_NUMBER";N;s:17:"FLG_RATE_EMPLOYEE";N;s:17:"FLG_RATE_EMPLOYER";N;s:19:"FLG_AMOUNT_EMPLOYEE";N;s:19:"FLG_AMOUNT_EMPLOYER";N;}', '2015-04-28 14:04:30'),
(141, 26, 'UPDATE', 'QC1_REP_PRI_DEFINITION', 6, 'CODE_INDICATOR', 'O:8:"stdClass":9:{s:14:"CODE_INDICATOR";s:1:"6";s:12:"CODE_PR_RULE";s:5:"META4";s:12:"CODE_PR_ITEM";s:22:"SFR_BONUS_PAYED_YEARLY";s:4:"SIGN";N;s:10:"FLG_NUMBER";N;s:17:"FLG_RATE_EMPLOYEE";N;s:17:"FLG_RATE_EMPLOYER";N;s:19:"FLG_AMOUNT_EMPLOYEE";N;s:19:"FLG_AMOUNT_EMPLOYER";N;}', '2015-04-28 14:04:56'),
(142, 26, 'UPDATE', 'QC1_REP_PRI_DEFINITION', 3, 'CODE_INDICATOR', 'O:8:"stdClass":9:{s:14:"CODE_INDICATOR";s:1:"3";s:12:"CODE_PR_RULE";s:5:"META4";s:12:"CODE_PR_ITEM";s:19:"CFR_ABATT_20_ARTIST";s:4:"SIGN";N;s:10:"FLG_NUMBER";N;s:17:"FLG_RATE_EMPLOYEE";N;s:17:"FLG_RATE_EMPLOYER";N;s:19:"FLG_AMOUNT_EMPLOYEE";N;s:19:"FLG_AMOUNT_EMPLOYER";N;}', '2015-04-28 14:05:44'),
(143, 26, 'UPDATE', 'QC1_REP_PRI_INDICATOR', 1, 'CODE_INDICATOR', 'O:8:"stdClass":26:{s:14:"CODE_INDICATOR";s:1:"1";s:14:"NAME_INDICATOR";s:3:"Nom";s:14:"DESC_INDICATOR";s:4:"Desc";s:12:"TARGET_FIELD";s:1:"2";s:9:"CODE_TYPE";s:4:"Type";s:9:"DESC_TYPE";s:8:"Libellé";s:7:"UDF_001";N;s:7:"UDF_002";N;s:7:"UDF_003";N;s:7:"UDF_004";N;s:7:"UDF_005";N;s:7:"UDF_006";N;s:7:"UDF_007";N;s:7:"UDF_008";N;s:7:"UDF_009";N;s:7:"UDF_010";N;s:7:"UDF_011";N;s:7:"UDF_012";N;s:7:"UDF_013";N;s:7:"UDF_014";N;s:7:"UDF_015";N;s:7:"UDF_016";N;s:7:"UDF_017";N;s:7:"UDF_018";N;s:7:"UDF_019";N;s:7:"UDF_020";N;}', '2015-04-28 14:06:36'),
(144, 26, 'UPDATE', 'QC1_REP_PRI_DEFINITION', 1, 'CODE_INDICATOR', 'O:8:"stdClass":9:{s:14:"CODE_INDICATOR";s:1:"1";s:12:"CODE_PR_RULE";N;s:12:"CODE_PR_ITEM";s:19:"CFR_ABATT_25_ARTIST";s:4:"SIGN";N;s:10:"FLG_NUMBER";N;s:17:"FLG_RATE_EMPLOYEE";N;s:17:"FLG_RATE_EMPLOYER";N;s:19:"FLG_AMOUNT_EMPLOYEE";N;s:19:"FLG_AMOUNT_EMPLOYER";N;}', '2015-04-28 14:06:55'),
(145, 26, 'UPDATE', 'QC1_REP_PRI_DEFINITION', 1, 'CODE_INDICATOR', 'O:8:"stdClass":9:{s:14:"CODE_INDICATOR";s:1:"1";s:12:"CODE_PR_RULE";N;s:12:"CODE_PR_ITEM";s:19:"CFR_ABATT_25_ARTIST";s:4:"SIGN";N;s:10:"FLG_NUMBER";N;s:17:"FLG_RATE_EMPLOYEE";N;s:17:"FLG_RATE_EMPLOYER";N;s:19:"FLG_AMOUNT_EMPLOYEE";N;s:19:"FLG_AMOUNT_EMPLOYER";N;}', '2015-04-28 14:07:14'),
(146, 26, 'UPDATE', 'QC1_REP_PRI_DEFINITION', 3, 'CODE_INDICATOR', 'O:8:"stdClass":9:{s:14:"CODE_INDICATOR";s:1:"3";s:12:"CODE_PR_RULE";s:5:"META4";s:12:"CODE_PR_ITEM";s:19:"CFR_ABATT_20_ARTIST";s:4:"SIGN";N;s:10:"FLG_NUMBER";N;s:17:"FLG_RATE_EMPLOYEE";N;s:17:"FLG_RATE_EMPLOYER";N;s:19:"FLG_AMOUNT_EMPLOYEE";N;s:19:"FLG_AMOUNT_EMPLOYER";N;}', '2015-04-28 14:07:35'),
(147, 26, 'UPDATE', 'QC1_REP_PRI_DEFINITION', 3, 'CODE_INDICATOR', 'O:8:"stdClass":9:{s:14:"CODE_INDICATOR";s:1:"3";s:12:"CODE_PR_RULE";s:5:"META4";s:12:"CODE_PR_ITEM";s:19:"CFR_ABATT_20_ARTIST";s:4:"SIGN";N;s:10:"FLG_NUMBER";N;s:17:"FLG_RATE_EMPLOYEE";N;s:17:"FLG_RATE_EMPLOYER";N;s:19:"FLG_AMOUNT_EMPLOYEE";N;s:19:"FLG_AMOUNT_EMPLOYER";N;}', '2015-04-28 14:08:19'),
(148, 26, 'UPDATE', 'QC1_REP_PRI_DEFINITION', 3, 'CODE_INDICATOR', 'O:8:"stdClass":9:{s:14:"CODE_INDICATOR";s:1:"3";s:12:"CODE_PR_RULE";s:5:"META4";s:12:"CODE_PR_ITEM";s:19:"CFR_ABATT_20_ARTIST";s:4:"SIGN";N;s:10:"FLG_NUMBER";N;s:17:"FLG_RATE_EMPLOYEE";N;s:17:"FLG_RATE_EMPLOYER";N;s:19:"FLG_AMOUNT_EMPLOYEE";N;s:19:"FLG_AMOUNT_EMPLOYER";N;}', '2015-04-28 14:47:20'),
(149, 26, 'UPDATE', 'QC1_REP_PRI_DEFINITION', 3, 'CODE_INDICATOR', 'O:8:"stdClass":9:{s:14:"CODE_INDICATOR";s:1:"3";s:12:"CODE_PR_RULE";N;s:12:"CODE_PR_ITEM";s:0:"";s:4:"SIGN";N;s:10:"FLG_NUMBER";N;s:17:"FLG_RATE_EMPLOYEE";N;s:17:"FLG_RATE_EMPLOYER";N;s:19:"FLG_AMOUNT_EMPLOYEE";N;s:19:"FLG_AMOUNT_EMPLOYER";N;}', '2015-04-28 14:50:51'),
(150, 26, 'UPDATE', 'QC1_REP_PRI_DEFINITION', 3, 'CODE_INDICATOR', 'O:8:"stdClass":9:{s:14:"CODE_INDICATOR";s:1:"3";s:12:"CODE_PR_RULE";N;s:12:"CODE_PR_ITEM";s:19:"CFR_ABATT_20_ARTIST";s:4:"SIGN";N;s:10:"FLG_NUMBER";N;s:17:"FLG_RATE_EMPLOYEE";N;s:17:"FLG_RATE_EMPLOYER";N;s:19:"FLG_AMOUNT_EMPLOYEE";N;s:19:"FLG_AMOUNT_EMPLOYER";N;}', '2015-04-28 14:51:07'),
(151, 26, 'INSERT', 'QC1_REP_SRC_FILE', 0, '', 'a:10:{s:9:"NAME_FILE";s:14:"EMPLOYE_PRO_01";s:9:"DESC_FILE";s:17:"Employé test PRO";s:11:"CODE_DOMAIN";s:1:"2";s:9:"CODE_CONN";s:1:"1";s:8:"FILEPATH";s:15:"Accès/test PRO";s:11:"CODE_ORIGIN";s:1:"1";s:12:"FLG_OPTIONAL";s:1:"1";s:13:"FLG_DUPLICATE";s:1:"1";s:8:"FLG_HIST";s:1:"1";s:7:"FLG_CVT";s:1:"1";}', '2015-04-28 14:53:25'),
(152, 26, 'INSERT', 'QC1_REP_SRC_FILE', 0, '', 'a:8:{s:9:"NAME_FILE";s:14:"CONTRAT_PRO_01";s:9:"DESC_FILE";s:16:"contrat test pro";s:11:"CODE_DOMAIN";s:1:"3";s:9:"CODE_CONN";s:1:"1";s:8:"FILEPATH";s:8:"test/PRO";s:11:"CODE_ORIGIN";s:1:"2";s:13:"FLG_DUPLICATE";s:1:"1";s:8:"FLG_HIST";s:1:"1";}', '2015-04-28 14:59:57'),
(153, 26, 'DELETE', 'QC1_REP_SRC_FILE', 4, 'CODE_FILE', 'O:8:"stdClass":11:{s:9:"CODE_FILE";s:1:"4";s:9:"CODE_CONN";s:1:"1";s:11:"CODE_DOMAIN";s:1:"3";s:9:"NAME_FILE";s:14:"CONTRAT_PRO_01";s:9:"DESC_FILE";s:16:"contrat test pro";s:8:"FILEPATH";s:8:"test/PRO";s:12:"FLG_OPTIONAL";N;s:13:"FLG_DUPLICATE";s:1:"1";s:8:"FLG_HIST";s:1:"1";s:7:"FLG_CVT";N;s:11:"CODE_ORIGIN";s:1:"2";}', '2015-04-28 15:00:18'),
(154, 26, 'INSERT', 'QC1_EPE_CFG_HIST', 0, '', 'a:5:{s:9:"NAME_HIST";s:14:"EMPLOYE_PRO_01";s:9:"DESC_HIST";s:18:"histo employé PRO";s:9:"INDX_HIST";s:1:"1";s:10:"SRC_SYSTEM";s:14:"EMPLOYE_01-HRA";s:8:"SRC_FILE";s:10:"EMPLOYE_01";}', '2015-04-28 15:07:05'),
(155, 26, 'INSERT', 'QC1_REP_SRC_FIELD', 0, '', 'a:4:{s:11:"INDEX_FIELD";s:1:"1";s:10:"NAME_FIELD";s:7:"CHAMP01";s:10:"TYPE_FIELD";s:4:"Code";s:9:"CODE_FILE";s:1:"3";}', '2015-04-28 15:07:37'),
(156, 26, 'INSERT', 'QC1_REP_SRC_FIELD', 0, '', 'a:5:{s:11:"INDEX_FIELD";s:1:"2";s:10:"NAME_FIELD";s:3:"DEB";s:10:"TYPE_FIELD";s:4:"Date";s:16:"FLG_DAT_BEG_HIST";s:1:"1";s:9:"CODE_FILE";s:1:"3";}', '2015-04-28 15:07:52');
INSERT INTO `QC1_REP_LOG` (`ID`, `CODE_USER`, `ACTION`, `TABLE_IMPACTED`, `ID_IN_TABLE`, `FIELD_IN_TABLE`, `SERIALIZED_ACTION`, `EXECUTION_DATE`) VALUES
(157, 26, 'INSERT', 'QC1_REP_SRC_FIELD', 0, '', 'a:5:{s:11:"INDEX_FIELD";s:1:"3";s:10:"NAME_FIELD";s:3:"FIN";s:10:"TYPE_FIELD";s:4:"Date";s:16:"FLG_DAT_END_HIST";s:1:"1";s:9:"CODE_FILE";s:1:"3";}', '2015-04-28 15:08:11'),
(158, 26, 'INSERT', 'QC1_REP_SRC_FIELD', 0, '', 'a:4:{s:11:"INDEX_FIELD";s:1:"4";s:10:"NAME_FIELD";s:7:"CHAMP 4";s:10:"TYPE_FIELD";s:8:"Libellé";s:9:"CODE_FILE";s:1:"3";}', '2015-04-28 15:08:30'),
(159, 26, 'INSERT', 'QC1_REP_SRC_FIELD', 0, '', 'a:4:{s:11:"INDEX_FIELD";s:1:"5";s:10:"NAME_FIELD";s:7:"CHAMP 5";s:10:"TYPE_FIELD";s:5:"Texte";s:9:"CODE_FILE";s:1:"3";}', '2015-04-28 15:08:48'),
(160, 26, 'INSERT', 'QC1_REP_SRC_FIELD', 0, '', 'a:4:{s:11:"INDEX_FIELD";s:1:"6";s:10:"NAME_FIELD";s:7:"CHAMP 6";s:10:"TYPE_FIELD";s:6:"Nombre";s:9:"CODE_FILE";s:1:"3";}', '2015-04-28 15:09:07'),
(161, 26, 'INSERT', 'QC1_REP_SRC_FIELD', 0, '', 'a:4:{s:11:"INDEX_FIELD";s:1:"7";s:10:"NAME_FIELD";s:7:"CHAMP 7";s:10:"TYPE_FIELD";s:4:"Flag";s:9:"CODE_FILE";s:1:"3";}', '2015-04-28 15:09:24'),
(162, 26, 'UPDATE', 'QC1_REP_SRC_FIELD', 3, 'CODE_FILE', 'O:8:"stdClass":7:{s:10:"CODE_FIELD";s:1:"5";s:9:"CODE_FILE";s:1:"3";s:10:"NAME_FIELD";s:7:"CHAMP01";s:10:"TYPE_FIELD";s:4:"Code";s:11:"INDEX_FIELD";s:1:"1";s:16:"FLG_DAT_BEG_HIST";N;s:16:"FLG_DAT_END_HIST";N;}', '2015-04-28 15:10:13'),
(163, 26, 'UPDATE', 'QC1_REP_SRC_FIELD', 3, 'CODE_FILE', 'O:8:"stdClass":7:{s:10:"CODE_FIELD";s:1:"5";s:9:"CODE_FILE";s:1:"3";s:10:"NAME_FIELD";s:7:"CHAMP01";s:10:"TYPE_FIELD";s:8:"Libellé";s:11:"INDEX_FIELD";s:1:"1";s:16:"FLG_DAT_BEG_HIST";N;s:16:"FLG_DAT_END_HIST";N;}', '2015-04-28 15:10:26'),
(164, 26, 'DELETE', 'QC1_REP_SRC_FIELD', 0, 'CODE_FIELD', 'N;', '2015-04-28 15:11:13'),
(165, 26, 'INSERT', 'QC1_REP_SRC_FIELD', 0, '', 'a:4:{s:11:"INDEX_FIELD";s:1:"2";s:10:"NAME_FIELD";s:5:"TEST2";s:10:"TYPE_FIELD";s:4:"Code";s:9:"CODE_FILE";s:1:"2";}', '2015-04-28 15:11:53'),
(166, 26, 'UPDATE', 'QC1_REP_SRC_FIELD', 2, 'CODE_FILE', 'O:8:"stdClass":7:{s:10:"CODE_FIELD";s:1:"4";s:9:"CODE_FILE";s:1:"2";s:10:"NAME_FIELD";s:4:"Test";s:10:"TYPE_FIELD";s:5:"Texte";s:11:"INDEX_FIELD";s:1:"1";s:16:"FLG_DAT_BEG_HIST";s:1:"1";s:16:"FLG_DAT_END_HIST";N;}', '2015-04-28 15:12:02'),
(167, 26, 'DELETE', 'QC1_REP_SRC_FIELD', 0, 'CODE_FIELD', 'N;', '2015-04-28 15:12:06'),
(168, 26, 'DELETE', 'QC1_REP_SRC_FIELD', 0, 'CODE_FIELD', 'N;', '2015-04-28 15:12:34'),
(169, 26, 'UPDATE', 'QC1_REP_SRC_FIELD', 2, 'CODE_FILE', 'O:8:"stdClass":7:{s:10:"CODE_FIELD";s:1:"4";s:9:"CODE_FILE";s:1:"2";s:10:"NAME_FIELD";s:4:"Test";s:10:"TYPE_FIELD";s:5:"Texte";s:11:"INDEX_FIELD";s:1:"1";s:16:"FLG_DAT_BEG_HIST";s:1:"1";s:16:"FLG_DAT_END_HIST";N;}', '2015-04-28 15:13:08'),
(170, 26, 'DELETE', 'QC1_REP_SRC_FIELD', 0, 'CODE_FIELD', 'N;', '2015-04-28 15:19:26'),
(171, 26, 'UPDATE', 'QC1_EPE_CFG_HIST', 50763, 'CODE_HIST', 'O:8:"stdClass":15:{s:9:"CODE_HIST";s:5:"50763";s:9:"NAME_HIST";s:14:"EMPLOYE_PRO_01";s:9:"DESC_HIST";s:18:"histo employé PRO";s:9:"INDX_HIST";s:1:"1";s:10:"SRC_SYSTEM";s:14:"EMPLOYE_01-HRA";s:8:"SRC_FILE";s:10:"EMPLOYE_01";s:12:"SRC_KEY_ITEM";N;s:12:"SRC_KEY_HIST";N;s:12:"SRC_BEG_DATE";N;s:14:"SRC_BEG_REASON";N;s:13:"SRC_BEG_EVENT";N;s:12:"SRC_END_DATE";N;s:14:"SRC_END_REASON";N;s:13:"SRC_END_EVENT";N;s:10:"SRC_FILTER";N;}', '2015-04-28 15:21:41'),
(172, 26, 'INSERT', 'QC1_EPE_CFG_HIST_FIELD', 0, '', 'a:6:{s:13:"SOURCE_COLUMN";s:3:"PRO";s:13:"TARGET_COLUMN";s:7:"PRO DES";s:9:"FLG_MERGE";s:1:"1";s:13:"FLG_KEY_FIELD";s:1:"1";s:10:"TYPE_FIELD";s:4:"Date";s:9:"CODE_HIST";s:5:"50763";}', '2015-04-28 15:22:09'),
(173, 26, 'INSERT', 'QC1_EPE_CFG_HIST_FIELD', 0, '', 'a:5:{s:13:"SOURCE_COLUMN";s:4:"PRO2";s:13:"TARGET_COLUMN";s:6:"DEST 2";s:9:"FLG_MERGE";s:1:"1";s:10:"TYPE_FIELD";s:4:"Code";s:9:"CODE_HIST";s:5:"50763";}', '2015-04-28 15:22:31'),
(174, 26, 'INSERT', 'QC1_EPE_CFG_HIST', 0, '', 'a:5:{s:9:"NAME_HIST";s:14:"CONTRAT_PRO_01";s:9:"DESC_HIST";s:16:"test pro contrat";s:9:"INDX_HIST";s:1:"1";s:10:"SRC_SYSTEM";s:14:"CONTRAT_01-HRA";s:8:"SRC_FILE";s:10:"CONTRAT_01";}', '2015-04-28 15:27:09'),
(175, 26, 'UPDATE', 'QC1_EPE_CFG_HIST', 50764, 'CODE_HIST', 'O:8:"stdClass":15:{s:9:"CODE_HIST";s:5:"50764";s:9:"NAME_HIST";s:14:"CONTRAT_PRO_01";s:9:"DESC_HIST";s:16:"test pro contrat";s:9:"INDX_HIST";s:1:"1";s:10:"SRC_SYSTEM";s:14:"CONTRAT_01-HRA";s:8:"SRC_FILE";s:10:"CONTRAT_01";s:12:"SRC_KEY_ITEM";N;s:12:"SRC_KEY_HIST";N;s:12:"SRC_BEG_DATE";N;s:14:"SRC_BEG_REASON";N;s:13:"SRC_BEG_EVENT";N;s:12:"SRC_END_DATE";N;s:14:"SRC_END_REASON";N;s:13:"SRC_END_EVENT";N;s:10:"SRC_FILTER";N;}', '2015-04-28 15:27:16'),
(176, 26, 'INSERT', 'QC1_EPE_CFG_HIST_FIELD', 0, '', 'a:5:{s:13:"SOURCE_COLUMN";s:3:"AAA";s:13:"TARGET_COLUMN";s:4:"AAAA";s:9:"FLG_MERGE";s:1:"1";s:10:"TYPE_FIELD";s:4:"Date";s:9:"CODE_HIST";s:5:"50764";}', '2015-04-28 15:27:35'),
(177, 26, 'DELETE', 'QC1_EPE_CFG_HIST', 50764, 'CODE_HIST', 'O:8:"stdClass":15:{s:9:"CODE_HIST";s:5:"50764";s:9:"NAME_HIST";s:14:"CONTRAT_PRO_01";s:9:"DESC_HIST";s:19:"test pro contrateee";s:9:"INDX_HIST";s:1:"1";s:10:"SRC_SYSTEM";s:14:"CONTRAT_01-HRA";s:8:"SRC_FILE";s:10:"CONTRAT_01";s:12:"SRC_KEY_ITEM";N;s:12:"SRC_KEY_HIST";N;s:12:"SRC_BEG_DATE";N;s:14:"SRC_BEG_REASON";N;s:13:"SRC_BEG_EVENT";N;s:12:"SRC_END_DATE";N;s:14:"SRC_END_REASON";N;s:13:"SRC_END_EVENT";N;s:10:"SRC_FILTER";N;}', '2015-04-28 15:27:48'),
(178, 26, 'UPDATE', 'QC1_EPE_CFG_HIST', 50763, 'CODE_HIST', 'O:8:"stdClass":15:{s:9:"CODE_HIST";s:5:"50763";s:9:"NAME_HIST";s:14:"EMPLOYE_PRO_01";s:9:"DESC_HIST";s:21:"histo employé PROeee";s:9:"INDX_HIST";s:1:"1";s:10:"SRC_SYSTEM";s:14:"EMPLOYE_01-HRA";s:8:"SRC_FILE";s:10:"EMPLOYE_01";s:12:"SRC_KEY_ITEM";N;s:12:"SRC_KEY_HIST";N;s:12:"SRC_BEG_DATE";N;s:14:"SRC_BEG_REASON";N;s:13:"SRC_BEG_EVENT";N;s:12:"SRC_END_DATE";N;s:14:"SRC_END_REASON";N;s:13:"SRC_END_EVENT";N;s:10:"SRC_FILTER";N;}', '2015-04-28 15:29:19'),
(179, 26, 'INSERT', 'QC1_EPE_CFG_FUSION', 0, '', 'a:5:{s:11:"CODE_TALEND";s:7:"PRO_EMP";s:11:"NAME_FUSION";s:15:"Fusion test PRO";s:11:"DESC_FUSION";s:20:"Fusion test PRO desc";s:12:"TARGET_TABLE";s:6:"EMP_01";s:9:"FILE_NAME";s:10:"EMPLOYE_01";}', '2015-04-28 15:33:13'),
(180, 26, 'UPDATE', 'QC1_EPE_CFG_FUSION', 50509, 'CODE_FUSION', 'O:8:"stdClass":6:{s:11:"CODE_FUSION";s:5:"50509";s:11:"NAME_FUSION";s:15:"Fusion test PRO";s:11:"DESC_FUSION";s:20:"Fusion test PRO desc";s:12:"TARGET_TABLE";s:6:"EMP_01";s:9:"FILE_NAME";s:10:"EMPLOYE_01";s:11:"CODE_TALEND";s:7:"PRO_EMP";}', '2015-04-28 15:33:23'),
(181, 26, 'UPDATE', 'QC1_EPE_CFG_FUSION_HIST', 50783, 'FUSION_HIST', 'O:8:"stdClass":4:{s:11:"FUSION_HIST";s:5:"50783";s:11:"CODE_FUSION";s:5:"50509";s:9:"CODE_HIST";s:5:"50240";s:15:"FLG_MASTER_HIST";s:1:"0";}', '2015-04-28 15:33:38'),
(182, 26, 'UPDATE', 'QC1_EPE_CFG_FUSION', 50509, 'CODE_FUSION', 'O:8:"stdClass":6:{s:11:"CODE_FUSION";s:5:"50509";s:11:"NAME_FUSION";s:17:"Fusion test PRO22";s:11:"DESC_FUSION";s:20:"Fusion test PRO desc";s:12:"TARGET_TABLE";s:6:"EMP_01";s:9:"FILE_NAME";s:10:"EMPLOYE_01";s:11:"CODE_TALEND";s:7:"PRO_EMP";}', '2015-04-28 15:34:05'),
(183, 26, 'UPDATE', 'QC1_EPE_CFG_FUSION_HIST', 50784, 'FUSION_HIST', 'O:8:"stdClass":4:{s:11:"FUSION_HIST";s:5:"50784";s:11:"CODE_FUSION";s:5:"50509";s:9:"CODE_HIST";s:5:"50251";s:15:"FLG_MASTER_HIST";s:1:"0";}', '2015-04-28 15:37:18'),
(184, 26, 'DELETE', 'QC1_EPE_CFG_FUSION', 50509, 'CODE_FUSION', 'O:8:"stdClass":6:{s:11:"CODE_FUSION";s:5:"50509";s:11:"NAME_FUSION";s:15:"Fusion test PRO";s:11:"DESC_FUSION";s:27:"Fusion test PRO desc detail";s:12:"TARGET_TABLE";s:10:"EMP_01_PRO";s:9:"FILE_NAME";s:10:"EMPLOYE_01";s:11:"CODE_TALEND";s:7:"PRO_EMP";}', '2015-04-28 15:37:31'),
(185, 26, 'DELETE', 'QC1_EPE_CFG_FUSION_HIST', 50509, 'CODE_FUSION', 'O:8:"stdClass":4:{s:11:"FUSION_HIST";s:5:"50784";s:11:"CODE_FUSION";s:5:"50509";s:9:"CODE_HIST";s:5:"50251";s:15:"FLG_MASTER_HIST";s:1:"1";}', '2015-04-28 15:37:31'),
(186, 26, 'DELETE', 'QC1_EPE_CFG_FUSION', 50509, 'CODE_FUSION', 'N;', '2015-04-28 15:37:34'),
(187, 26, 'DELETE', 'QC1_EPE_CFG_FUSION_HIST', 50509, 'CODE_FUSION', 'N;', '2015-04-28 15:37:34'),
(188, 26, 'UPDATE', 'QC1_REP_MTA_EXTENSION', 50807, 'CODE_EXTENSION', 'O:8:"stdClass":64:{s:14:"CODE_EXTENSION";s:5:"50807";s:11:"CODE_DOMAIN";s:1:"2";s:16:"CODE_SRC_ATTR_01";s:4:"3333";s:16:"CODE_SRC_ATTR_02";s:4:"3334";s:16:"CODE_SRC_ATTR_03";N;s:16:"CODE_SRC_ATTR_04";N;s:16:"CODE_SRC_ATTR_05";N;s:16:"CODE_EXT_ATTR_01";s:4:"3362";s:16:"CODE_EXT_ATTR_02";s:4:"3362";s:16:"CODE_EXT_ATTR_03";N;s:16:"CODE_EXT_ATTR_04";N;s:16:"CODE_EXT_ATTR_05";N;s:20:"CODE_EXT_ATTR_01_LOV";N;s:20:"CODE_EXT_ATTR_02_LOV";N;s:20:"CODE_EXT_ATTR_03_LOV";N;s:20:"CODE_EXT_ATTR_04_LOV";N;s:20:"CODE_EXT_ATTR_05_LOV";N;s:14:"NAME_EXTENSION";s:4:"PRO1";s:14:"DESC_EXTENSION";s:9:"test PRO1";s:16:"CODE_SRC_ATTR_06";N;s:16:"CODE_SRC_ATTR_07";N;s:16:"CODE_SRC_ATTR_08";N;s:16:"CODE_SRC_ATTR_09";N;s:16:"CODE_SRC_ATTR_10";N;s:16:"CODE_SRC_ATTR_11";N;s:16:"CODE_SRC_ATTR_12";N;s:16:"CODE_SRC_ATTR_13";N;s:16:"CODE_SRC_ATTR_14";N;s:16:"CODE_SRC_ATTR_15";N;s:16:"CODE_SRC_ATTR_16";N;s:16:"CODE_SRC_ATTR_17";N;s:16:"CODE_SRC_ATTR_18";N;s:16:"CODE_SRC_ATTR_19";N;s:16:"CODE_SRC_ATTR_20";N;s:16:"CODE_EX', '2015-04-28 15:40:32'),
(189, 26, 'DELETE', 'QC1_REP_MTA_EXTENSION', 50807, 'CODE_EXTENSION', 'O:8:"stdClass":64:{s:14:"CODE_EXTENSION";s:5:"50807";s:11:"CODE_DOMAIN";s:1:"2";s:16:"CODE_SRC_ATTR_01";s:4:"3333";s:16:"CODE_SRC_ATTR_02";s:4:"3334";s:16:"CODE_SRC_ATTR_03";N;s:16:"CODE_SRC_ATTR_04";N;s:16:"CODE_SRC_ATTR_05";N;s:16:"CODE_EXT_ATTR_01";s:4:"3362";s:16:"CODE_EXT_ATTR_02";s:4:"3362";s:16:"CODE_EXT_ATTR_03";N;s:16:"CODE_EXT_ATTR_04";N;s:16:"CODE_EXT_ATTR_05";N;s:20:"CODE_EXT_ATTR_01_LOV";N;s:20:"CODE_EXT_ATTR_02_LOV";N;s:20:"CODE_EXT_ATTR_03_LOV";N;s:20:"CODE_EXT_ATTR_04_LOV";N;s:20:"CODE_EXT_ATTR_05_LOV";N;s:14:"NAME_EXTENSION";s:4:"PRO1";s:14:"DESC_EXTENSION";s:11:"test PRO1gg";s:16:"CODE_SRC_ATTR_06";N;s:16:"CODE_SRC_ATTR_07";N;s:16:"CODE_SRC_ATTR_08";N;s:16:"CODE_SRC_ATTR_09";N;s:16:"CODE_SRC_ATTR_10";N;s:16:"CODE_SRC_ATTR_11";N;s:16:"CODE_SRC_ATTR_12";N;s:16:"CODE_SRC_ATTR_13";N;s:16:"CODE_SRC_ATTR_14";N;s:16:"CODE_SRC_ATTR_15";N;s:16:"CODE_SRC_ATTR_16";N;s:16:"CODE_SRC_ATTR_17";N;s:16:"CODE_SRC_ATTR_18";N;s:16:"CODE_SRC_ATTR_19";N;s:16:"CODE_SRC_ATTR_20";N;s:16:"CODE', '2015-04-28 15:40:39'),
(190, 26, 'DELETE', 'QC1_REP_MTA_RULE', 50807, 'CODE_EXTENSION', 'N;', '2015-04-28 15:40:39'),
(191, 26, 'UPDATE', 'QC1_REP_MTA_RULE', 51907, 'CODE_RULE', 'O:8:"stdClass":42:{s:9:"CODE_RULE";s:5:"51907";s:14:"CODE_EXTENSION";s:5:"50799";s:17:"SRC_ATTR_01_VALUE";s:1:"A";s:17:"SRC_ATTR_02_VALUE";s:17:"AGENT DE MAITRISE";s:17:"SRC_ATTR_03_VALUE";s:11:"Non défini";s:17:"SRC_ATTR_04_VALUE";s:11:"Non défini";s:17:"SRC_ATTR_05_VALUE";s:11:"Non défini";s:17:"EXT_ATTR_01_VALUE";s:2:"01";s:17:"EXT_ATTR_02_VALUE";s:11:"Encadrement";s:17:"EXT_ATTR_03_VALUE";s:11:"Non défini";s:17:"EXT_ATTR_04_VALUE";s:11:"Non défini";s:17:"EXT_ATTR_05_VALUE";s:11:"Non défini";s:17:"SRC_ATTR_06_VALUE";s:11:"Non défini";s:17:"SRC_ATTR_07_VALUE";s:11:"Non défini";s:17:"SRC_ATTR_08_VALUE";s:11:"Non défini";s:17:"SRC_ATTR_09_VALUE";s:11:"Non défini";s:17:"SRC_ATTR_10_VALUE";s:11:"Non défini";s:17:"SRC_ATTR_11_VALUE";s:11:"Non défini";s:17:"SRC_ATTR_12_VALUE";s:11:"Non défini";s:17:"SRC_ATTR_13_VALUE";s:11:"Non défini";s:17:"SRC_ATTR_14_VALUE";s:11:"Non défini";s:17:"SRC_ATTR_15_VALUE";s:11:"Non défini";s:17:"SRC_ATTR_16_VALUE";s:11:"Non défini";s:17:"SRC_ATTR_17_VALUE";s:', '2015-04-28 15:41:34'),
(192, 26, 'UPDATE', 'QC1_REP_MTA_RULE', 51908, 'CODE_RULE', 'O:8:"stdClass":42:{s:9:"CODE_RULE";s:5:"51908";s:14:"CODE_EXTENSION";s:5:"50799";s:17:"SRC_ATTR_01_VALUE";s:1:"C";s:17:"SRC_ATTR_02_VALUE";s:5:"CADRE";s:17:"SRC_ATTR_03_VALUE";s:11:"Non défini";s:17:"SRC_ATTR_04_VALUE";s:11:"Non défini";s:17:"SRC_ATTR_05_VALUE";s:11:"Non défini";s:17:"EXT_ATTR_01_VALUE";s:2:"01";s:17:"EXT_ATTR_02_VALUE";s:11:"Encadrement";s:17:"EXT_ATTR_03_VALUE";s:11:"Non défini";s:17:"EXT_ATTR_04_VALUE";s:11:"Non défini";s:17:"EXT_ATTR_05_VALUE";s:11:"Non défini";s:17:"SRC_ATTR_06_VALUE";s:11:"Non défini";s:17:"SRC_ATTR_07_VALUE";s:11:"Non défini";s:17:"SRC_ATTR_08_VALUE";s:11:"Non défini";s:17:"SRC_ATTR_09_VALUE";s:11:"Non défini";s:17:"SRC_ATTR_10_VALUE";s:11:"Non défini";s:17:"SRC_ATTR_11_VALUE";s:11:"Non défini";s:17:"SRC_ATTR_12_VALUE";s:11:"Non défini";s:17:"SRC_ATTR_13_VALUE";s:11:"Non défini";s:17:"SRC_ATTR_14_VALUE";s:11:"Non défini";s:17:"SRC_ATTR_15_VALUE";s:11:"Non défini";s:17:"SRC_ATTR_16_VALUE";s:11:"Non défini";s:17:"SRC_ATTR_17_VALUE";s:11:"Non défin', '2015-04-28 15:41:45'),
(193, 26, 'UPDATE', 'QC1_REP_MTA_RULE', 51909, 'CODE_RULE', 'O:8:"stdClass":42:{s:9:"CODE_RULE";s:5:"51909";s:14:"CODE_EXTENSION";s:5:"50799";s:17:"SRC_ATTR_01_VALUE";s:1:"E";s:17:"SRC_ATTR_02_VALUE";s:7:"EMPLOYE";s:17:"SRC_ATTR_03_VALUE";s:11:"Non défini";s:17:"SRC_ATTR_04_VALUE";s:11:"Non défini";s:17:"SRC_ATTR_05_VALUE";s:11:"Non défini";s:17:"EXT_ATTR_01_VALUE";s:2:"02";s:17:"EXT_ATTR_02_VALUE";s:8:"Employé";s:17:"EXT_ATTR_03_VALUE";s:11:"Non défini";s:17:"EXT_ATTR_04_VALUE";s:11:"Non défini";s:17:"EXT_ATTR_05_VALUE";s:11:"Non défini";s:17:"SRC_ATTR_06_VALUE";s:11:"Non défini";s:17:"SRC_ATTR_07_VALUE";s:11:"Non défini";s:17:"SRC_ATTR_08_VALUE";s:11:"Non défini";s:17:"SRC_ATTR_09_VALUE";s:11:"Non défini";s:17:"SRC_ATTR_10_VALUE";s:11:"Non défini";s:17:"SRC_ATTR_11_VALUE";s:11:"Non défini";s:17:"SRC_ATTR_12_VALUE";s:11:"Non défini";s:17:"SRC_ATTR_13_VALUE";s:11:"Non défini";s:17:"SRC_ATTR_14_VALUE";s:11:"Non défini";s:17:"SRC_ATTR_15_VALUE";s:11:"Non défini";s:17:"SRC_ATTR_16_VALUE";s:11:"Non défini";s:17:"SRC_ATTR_17_VALUE";s:11:"Non défini";', '2015-04-28 15:41:54'),
(194, 26, 'UPDATE', 'QC1_REP_SLC_DEFINITION', 51214, 'CODE_SLICE', 'O:8:"stdClass":5:{s:10:"CODE_SLICE";s:5:"51214";s:9:"CODE_USER";s:7:"ANC_PRO";s:10:"NAME_SLICE";s:23:"tranche ancienneté PRO";s:10:"DESC_SLICE";s:8:"test PRO";s:16:"CODE_SLICE_FIELD";s:2:"45";}', '2015-04-28 15:48:59'),
(195, 26, 'IMPORT', 'QC1_REP_SLC_RULE', 51214, 'CODE_SLICE', '', '2015-04-28 15:49:56'),
(196, 26, 'DELETE', 'QC1_REP_SLC_RULE', 51248, 'CODE_RULE', 'O:8:"stdClass":7:{s:9:"CODE_RULE";s:5:"51248";s:10:"CODE_SLICE";s:5:"51214";s:9:"NAME_RULE";s:14:"plus de 40 ans";s:13:"LEFT_OPERATOR";s:1:"<";s:10:"LEFT_VALUE";s:2:"40";s:14:"RIGHT_OPERATOR";s:2:"<=";s:11:"RIGHT_VALUE";s:3:"999";}', '2015-04-28 15:50:22'),
(197, 26, 'DELETE', 'QC1_REP_SLC_DEFINITION', 51214, 'CODE_SLICE', 'O:8:"stdClass":5:{s:10:"CODE_SLICE";s:5:"51214";s:9:"CODE_USER";s:7:"ANC_PRO";s:10:"NAME_SLICE";s:23:"tranche ancienneté PRO";s:10:"DESC_SLICE";s:11:"test PROgyy";s:16:"CODE_SLICE_FIELD";s:2:"45";}', '2015-04-28 15:50:30'),
(198, 26, 'DELETE', 'QC1_REP_SLC_RULE', 51214, 'CODE_SLICE', 'O:8:"stdClass":7:{s:9:"CODE_RULE";s:5:"51246";s:10:"CODE_SLICE";s:5:"51214";s:9:"NAME_RULE";s:11:"de 25 à 40";s:13:"LEFT_OPERATOR";s:1:"<";s:10:"LEFT_VALUE";s:2:"25";s:14:"RIGHT_OPERATOR";s:2:"<=";s:11:"RIGHT_VALUE";s:2:"40";}', '2015-04-28 15:50:30'),
(199, 26, 'DELETE', 'QC1_REP_SLC_FIELD', 51212, 'CODE_SLICE_FIELD', 'O:8:"stdClass":5:{s:16:"CODE_SLICE_FIELD";s:5:"51212";s:16:"NAME_SLICE_FIELD";s:8:"Test AAA";s:17:"NAME_FIELD_SOURCE";s:4:"AAAA";s:17:"NAME_FIELD_TARGET";s:4:"0001";s:10:"NAME_TABLE";s:4:"0004";}', '2015-04-28 15:50:47'),
(200, 26, 'UPDATE', 'QC1_REP_SLC_FIELD', 48, 'CODE_SLICE_FIELD', 'O:8:"stdClass":5:{s:16:"CODE_SLICE_FIELD";s:2:"48";s:16:"NAME_SLICE_FIELD";s:27:"Ancienneté Poste - Défaut";s:17:"NAME_FIELD_SOURCE";s:20:"QC1_SEN_VAL_006 / 12";s:17:"NAME_FIELD_TARGET";s:15:"QC1_SEN_SLC_006";s:10:"NAME_TABLE";s:23:"QC1_DSA_FAC_D_SENIORITY";}', '2015-04-28 15:50:56'),
(201, 26, 'INSERT', 'QC1_REP_SLC_FIELD', 0, '', 'a:5:{s:16:"CODE_SLICE_FIELD";s:0:"";s:16:"NAME_SLICE_FIELD";s:3:"PRO";s:17:"NAME_FIELD_SOURCE";s:3:"PRO";s:17:"NAME_FIELD_TARGET";s:3:"PRO";s:10:"NAME_TABLE";s:3:"PRO";}', '2015-04-28 15:51:23'),
(202, 26, 'INSERT', 'QC1_REP_MSG_CONTENT', 0, '', 'a:4:{s:12:"CODE_CONTENT";s:0:"";s:9:"CODE_TYPE";s:1:"1";s:9:"CODE_LANG";s:2:"FR";s:12:"DESC_CONTENT";s:8:"test pro";}', '2015-04-28 15:52:23'),
(203, 26, 'UPDATE', 'QC1_REP_MSG_CONTENT', 50798, 'CODE_CONTENT', 'O:8:"stdClass":4:{s:12:"CODE_CONTENT";s:5:"50798";s:9:"CODE_TYPE";s:1:"1";s:9:"CODE_LANG";s:2:"FR";s:12:"DESC_CONTENT";s:8:"test pro";}', '2015-04-28 15:52:44'),
(204, 26, 'DELETE', 'QC1_REP_MSG_CONTENT', 50798, 'CODE_CONTENT', 'O:8:"stdClass":4:{s:12:"CODE_CONTENT";s:5:"50798";s:9:"CODE_TYPE";s:1:"1";s:9:"CODE_LANG";s:2:"FR";s:12:"DESC_CONTENT";s:56:"test protest protest protest protest protest protest pro";}', '2015-04-28 15:52:48'),
(205, 26, 'INSERT', 'QC1_REP_SEN_FIELDS', 0, '', 'a:5:{s:8:"SEN_CODE";s:0:"";s:8:"SEN_NAME";s:3:"PRO";s:8:"SEN_DESC";s:8:"desc PRO";s:18:"SEN_CODE_SRC_FIELD";s:4:"3240";s:18:"SEN_CODE_TGT_FIELD";s:5:"50576";}', '2015-04-28 15:58:53'),
(206, 26, 'UPDATE', 'QC1_REP_SEN_FIELDS', 50856, 'SEN_CODE', 'O:8:"stdClass":5:{s:8:"SEN_CODE";s:5:"50856";s:8:"SEN_NAME";s:3:"PRO";s:8:"SEN_DESC";s:8:"desc PRO";s:18:"SEN_CODE_SRC_FIELD";s:4:"3240";s:18:"SEN_CODE_TGT_FIELD";s:5:"50576";}', '2015-04-28 15:59:00'),
(207, 26, 'DELETE', 'QC1_REP_SEN_FIELDS', 50856, 'SEN_CODE', 'O:8:"stdClass":5:{s:8:"SEN_CODE";s:5:"50856";s:8:"SEN_NAME";s:5:"PROee";s:8:"SEN_DESC";s:8:"desc PRO";s:18:"SEN_CODE_SRC_FIELD";s:4:"3240";s:18:"SEN_CODE_TGT_FIELD";s:5:"50576";}', '2015-04-28 15:59:05'),
(208, 26, 'UPDATE', 'QC1_REP_PRI_INDICATOR', 6, 'CODE_INDICATOR', 'O:8:"stdClass":26:{s:14:"CODE_INDICATOR";s:1:"6";s:14:"NAME_INDICATOR";s:6:"COTPAT";s:14:"DESC_INDICATOR";s:15:"Cotisations Pat";s:12:"TARGET_FIELD";s:1:"2";s:9:"CODE_TYPE";s:2:"MS";s:9:"DESC_TYPE";s:15:"Masse salariale";s:7:"UDF_001";N;s:7:"UDF_002";N;s:7:"UDF_003";N;s:7:"UDF_004";N;s:7:"UDF_005";N;s:7:"UDF_006";N;s:7:"UDF_007";N;s:7:"UDF_008";N;s:7:"UDF_009";N;s:7:"UDF_010";N;s:7:"UDF_011";N;s:7:"UDF_012";N;s:7:"UDF_013";N;s:7:"UDF_014";N;s:7:"UDF_015";N;s:7:"UDF_016";N;s:7:"UDF_017";N;s:7:"UDF_018";N;s:7:"UDF_019";N;s:7:"UDF_020";N;}', '2015-04-28 15:59:56'),
(209, 26, 'UPDATE', 'QC1_REP_PRI_DEFINITION', 6, 'CODE_INDICATOR', 'O:8:"stdClass":9:{s:14:"CODE_INDICATOR";s:1:"6";s:12:"CODE_PR_RULE";s:5:"META4";s:12:"CODE_PR_ITEM";s:22:"SFR_BONUS_PAYED_YEARLY";s:4:"SIGN";N;s:10:"FLG_NUMBER";N;s:17:"FLG_RATE_EMPLOYEE";N;s:17:"FLG_RATE_EMPLOYER";N;s:19:"FLG_AMOUNT_EMPLOYEE";N;s:19:"FLG_AMOUNT_EMPLOYER";N;}', '2015-04-28 16:00:07'),
(210, 26, 'UPDATE', 'QC1_REP_PRI_INDICATOR', 6, 'CODE_INDICATOR', 'O:8:"stdClass":26:{s:14:"CODE_INDICATOR";s:1:"6";s:14:"NAME_INDICATOR";s:8:"COTPAT""";s:14:"DESC_INDICATOR";s:19:"Cotisations Pat PRO";s:12:"TARGET_FIELD";s:1:"2";s:9:"CODE_TYPE";s:2:"MS";s:9:"DESC_TYPE";s:15:"Masse salariale";s:7:"UDF_001";N;s:7:"UDF_002";N;s:7:"UDF_003";N;s:7:"UDF_004";N;s:7:"UDF_005";N;s:7:"UDF_006";N;s:7:"UDF_007";N;s:7:"UDF_008";N;s:7:"UDF_009";N;s:7:"UDF_010";N;s:7:"UDF_011";N;s:7:"UDF_012";N;s:7:"UDF_013";N;s:7:"UDF_014";N;s:7:"UDF_015";N;s:7:"UDF_016";N;s:7:"UDF_017";N;s:7:"UDF_018";N;s:7:"UDF_019";N;s:7:"UDF_020";N;}', '2015-04-28 16:00:26'),
(211, 26, 'UPDATE', 'QC1_REP_PRI_DEFINITION', 6, 'CODE_INDICATOR', 'O:8:"stdClass":9:{s:14:"CODE_INDICATOR";s:1:"6";s:12:"CODE_PR_RULE";N;s:12:"CODE_PR_ITEM";s:19:"CFR_ABATT_20_ARTIST";s:4:"SIGN";N;s:10:"FLG_NUMBER";N;s:17:"FLG_RATE_EMPLOYEE";N;s:17:"FLG_RATE_EMPLOYER";N;s:19:"FLG_AMOUNT_EMPLOYEE";N;s:19:"FLG_AMOUNT_EMPLOYER";N;}', '2015-04-28 16:00:35'),
(212, 26, 'UPDATE', 'QC1_REP_PRI_DEFINITION', 6, 'CODE_INDICATOR', 'O:8:"stdClass":9:{s:14:"CODE_INDICATOR";s:1:"6";s:12:"CODE_PR_RULE";N;s:12:"CODE_PR_ITEM";s:0:"";s:4:"SIGN";N;s:10:"FLG_NUMBER";N;s:17:"FLG_RATE_EMPLOYEE";N;s:17:"FLG_RATE_EMPLOYER";N;s:19:"FLG_AMOUNT_EMPLOYEE";N;s:19:"FLG_AMOUNT_EMPLOYER";N;}', '2015-04-28 16:01:02'),
(213, 26, 'UPDATE', 'QC1_REP_PRI_DEFINITION', 6, 'CODE_INDICATOR', 'O:8:"stdClass":9:{s:14:"CODE_INDICATOR";s:1:"6";s:12:"CODE_PR_RULE";s:5:"META4";s:12:"CODE_PR_ITEM";s:24:"SFR_BONUS_PAYED_BIYEARLY";s:4:"SIGN";N;s:10:"FLG_NUMBER";N;s:17:"FLG_RATE_EMPLOYEE";N;s:17:"FLG_RATE_EMPLOYER";N;s:19:"FLG_AMOUNT_EMPLOYEE";N;s:19:"FLG_AMOUNT_EMPLOYER";N;}', '2015-04-28 16:01:11'),
(214, 26, 'UPDATE', 'QC1_REP_PRI_DEFINITION', 6, 'CODE_INDICATOR', 'O:8:"stdClass":9:{s:14:"CODE_INDICATOR";s:1:"6";s:12:"CODE_PR_RULE";s:5:"META4";s:12:"CODE_PR_ITEM";s:24:"SFR_BONUS_PAYED_BIYEARLY";s:4:"SIGN";N;s:10:"FLG_NUMBER";N;s:17:"FLG_RATE_EMPLOYEE";N;s:17:"FLG_RATE_EMPLOYER";N;s:19:"FLG_AMOUNT_EMPLOYEE";N;s:19:"FLG_AMOUNT_EMPLOYER";N;}', '2015-04-28 16:01:30'),
(215, 26, 'UPDATE', 'QC1_REP_PRI_DEFINITION', 6, 'CODE_INDICATOR', 'O:8:"stdClass":9:{s:14:"CODE_INDICATOR";s:1:"6";s:12:"CODE_PR_RULE";N;s:12:"CODE_PR_ITEM";s:23:"CFR_ABATT_20_ARTIST_NET";s:4:"SIGN";N;s:10:"FLG_NUMBER";N;s:17:"FLG_RATE_EMPLOYEE";N;s:17:"FLG_RATE_EMPLOYER";N;s:19:"FLG_AMOUNT_EMPLOYEE";N;s:19:"FLG_AMOUNT_EMPLOYER";N;}', '2015-04-28 16:01:55'),
(216, 26, 'UPDATE', 'QC1_REP_PRI_DEFINITION', 6, 'CODE_INDICATOR', 'O:8:"stdClass":9:{s:14:"CODE_INDICATOR";s:1:"6";s:12:"CODE_PR_RULE";N;s:12:"CODE_PR_ITEM";s:23:"CFR_ABATT_20_ARTIST_NET";s:4:"SIGN";N;s:10:"FLG_NUMBER";N;s:17:"FLG_RATE_EMPLOYEE";N;s:17:"FLG_RATE_EMPLOYER";N;s:19:"FLG_AMOUNT_EMPLOYEE";N;s:19:"FLG_AMOUNT_EMPLOYER";N;}', '2015-04-28 16:05:19'),
(217, 26, 'UPDATE', 'QC1_REP_SEC_USER', 26, 'CODE_USER', 'O:8:"stdClass":7:{s:8:"CODE_ENV";s:0:"";s:9:"CODE_USER";s:2:"26";s:8:"USERNAME";s:8:"nineteen";s:8:"FULLNAME";s:15:"Nineteen Groupe";s:8:"PASSWORD";s:32:"1d56cec552bf111de57687e4b5f8c795";s:12:"CODE_PROFILE";s:1:"1";s:4:"LANG";s:2:"fr";}', '2015-04-28 16:06:34'),
(218, 26, 'UPDATE', 'QC1_REP_SEC_USER', 26, 'CODE_USER', 'O:8:"stdClass":7:{s:8:"CODE_ENV";s:0:"";s:9:"CODE_USER";s:2:"26";s:8:"USERNAME";s:4:"test";s:8:"FULLNAME";s:15:"Nineteen Groupe";s:8:"PASSWORD";s:32:"1d56cec552bf111de57687e4b5f8c795";s:12:"CODE_PROFILE";s:1:"1";s:4:"LANG";s:2:"fr";}', '2015-04-28 16:07:09'),
(219, 26, 'UPDATE', 'QC1_REP_PRI_DEFINITION', 6, 'CODE_INDICATOR', 'O:8:"stdClass":9:{s:14:"CODE_INDICATOR";s:1:"6";s:12:"CODE_PR_RULE";N;s:12:"CODE_PR_ITEM";s:23:"CFR_ABATT_20_ARTIST_NET";s:4:"SIGN";N;s:10:"FLG_NUMBER";N;s:17:"FLG_RATE_EMPLOYEE";N;s:17:"FLG_RATE_EMPLOYER";N;s:19:"FLG_AMOUNT_EMPLOYEE";N;s:19:"FLG_AMOUNT_EMPLOYER";N;}', '2015-04-28 16:07:13'),
(220, 26, 'UPDATE', 'QC1_REP_SEC_USER', 26, 'CODE_USER', 'O:8:"stdClass":7:{s:8:"CODE_ENV";s:0:"";s:9:"CODE_USER";s:2:"26";s:8:"USERNAME";s:4:"test";s:8:"FULLNAME";s:15:"Nineteen Groupe";s:8:"PASSWORD";s:32:"1d56cec552bf111de57687e4b5f8c795";s:12:"CODE_PROFILE";s:1:"1";s:4:"LANG";s:2:"fr";}', '2015-04-28 16:07:14'),
(221, 26, 'UPDATE', 'QC1_REP_PRI_DEFINITION', 6, 'CODE_INDICATOR', 'O:8:"stdClass":9:{s:14:"CODE_INDICATOR";s:1:"6";s:12:"CODE_PR_RULE";N;s:12:"CODE_PR_ITEM";s:7:"SCO_NET";s:4:"SIGN";N;s:10:"FLG_NUMBER";N;s:17:"FLG_RATE_EMPLOYEE";N;s:17:"FLG_RATE_EMPLOYER";N;s:19:"FLG_AMOUNT_EMPLOYEE";N;s:19:"FLG_AMOUNT_EMPLOYER";N;}', '2015-04-28 16:07:58'),
(222, 26, 'UPDATE', 'QC1_REP_PRI_DEFINITION', 6, 'CODE_INDICATOR', 'O:8:"stdClass":9:{s:14:"CODE_INDICATOR";s:1:"6";s:12:"CODE_PR_RULE";N;s:12:"CODE_PR_ITEM";s:7:"SCO_NET";s:4:"SIGN";N;s:10:"FLG_NUMBER";N;s:17:"FLG_RATE_EMPLOYEE";N;s:17:"FLG_RATE_EMPLOYER";N;s:19:"FLG_AMOUNT_EMPLOYEE";N;s:19:"FLG_AMOUNT_EMPLOYER";N;}', '2015-04-28 16:08:14'),
(223, 26, 'INSERT', 'QC1_REP_MBI_INDICATOR', 0, '', 'a:4:{s:14:"NAME_INDICATOR";s:3:"PRO";s:14:"DESC_INDICATOR";s:8:"test PRO";s:11:"CODE_DOMAIN";s:1:"2";s:12:"TARGET_FIELD";s:15:"QC1_MOB_UDF_017";}', '2015-04-28 16:10:18'),
(224, 26, 'UPDATE', 'QC1_REP_MBI_INDICATOR', 51207, 'CODE_INDICATOR', 'O:8:"stdClass":5:{s:14:"CODE_INDICATOR";s:5:"51207";s:14:"NAME_INDICATOR";s:3:"PRO";s:14:"DESC_INDICATOR";s:8:"test PRO";s:12:"TARGET_FIELD";s:15:"QC1_MOB_UDF_017";s:11:"CODE_DOMAIN";s:1:"2";}', '2015-04-28 16:10:30'),
(225, 26, 'UPDATE', 'QC1_REP_SEC_USER', 26, 'CODE_USER', 'O:8:"stdClass":7:{s:8:"CODE_ENV";s:0:"";s:9:"CODE_USER";s:2:"26";s:8:"USERNAME";s:4:"test";s:8:"FULLNAME";s:15:"Nineteen Groupe";s:8:"PASSWORD";s:32:"1d56cec552bf111de57687e4b5f8c795";s:12:"CODE_PROFILE";s:1:"1";s:4:"LANG";s:2:"fr";}', '2015-04-28 16:10:40'),
(226, 26, 'INSERT', 'QC1_REP_MBI_DEFINITION', 0, '', 'a:4:{s:14:"CODE_ATTRIBUTE";s:4:"3330";s:9:"MOD_FIELD";s:15:"QC1_EMP_TKH_001";s:8:"OPERATOR";s:2:"Et";s:14:"CODE_INDICATOR";s:5:"51207";}', '2015-04-28 16:10:53'),
(227, 26, 'UPDATE', 'QC1_REP_SEC_USER', 26, 'CODE_USER', 'O:8:"stdClass":7:{s:8:"CODE_ENV";s:0:"";s:9:"CODE_USER";s:2:"26";s:8:"USERNAME";s:8:"nineteen";s:8:"FULLNAME";s:15:"Nineteen Groupe";s:8:"PASSWORD";s:32:"098f6bcd4621d373cade4e832627b4f6";s:12:"CODE_PROFILE";s:1:"1";s:4:"LANG";s:2:"fr";}', '2015-04-28 16:11:12'),
(228, 26, 'UPDATE', 'QC1_REP_MBI_DEFINITION', 51207, 'CODE_INDICATOR', 'O:8:"stdClass":4:{s:14:"CODE_INDICATOR";s:5:"51207";s:14:"CODE_ATTRIBUTE";s:4:"3330";s:9:"MOD_FIELD";s:15:"QC1_EMP_TKH_001";s:8:"OPERATOR";s:2:"Et";}', '2015-04-28 16:11:29'),
(229, 26, 'INSERT', 'QC1_REP_MBI_DEFINITION', 0, '', 'a:4:{s:14:"CODE_ATTRIBUTE";s:4:"3339";s:9:"MOD_FIELD";s:15:"QC1_EMP_TKH_001";s:8:"OPERATOR";s:2:"Et";s:14:"CODE_INDICATOR";s:5:"51207";}', '2015-04-28 16:11:45'),
(230, 26, 'UPDATE', 'QC1_REP_MBI_DEFINITION', 51207, 'CODE_INDICATOR', 'O:8:"stdClass":4:{s:14:"CODE_INDICATOR";s:5:"51207";s:14:"CODE_ATTRIBUTE";s:4:"3330";s:9:"MOD_FIELD";s:15:"QC1_EMP_TKH_002";s:8:"OPERATOR";s:2:"Ou";}', '2015-04-28 16:12:02'),
(231, 26, 'UPDATE', 'QC1_REP_MBI_INDICATOR', 51207, 'CODE_INDICATOR', 'O:8:"stdClass":5:{s:14:"CODE_INDICATOR";s:5:"51207";s:14:"NAME_INDICATOR";s:7:"EMP PRO";s:14:"DESC_INDICATOR";s:8:"test PRO";s:12:"TARGET_FIELD";s:15:"QC1_MOB_UDF_017";s:11:"CODE_DOMAIN";s:1:"2";}', '2015-04-28 16:13:42'),
(232, 26, 'UPDATE', 'QC1_REP_MBI_INDICATOR', 51207, 'CODE_INDICATOR', 'O:8:"stdClass":5:{s:14:"CODE_INDICATOR";s:5:"51207";s:14:"NAME_INDICATOR";s:7:"EMP PRO";s:14:"DESC_INDICATOR";s:12:"test PRO 222";s:12:"TARGET_FIELD";s:15:"QC1_MOB_UDF_017";s:11:"CODE_DOMAIN";s:1:"2";}', '2015-04-28 16:13:56'),
(233, 26, 'DELETE', 'QC1_REP_MBI_INDICATOR', 51207, 'CODE_INDICATOR', 'O:8:"stdClass":5:{s:14:"CODE_INDICATOR";s:5:"51207";s:14:"NAME_INDICATOR";s:8:"EMP PRO&";s:14:"DESC_INDICATOR";s:12:"test PRO 222";s:12:"TARGET_FIELD";s:15:"QC1_MOB_UDF_017";s:11:"CODE_DOMAIN";s:1:"2";}', '2015-04-28 16:15:01'),
(234, 26, 'DELETE', 'QC1_REP_MBI_DEFINITION', 51207, 'CODE_INDICATOR', 'O:8:"stdClass":4:{s:14:"CODE_INDICATOR";s:5:"51207";s:14:"CODE_ATTRIBUTE";s:4:"3330";s:9:"MOD_FIELD";s:15:"QC1_EMP_TKH_002";s:8:"OPERATOR";s:2:"Ou";}', '2015-04-28 16:15:01'),
(235, 26, 'INSERT', 'QC1_REP_RUN_SEQ', 0, '', 'a:10:{s:8:"NAME_SEQ";s:7:"PRO_SEQ";s:8:"DESC_SEQ";s:8:"test PRO";s:9:"SEQ_ORDER";s:1:"1";s:7:"PROJECT";s:3:"aze";s:9:"CLASSPATH";s:5:"az/UY";s:10:"JOB_FOLDER";s:5:"qs/LK";s:10:"LIB_FOLDER";s:5:"WX/NB";s:8:"FLG_EXEC";s:1:"1";s:8:"ERR_GOTO";s:5:"50475";s:4:"CONF";s:9:"!GHGGK/0O";}', '2015-04-28 16:21:00'),
(236, 26, 'INSERT', 'QC1_REP_RUN_STEP', 0, '', 'a:14:{s:8:"CODE_JOB";s:5:"50498";s:9:"NAME_STEP";s:4:"lmkb";s:9:"DESC_STEP";s:3:"pro";s:7:"PROJECT";s:3:"pro";s:9:"CLASSPATH";s:3:"pro";s:10:"JOB_FOLDER";s:2:"po";s:10:"LIB_FOLDER";s:2:"pf";s:8:"JAVA_XMS";s:2:"pf";s:8:"JAVA_XMX";s:3:"pfk";s:10:"STEP_ORDER";s:4:"oolk";s:8:"FLG_EXEC";s:1:"1";s:8:"FLG_STOP";s:1:"1";s:12:"STEP_CONTEXT";s:3:"fff";s:8:"CODE_SEQ";s:5:"50484";}', '2015-04-28 16:21:40'),
(237, 26, 'UPDATE', 'QC1_REP_RUN_STEP', 51221, 'CODE_STEP', 'O:8:"stdClass":15:{s:8:"CODE_SEQ";s:5:"50484";s:9:"CODE_STEP";s:5:"51221";s:8:"CODE_JOB";s:5:"50498";s:9:"NAME_STEP";s:4:"lmkb";s:9:"DESC_STEP";s:3:"pro";s:7:"PROJECT";s:3:"pro";s:9:"CLASSPATH";s:3:"pro";s:10:"JOB_FOLDER";s:2:"po";s:10:"LIB_FOLDER";s:2:"pf";s:8:"JAVA_XMS";s:2:"pf";s:8:"JAVA_XMX";s:3:"pfk";s:10:"STEP_ORDER";s:1:"0";s:8:"FLG_EXEC";s:1:"1";s:8:"FLG_STOP";s:1:"1";s:12:"STEP_CONTEXT";s:3:"fff";}', '2015-04-28 16:21:53'),
(238, 26, 'DELETE', 'QC1_REP_RUN_STEP', 51221, 'CODE_STEP', 'O:8:"stdClass":15:{s:8:"CODE_SEQ";s:5:"50484";s:9:"CODE_STEP";s:5:"51221";s:8:"CODE_JOB";s:5:"50498";s:9:"NAME_STEP";s:4:"lmkb";s:9:"DESC_STEP";s:3:"pro";s:7:"PROJECT";s:5:"pro22";s:9:"CLASSPATH";s:6:"pro222";s:10:"JOB_FOLDER";s:2:"po";s:10:"LIB_FOLDER";s:2:"pf";s:8:"JAVA_XMS";s:2:"pf";s:8:"JAVA_XMX";s:3:"pfk";s:10:"STEP_ORDER";s:1:"0";s:8:"FLG_EXEC";s:1:"1";s:8:"FLG_STOP";s:1:"1";s:12:"STEP_CONTEXT";s:3:"fff";}', '2015-04-28 16:21:58'),
(239, 26, 'DELETE', 'QC1_REP_RUN_SEQ', 50484, 'CODE_SEQ', 'O:8:"stdClass":11:{s:8:"CODE_SEQ";s:5:"50484";s:8:"NAME_SEQ";s:7:"PRO_SEQ";s:8:"DESC_SEQ";s:8:"test PRO";s:9:"SEQ_ORDER";s:1:"1";s:7:"PROJECT";s:3:"aze";s:9:"CLASSPATH";s:5:"az/UY";s:10:"JOB_FOLDER";s:5:"qs/LK";s:10:"LIB_FOLDER";s:5:"WX/NB";s:8:"FLG_EXEC";s:1:"1";s:8:"ERR_GOTO";s:5:"50475";s:4:"CONF";s:9:"!GHGGK/0O";}', '2015-04-28 16:22:16'),
(240, 26, 'DELETE', 'QC1_REP_RUN_STEP', 50484, 'CODE_SEQ', 'O:8:"stdClass":15:{s:8:"CODE_SEQ";s:5:"50484";s:9:"CODE_STEP";s:5:"51220";s:8:"CODE_JOB";s:5:"50497";s:9:"NAME_STEP";s:4:"Test";s:9:"DESC_STEP";s:1:"D";s:7:"PROJECT";s:3:"QSQ";s:9:"CLASSPATH";s:5:"SQQSQ";s:10:"JOB_FOLDER";s:6:"QQQQQQ";s:10:"LIB_FOLDER";s:3:"LIB";s:8:"JAVA_XMS";s:2:"SS";s:8:"JAVA_XMX";s:8:"ddDddddd";s:10:"STEP_ORDER";s:1:"0";s:8:"FLG_EXEC";s:1:"1";s:8:"FLG_STOP";s:1:"1";s:12:"STEP_CONTEXT";s:6:"bbbbbb";}', '2015-04-28 16:22:16'),
(241, 26, 'INSERT', 'QC1_REP_RUN_JOB', 0, '', 'a:3:{s:8:"NAME_JOB";s:3:"PRO";s:8:"DESC_JOB";s:8:"test PRO";s:7:"VERSION";s:5:"V PRO";}', '2015-04-28 16:22:35'),
(242, 26, 'UPDATE', 'QC1_REP_RUN_JOB', 51221, 'CODE_JOB', 'O:8:"stdClass":4:{s:8:"CODE_JOB";s:5:"51221";s:8:"NAME_JOB";s:3:"PRO";s:8:"DESC_JOB";s:8:"test PRO";s:7:"VERSION";s:5:"V PRO";}', '2015-04-28 16:22:52'),
(243, 26, 'DELETE', 'QC1_REP_RUN_JOB', 51221, 'CODE_JOB', 'O:8:"stdClass":4:{s:8:"CODE_JOB";s:5:"51221";s:8:"NAME_JOB";s:7:"PRO rrr";s:8:"DESC_JOB";s:8:"test PRO";s:7:"VERSION";s:5:"V PRO";}', '2015-04-28 16:22:59'),
(244, 26, 'INSERT', 'QC1_REP_SRC_FILE', 0, '', 'a:8:{s:9:"NAME_FILE";s:8:"TEST_NSI";s:9:"DESC_FILE";s:4:"AAAA";s:11:"CODE_DOMAIN";s:1:"3";s:9:"CODE_CONN";s:1:"1";s:8:"FILEPATH";s:3:"xxx";s:11:"CODE_ORIGIN";s:1:"2";s:12:"FLG_OPTIONAL";s:1:"1";s:13:"FLG_DUPLICATE";s:1:"1";}', '2015-04-28 21:37:59'),
(245, 26, 'UPDATE', 'QC1_REP_SRC_FILE', 5, 'CODE_FILE', 'O:8:"stdClass":11:{s:9:"CODE_FILE";s:1:"5";s:9:"CODE_CONN";s:1:"1";s:11:"CODE_DOMAIN";s:1:"3";s:9:"NAME_FILE";s:8:"TEST_NSI";s:9:"DESC_FILE";s:4:"AAAA";s:8:"FILEPATH";s:3:"xxx";s:12:"FLG_OPTIONAL";s:1:"1";s:13:"FLG_DUPLICATE";s:1:"1";s:8:"FLG_HIST";N;s:7:"FLG_CVT";N;s:11:"CODE_ORIGIN";s:1:"2";}', '2015-04-28 21:38:13'),
(246, 26, 'INSERT', 'QC1_REP_SRC_FIELD', 0, '', 'a:4:{s:11:"INDEX_FIELD";s:1:"1";s:10:"NAME_FIELD";s:2:"A1";s:10:"TYPE_FIELD";s:4:"Code";s:9:"CODE_FILE";s:1:"5";}', '2015-04-28 21:38:38'),
(247, 26, 'INSERT', 'QC1_REP_SRC_FIELD', 0, '', 'a:4:{s:11:"INDEX_FIELD";s:1:"2";s:10:"NAME_FIELD";s:2:"A2";s:10:"TYPE_FIELD";s:8:"Libellé";s:9:"CODE_FILE";s:1:"5";}', '2015-04-28 21:38:58'),
(248, 26, 'UPDATE', 'QC1_REP_SRC_FIELD', 5, 'CODE_FILE', 'O:8:"stdClass":7:{s:10:"CODE_FIELD";s:2:"13";s:9:"CODE_FILE";s:1:"5";s:10:"NAME_FIELD";s:2:"A1";s:10:"TYPE_FIELD";s:4:"Code";s:11:"INDEX_FIELD";s:1:"1";s:16:"FLG_DAT_BEG_HIST";N;s:16:"FLG_DAT_END_HIST";N;}', '2015-04-28 21:39:06'),
(249, 26, 'INSERT', 'QC1_REP_SRC_FIELD', 0, '', 'a:5:{s:11:"INDEX_FIELD";s:1:"3";s:10:"NAME_FIELD";s:2:"D1";s:10:"TYPE_FIELD";s:4:"Date";s:16:"FLG_DAT_BEG_HIST";s:1:"1";s:9:"CODE_FILE";s:1:"5";}', '2015-04-28 21:39:22'),
(250, 26, 'INSERT', 'QC1_REP_SRC_FIELD', 0, '', 'a:5:{s:11:"INDEX_FIELD";s:1:"4";s:10:"NAME_FIELD";s:2:"D2";s:10:"TYPE_FIELD";s:4:"Date";s:16:"FLG_DAT_END_HIST";s:1:"1";s:9:"CODE_FILE";s:1:"5";}', '2015-04-28 21:39:43'),
(251, 26, 'INSERT', 'QC1_REP_SRC_FIELD', 0, '', 'a:4:{s:11:"INDEX_FIELD";s:1:"5";s:10:"NAME_FIELD";s:3:"xxx";s:10:"TYPE_FIELD";s:4:"Code";s:9:"CODE_FILE";s:1:"5";}', '2015-04-28 21:39:54'),
(252, 26, 'DELETE', 'QC1_REP_SRC_FIELD', 0, 'CODE_FIELD', 'N;', '2015-04-28 21:39:59'),
(253, 26, 'DELETE', 'QC1_REP_SRC_FIELD', 0, 'CODE_FIELD', 'N;', '2015-04-28 21:40:24'),
(254, 26, 'UPDATE', 'QC1_REP_SRC_FIELD', 5, 'CODE_FILE', 'O:8:"stdClass":7:{s:10:"CODE_FIELD";s:2:"13";s:9:"CODE_FILE";s:1:"5";s:10:"NAME_FIELD";s:2:"A1";s:10:"TYPE_FIELD";s:4:"Code";s:11:"INDEX_FIELD";s:1:"1";s:16:"FLG_DAT_BEG_HIST";N;s:16:"FLG_DAT_END_HIST";N;}', '2015-04-28 21:51:08'),
(255, 26, 'DELETE', 'QC1_REP_SRC_FIELD', 0, 'CODE_FIELD', 'N;', '2015-04-28 21:51:15'),
(256, 26, 'UPDATE', 'QC1_REP_SRC_FILE', 5, 'CODE_FILE', 'O:8:"stdClass":11:{s:9:"CODE_FILE";s:1:"5";s:9:"CODE_CONN";s:1:"1";s:11:"CODE_DOMAIN";s:1:"3";s:9:"NAME_FILE";s:8:"TEST_NSI";s:9:"DESC_FILE";s:7:"AAAAbbb";s:8:"FILEPATH";s:6:"xxxaaa";s:12:"FLG_OPTIONAL";s:1:"1";s:13:"FLG_DUPLICATE";s:1:"1";s:8:"FLG_HIST";N;s:7:"FLG_CVT";N;s:11:"CODE_ORIGIN";s:1:"2";}', '2015-04-28 21:58:25'),
(257, 26, 'INSERT', 'QC1_REP_SRC_FILE', 0, '', 'a:7:{s:9:"NAME_FILE";s:9:"TEST_NSI2";s:9:"DESC_FILE";s:4:"aaaa";s:11:"CODE_DOMAIN";s:1:"7";s:9:"CODE_CONN";s:1:"1";s:8:"FILEPATH";s:4:"qqqq";s:11:"CODE_ORIGIN";s:0:"";s:13:"FLG_DUPLICATE";s:1:"1";}', '2015-04-28 22:00:02'),
(258, 26, 'UPDATE', 'QC1_REP_SRC_FILE', 6, 'CODE_FILE', 'O:8:"stdClass":11:{s:9:"CODE_FILE";s:1:"6";s:9:"CODE_CONN";s:1:"1";s:11:"CODE_DOMAIN";s:1:"7";s:9:"NAME_FILE";s:9:"TEST_NSI2";s:9:"DESC_FILE";s:4:"aaaa";s:8:"FILEPATH";s:4:"qqqq";s:12:"FLG_OPTIONAL";N;s:13:"FLG_DUPLICATE";s:1:"1";s:8:"FLG_HIST";N;s:7:"FLG_CVT";N;s:11:"CODE_ORIGIN";s:1:"0";}', '2015-04-28 22:00:15'),
(259, 26, 'INSERT', 'QC1_REP_SRC_FIELD', 0, '', 'a:4:{s:11:"INDEX_FIELD";s:1:"1";s:10:"NAME_FIELD";s:1:"a";s:10:"TYPE_FIELD";s:4:"Code";s:9:"CODE_FILE";s:1:"6";}', '2015-04-28 22:01:29'),
(260, 26, 'INSERT', 'QC1_REP_SRC_FIELD', 0, '', 'a:4:{s:11:"INDEX_FIELD";s:1:"1";s:10:"NAME_FIELD";s:1:"b";s:10:"TYPE_FIELD";s:4:"Code";s:9:"CODE_FILE";s:1:"6";}', '2015-04-28 22:01:42'),
(261, 26, 'DELETE', 'QC1_REP_SRC_FIELD', 0, 'CODE_FIELD', 'N;', '2015-04-28 22:02:43'),
(262, 26, 'UPDATE', 'QC1_REP_SRC_FIELD', 6, 'CODE_FILE', 'O:8:"stdClass":7:{s:10:"CODE_FIELD";s:2:"18";s:9:"CODE_FILE";s:1:"6";s:10:"NAME_FIELD";s:1:"a";s:10:"TYPE_FIELD";s:4:"Code";s:11:"INDEX_FIELD";s:1:"1";s:16:"FLG_DAT_BEG_HIST";N;s:16:"FLG_DAT_END_HIST";N;}', '2015-04-28 22:03:09'),
(263, 26, 'DELETE', 'QC1_REP_SRC_FILE', 6, 'CODE_FILE', 'O:8:"stdClass":11:{s:9:"CODE_FILE";s:1:"6";s:9:"CODE_CONN";s:1:"1";s:11:"CODE_DOMAIN";s:1:"7";s:9:"NAME_FILE";s:9:"TEST_NSI2";s:9:"DESC_FILE";s:7:"aaaabbb";s:8:"FILEPATH";s:4:"qqqq";s:12:"FLG_OPTIONAL";N;s:13:"FLG_DUPLICATE";s:1:"1";s:8:"FLG_HIST";N;s:7:"FLG_CVT";N;s:11:"CODE_ORIGIN";s:1:"0";}', '2015-04-28 22:03:33'),
(264, 26, 'INSERT', 'QC1_REP_SRC_FILE', 0, '', 'a:6:{s:9:"NAME_FILE";s:9:"TEST_NSI2";s:9:"DESC_FILE";s:0:"";s:11:"CODE_DOMAIN";s:1:"1";s:9:"CODE_CONN";s:1:"1";s:8:"FILEPATH";s:0:"";s:11:"CODE_ORIGIN";s:0:"";}', '2015-04-28 22:05:49'),
(265, 26, 'DELETE', 'QC1_REP_SRC_FILE', 7, 'CODE_FILE', 'O:8:"stdClass":11:{s:9:"CODE_FILE";s:1:"7";s:9:"CODE_CONN";s:1:"1";s:11:"CODE_DOMAIN";s:1:"1";s:9:"NAME_FILE";s:9:"TEST_NSI2";s:9:"DESC_FILE";s:0:"";s:8:"FILEPATH";s:0:"";s:12:"FLG_OPTIONAL";N;s:13:"FLG_DUPLICATE";N;s:8:"FLG_HIST";N;s:7:"FLG_CVT";N;s:11:"CODE_ORIGIN";s:1:"0";}', '2015-04-28 22:05:53'),
(266, 26, 'INSERT', 'QC1_EPE_CFG_HIST', 0, '', 'a:5:{s:9:"NAME_HIST";s:4:"aaaa";s:9:"DESC_HIST";s:5:"aaaa1";s:9:"INDX_HIST";s:1:"1";s:10:"SRC_SYSTEM";s:3:"SRC";s:8:"SRC_FILE";s:3:"AAA";}', '2015-04-28 22:09:07'),
(267, 26, 'UPDATE', 'QC1_EPE_CFG_HIST', 50765, 'CODE_HIST', 'O:8:"stdClass":15:{s:9:"CODE_HIST";s:5:"50765";s:9:"NAME_HIST";s:4:"aaaa";s:9:"DESC_HIST";s:5:"aaaa1";s:9:"INDX_HIST";s:1:"1";s:10:"SRC_SYSTEM";s:3:"SRC";s:8:"SRC_FILE";s:3:"AAA";s:12:"SRC_KEY_ITEM";N;s:12:"SRC_KEY_HIST";N;s:12:"SRC_BEG_DATE";N;s:14:"SRC_BEG_REASON";N;s:13:"SRC_BEG_EVENT";N;s:12:"SRC_END_DATE";N;s:14:"SRC_END_REASON";N;s:13:"SRC_END_EVENT";N;s:10:"SRC_FILTER";N;}', '2015-04-28 22:09:22'),
(268, 26, 'INSERT', 'QC1_EPE_CFG_HIST_FIELD', 0, '', 'a:4:{s:13:"SOURCE_COLUMN";s:1:"1";s:13:"TARGET_COLUMN";s:1:"1";s:10:"TYPE_FIELD";s:0:"";s:9:"CODE_HIST";s:5:"50765";}', '2015-04-28 22:10:17'),
(269, 26, 'INSERT', 'QC1_EPE_CFG_HIST_FIELD', 0, '', 'a:5:{s:13:"SOURCE_COLUMN";s:1:"2";s:13:"TARGET_COLUMN";s:1:"2";s:9:"FLG_MERGE";s:1:"1";s:10:"TYPE_FIELD";s:0:"";s:9:"CODE_HIST";s:5:"50765";}', '2015-04-28 22:10:32'),
(270, 26, 'DELETE', 'QC1_EPE_CFG_HIST', 50765, 'CODE_HIST', 'O:8:"stdClass":15:{s:9:"CODE_HIST";s:5:"50765";s:9:"NAME_HIST";s:7:"aaaabbb";s:9:"DESC_HIST";s:5:"aaaa1";s:9:"INDX_HIST";s:1:"1";s:10:"SRC_SYSTEM";s:6:"SRCbbb";s:8:"SRC_FILE";s:3:"AAA";s:12:"SRC_KEY_ITEM";N;s:12:"SRC_KEY_HIST";N;s:12:"SRC_BEG_DATE";N;s:14:"SRC_BEG_REASON";N;s:13:"SRC_BEG_EVENT";N;s:12:"SRC_END_DATE";N;s:14:"SRC_END_REASON";N;s:13:"SRC_END_EVENT";N;s:10:"SRC_FILTER";N;}', '2015-04-28 22:12:28'),
(271, 26, 'INSERT', 'QC1_EPE_CFG_FUSION', 0, '', 'a:5:{s:11:"CODE_TALEND";s:3:"aaa";s:11:"NAME_FUSION";s:3:"aaa";s:11:"DESC_FUSION";s:0:"";s:12:"TARGET_TABLE";s:0:"";s:9:"FILE_NAME";s:0:"";}', '2015-04-28 22:12:54'),
(272, 26, 'UPDATE', 'QC1_EPE_CFG_FUSION', 50510, 'CODE_FUSION', 'O:8:"stdClass":6:{s:11:"CODE_FUSION";s:5:"50510";s:11:"NAME_FUSION";s:3:"aaa";s:11:"DESC_FUSION";s:0:"";s:12:"TARGET_TABLE";s:0:"";s:9:"FILE_NAME";s:0:"";s:11:"CODE_TALEND";s:3:"aaa";}', '2015-04-28 22:13:00'),
(273, 26, 'UPDATE', 'QC1_EPE_CFG_FUSION_HIST', 50786, 'FUSION_HIST', 'O:8:"stdClass":4:{s:11:"FUSION_HIST";s:5:"50786";s:11:"CODE_FUSION";s:5:"50510";s:9:"CODE_HIST";s:5:"50312";s:15:"FLG_MASTER_HIST";s:1:"0";}', '2015-04-28 22:13:28'),
(274, 26, 'UPDATE', 'QC1_EPE_CFG_FUSION_HIST', 50787, 'FUSION_HIST', 'O:8:"stdClass":4:{s:11:"FUSION_HIST";s:5:"50787";s:11:"CODE_FUSION";s:5:"50510";s:9:"CODE_HIST";s:5:"50321";s:15:"FLG_MASTER_HIST";s:1:"0";}', '2015-04-28 22:13:45'),
(275, 26, 'UPDATE', 'QC1_EPE_CFG_FUSION', 50510, 'CODE_FUSION', 'O:8:"stdClass":6:{s:11:"CODE_FUSION";s:5:"50510";s:11:"NAME_FUSION";s:3:"aaa";s:11:"DESC_FUSION";s:3:"bbb";s:12:"TARGET_TABLE";s:0:"";s:9:"FILE_NAME";s:0:"";s:11:"CODE_TALEND";s:3:"aaa";}', '2015-04-28 22:14:39'),
(276, 26, 'DELETE', 'QC1_EPE_CFG_FUSION', 50510, 'CODE_FUSION', 'O:8:"stdClass":6:{s:11:"CODE_FUSION";s:5:"50510";s:11:"NAME_FUSION";s:3:"aaa";s:11:"DESC_FUSION";s:6:"bbbccc";s:12:"TARGET_TABLE";s:0:"";s:9:"FILE_NAME";s:0:"";s:11:"CODE_TALEND";s:3:"aaa";}', '2015-04-28 22:14:48'),
(277, 26, 'DELETE', 'QC1_EPE_CFG_FUSION_HIST', 50510, 'CODE_FUSION', 'O:8:"stdClass":4:{s:11:"FUSION_HIST";s:5:"50786";s:11:"CODE_FUSION";s:5:"50510";s:9:"CODE_HIST";s:5:"50312";s:15:"FLG_MASTER_HIST";s:1:"1";}', '2015-04-28 22:14:48'),
(278, 26, 'INSERT', 'QC1_EPE_CFG_HIST_FIELD', 0, '', 'a:4:{s:13:"SOURCE_COLUMN";s:3:"aaa";s:13:"TARGET_COLUMN";s:0:"";s:10:"TYPE_FIELD";s:0:"";s:9:"CODE_HIST";s:5:"50362";}', '2015-04-28 22:17:08'),
(279, 26, 'INSERT', 'QC1_EPE_CFG_HIST_FIELD', 0, '', 'a:4:{s:13:"SOURCE_COLUMN";s:5:"vbbbb";s:13:"TARGET_COLUMN";s:0:"";s:10:"TYPE_FIELD";s:0:"";s:9:"CODE_HIST";s:5:"50362";}', '2015-04-28 22:17:13'),
(280, 26, 'DELETE', 'QC1_REP_MTA_EXTENSION', 50808, 'CODE_EXTENSION', 'O:8:"stdClass":64:{s:14:"CODE_EXTENSION";s:5:"50808";s:11:"CODE_DOMAIN";s:1:"5";s:16:"CODE_SRC_ATTR_01";s:4:"3002";s:16:"CODE_SRC_ATTR_02";s:4:"2977";s:16:"CODE_SRC_ATTR_03";s:4:"2958";s:16:"CODE_SRC_ATTR_04";s:4:"2959";s:16:"CODE_SRC_ATTR_05";N;s:16:"CODE_EXT_ATTR_01";s:4:"2986";s:16:"CODE_EXT_ATTR_02";s:4:"2987";s:16:"CODE_EXT_ATTR_03";N;s:16:"CODE_EXT_ATTR_04";N;s:16:"CODE_EXT_ATTR_05";N;s:20:"CODE_EXT_ATTR_01_LOV";N;s:20:"CODE_EXT_ATTR_02_LOV";N;s:20:"CODE_EXT_ATTR_03_LOV";N;s:20:"CODE_EXT_ATTR_04_LOV";N;s:20:"CODE_EXT_ATTR_05_LOV";N;s:14:"NAME_EXTENSION";s:12:"AAA Test NSI";s:14:"DESC_EXTENSION";s:4:"aaaa";s:16:"CODE_SRC_ATTR_06";N;s:16:"CODE_SRC_ATTR_07";N;s:16:"CODE_SRC_ATTR_08";N;s:16:"CODE_SRC_ATTR_09";N;s:16:"CODE_SRC_ATTR_10";N;s:16:"CODE_SRC_ATTR_11";N;s:16:"CODE_SRC_ATTR_12";N;s:16:"CODE_SRC_ATTR_13";N;s:16:"CODE_SRC_ATTR_14";N;s:16:"CODE_SRC_ATTR_15";N;s:16:"CODE_SRC_ATTR_16";N;s:16:"CODE_SRC_ATTR_17";N;s:16:"CODE_SRC_ATTR_18";N;s:16:"CODE_SRC_ATTR_19";N;s:16:"CODE_SRC_AT', '2015-04-28 22:21:19'),
(281, 26, 'DELETE', 'QC1_REP_MTA_RULE', 50808, 'CODE_EXTENSION', 'N;', '2015-04-28 22:21:19'),
(282, 26, 'INSERT', 'QC1_REP_MTA_EXTENSION', 0, '', 'a:6:{s:14:"NAME_EXTENSION";s:4:"aaaa";s:14:"DESC_EXTENSION";s:4:"aaaa";s:11:"CODE_DOMAIN";s:1:"2";s:16:"CODE_SRC_ATTR_01";s:4:"3320";s:16:"CODE_SRC_ATTR_02";s:4:"3321";s:16:"CODE_EXT_ATTR_01";s:4:"4488";}', '2015-04-28 22:21:57'),
(283, 26, 'UPDATE', 'QC1_REP_MTA_EXTENSION', 50809, 'CODE_EXTENSION', 'O:8:"stdClass":64:{s:14:"CODE_EXTENSION";s:5:"50809";s:11:"CODE_DOMAIN";s:1:"2";s:16:"CODE_SRC_ATTR_01";s:4:"3320";s:16:"CODE_SRC_ATTR_02";s:4:"3321";s:16:"CODE_SRC_ATTR_03";N;s:16:"CODE_SRC_ATTR_04";N;s:16:"CODE_SRC_ATTR_05";N;s:16:"CODE_EXT_ATTR_01";s:4:"4488";s:16:"CODE_EXT_ATTR_02";N;s:16:"CODE_EXT_ATTR_03";N;s:16:"CODE_EXT_ATTR_04";N;s:16:"CODE_EXT_ATTR_05";N;s:20:"CODE_EXT_ATTR_01_LOV";N;s:20:"CODE_EXT_ATTR_02_LOV";N;s:20:"CODE_EXT_ATTR_03_LOV";N;s:20:"CODE_EXT_ATTR_04_LOV";N;s:20:"CODE_EXT_ATTR_05_LOV";N;s:14:"NAME_EXTENSION";s:4:"aaaa";s:14:"DESC_EXTENSION";s:4:"aaaa";s:16:"CODE_SRC_ATTR_06";N;s:16:"CODE_SRC_ATTR_07";N;s:16:"CODE_SRC_ATTR_08";N;s:16:"CODE_SRC_ATTR_09";N;s:16:"CODE_SRC_ATTR_10";N;s:16:"CODE_SRC_ATTR_11";N;s:16:"CODE_SRC_ATTR_12";N;s:16:"CODE_SRC_ATTR_13";N;s:16:"CODE_SRC_ATTR_14";N;s:16:"CODE_SRC_ATTR_15";N;s:16:"CODE_SRC_ATTR_16";N;s:16:"CODE_SRC_ATTR_17";N;s:16:"CODE_SRC_ATTR_18";N;s:16:"CODE_SRC_ATTR_19";N;s:16:"CODE_SRC_ATTR_20";N;s:16:"CODE_EXT_ATTR_06";N;s', '2015-04-28 22:22:21'),
(284, 26, 'IMPORT', 'QC1_REP_MTA_RULE', 50799, 'CODE_EXTENSION', '', '2015-04-28 22:29:50'),
(285, 26, 'UPDATE', 'QC1_REP_MTA_RULE', 52434, 'CODE_RULE', 'O:8:"stdClass":42:{s:9:"CODE_RULE";s:5:"52434";s:14:"CODE_EXTENSION";s:5:"50799";s:17:"SRC_ATTR_01_VALUE";s:25:"004-Classification (code)";s:17:"SRC_ATTR_02_VALUE";s:18:"005-Classification";s:17:"SRC_ATTR_03_VALUE";N;s:17:"SRC_ATTR_04_VALUE";N;s:17:"SRC_ATTR_05_VALUE";N;s:17:"EXT_ATTR_01_VALUE";s:19:"129-Champ libre 041";s:17:"EXT_ATTR_02_VALUE";s:19:"130-Champ libre 042";s:17:"EXT_ATTR_03_VALUE";N;s:17:"EXT_ATTR_04_VALUE";N;s:17:"EXT_ATTR_05_VALUE";N;s:17:"SRC_ATTR_06_VALUE";N;s:17:"SRC_ATTR_07_VALUE";N;s:17:"SRC_ATTR_08_VALUE";N;s:17:"SRC_ATTR_09_VALUE";N;s:17:"SRC_ATTR_10_VALUE";N;s:17:"SRC_ATTR_11_VALUE";N;s:17:"SRC_ATTR_12_VALUE";N;s:17:"SRC_ATTR_13_VALUE";N;s:17:"SRC_ATTR_14_VALUE";N;s:17:"SRC_ATTR_15_VALUE";N;s:17:"SRC_ATTR_16_VALUE";N;s:17:"SRC_ATTR_17_VALUE";N;s:17:"SRC_ATTR_18_VALUE";N;s:17:"SRC_ATTR_19_VALUE";N;s:17:"SRC_ATTR_20_VALUE";N;s:17:"EXT_ATTR_06_VALUE";N;s:17:"EXT_ATTR_07_VALUE";N;s:17:"EXT_ATTR_08_VALUE";N;s:17:"EXT_ATTR_09_VALUE";N;s:17:"EXT_ATTR_10_VALUE";N;s:17', '2015-04-28 22:30:47'),
(286, 26, 'DELETE', 'QC1_REP_MTA_EXTENSION', 50809, 'CODE_EXTENSION', 'O:8:"stdClass":64:{s:14:"CODE_EXTENSION";s:5:"50809";s:11:"CODE_DOMAIN";s:1:"2";s:16:"CODE_SRC_ATTR_01";s:4:"3320";s:16:"CODE_SRC_ATTR_02";s:4:"3321";s:16:"CODE_SRC_ATTR_03";N;s:16:"CODE_SRC_ATTR_04";N;s:16:"CODE_SRC_ATTR_05";N;s:16:"CODE_EXT_ATTR_01";s:4:"4487";s:16:"CODE_EXT_ATTR_02";N;s:16:"CODE_EXT_ATTR_03";N;s:16:"CODE_EXT_ATTR_04";N;s:16:"CODE_EXT_ATTR_05";N;s:20:"CODE_EXT_ATTR_01_LOV";N;s:20:"CODE_EXT_ATTR_02_LOV";N;s:20:"CODE_EXT_ATTR_03_LOV";N;s:20:"CODE_EXT_ATTR_04_LOV";N;s:20:"CODE_EXT_ATTR_05_LOV";N;s:14:"NAME_EXTENSION";s:4:"aaaa";s:14:"DESC_EXTENSION";s:7:"aaaabbb";s:16:"CODE_SRC_ATTR_06";N;s:16:"CODE_SRC_ATTR_07";N;s:16:"CODE_SRC_ATTR_08";N;s:16:"CODE_SRC_ATTR_09";N;s:16:"CODE_SRC_ATTR_10";N;s:16:"CODE_SRC_ATTR_11";N;s:16:"CODE_SRC_ATTR_12";N;s:16:"CODE_SRC_ATTR_13";N;s:16:"CODE_SRC_ATTR_14";N;s:16:"CODE_SRC_ATTR_15";N;s:16:"CODE_SRC_ATTR_16";N;s:16:"CODE_SRC_ATTR_17";N;s:16:"CODE_SRC_ATTR_18";N;s:16:"CODE_SRC_ATTR_19";N;s:16:"CODE_SRC_ATTR_20";N;s:16:"CODE_EXT_ATTR_06";', '2015-04-28 22:36:12'),
(287, 26, 'DELETE', 'QC1_REP_MTA_RULE', 50809, 'CODE_EXTENSION', 'N;', '2015-04-28 22:36:12'),
(288, 26, 'INSERT', 'QC1_REP_SLC_DEFINITION', 0, '', 'a:4:{s:9:"CODE_USER";s:5:"aaaaa";s:10:"NAME_SLICE";s:5:"aaaaa";s:10:"DESC_SLICE";s:3:"aaa";s:16:"CODE_SLICE_FIELD";s:5:"51207";}', '2015-04-28 22:36:39'),
(289, 26, 'UPDATE', 'QC1_REP_SLC_DEFINITION', 51215, 'CODE_SLICE', 'O:8:"stdClass":5:{s:10:"CODE_SLICE";s:5:"51215";s:9:"CODE_USER";s:5:"aaaaa";s:10:"NAME_SLICE";s:5:"aaaaa";s:10:"DESC_SLICE";s:3:"aaa";s:16:"CODE_SLICE_FIELD";s:5:"51207";}', '2015-04-28 22:36:46'),
(290, 26, 'INSERT', 'QC1_REP_SLC_RULE', 0, '', 'a:6:{s:9:"NAME_RULE";s:1:"1";s:13:"LEFT_OPERATOR";s:1:"<";s:10:"LEFT_VALUE";s:1:"2";s:14:"RIGHT_OPERATOR";s:2:"<=";s:11:"RIGHT_VALUE";s:1:"3";s:10:"CODE_SLICE";s:5:"51215";}', '2015-04-28 22:37:06'),
(291, 26, 'INSERT', 'QC1_REP_SLC_RULE', 0, '', 'a:6:{s:9:"NAME_RULE";s:1:"2";s:13:"LEFT_OPERATOR";s:2:"<=";s:10:"LEFT_VALUE";s:1:"1";s:14:"RIGHT_OPERATOR";s:1:">";s:11:"RIGHT_VALUE";s:1:"4";s:10:"CODE_SLICE";s:5:"51215";}', '2015-04-28 22:37:17'),
(292, 26, 'UPDATE', 'QC1_REP_SLC_RULE', 51250, 'CODE_RULE', 'O:8:"stdClass":7:{s:9:"CODE_RULE";s:5:"51250";s:10:"CODE_SLICE";s:5:"51215";s:9:"NAME_RULE";s:1:"2";s:13:"LEFT_OPERATOR";s:2:"<=";s:10:"LEFT_VALUE";s:1:"1";s:14:"RIGHT_OPERATOR";s:1:">";s:11:"RIGHT_VALUE";s:1:"4";}', '2015-04-28 22:37:25'),
(293, 26, 'DELETE', 'QC1_REP_SLC_RULE', 51250, 'CODE_RULE', 'O:8:"stdClass":7:{s:9:"CODE_RULE";s:5:"51250";s:10:"CODE_SLICE";s:5:"51215";s:9:"NAME_RULE";s:1:"2";s:13:"LEFT_OPERATOR";s:2:"<=";s:10:"LEFT_VALUE";s:1:"1";s:14:"RIGHT_OPERATOR";s:1:">";s:11:"RIGHT_VALUE";s:1:"5";}', '2015-04-28 22:37:29'),
(294, 26, 'IMPORT', 'QC1_REP_SLC_RULE', 51215, 'CODE_SLICE', '', '2015-04-28 22:38:44'),
(295, 26, 'DELETE', 'QC1_REP_SLC_RULE', 51255, 'CODE_RULE', 'O:8:"stdClass":7:{s:9:"CODE_RULE";s:5:"51255";s:10:"CODE_SLICE";s:5:"51215";s:9:"NAME_RULE";s:1:"5";s:13:"LEFT_OPERATOR";s:1:"<";s:10:"LEFT_VALUE";s:1:"6";s:14:"RIGHT_OPERATOR";s:2:"<=";s:11:"RIGHT_VALUE";s:1:"7";}', '2015-04-28 22:38:53'),
(296, 26, 'DELETE', 'QC1_REP_SLC_DEFINITION', 51215, 'CODE_SLICE', 'O:8:"stdClass":5:{s:10:"CODE_SLICE";s:5:"51215";s:9:"CODE_USER";s:5:"aaaaa";s:10:"NAME_SLICE";s:8:"aaaaabbb";s:10:"DESC_SLICE";s:3:"aaa";s:16:"CODE_SLICE_FIELD";s:5:"51207";}', '2015-04-28 22:39:11'),
(297, 26, 'DELETE', 'QC1_REP_SLC_RULE', 51215, 'CODE_SLICE', 'O:8:"stdClass":7:{s:9:"CODE_RULE";s:5:"51251";s:10:"CODE_SLICE";s:5:"51215";s:9:"NAME_RULE";s:1:"1";s:13:"LEFT_OPERATOR";s:1:"<";s:10:"LEFT_VALUE";s:1:"2";s:14:"RIGHT_OPERATOR";s:2:"<=";s:11:"RIGHT_VALUE";s:1:"3";}', '2015-04-28 22:39:11'),
(298, 26, 'INSERT', 'QC1_REP_SLC_FIELD', 0, '', 'a:5:{s:16:"CODE_SLICE_FIELD";s:0:"";s:16:"NAME_SLICE_FIELD";s:5:"aaaaa";s:17:"NAME_FIELD_SOURCE";s:4:"aaaa";s:17:"NAME_FIELD_TARGET";s:3:"aaa";s:10:"NAME_TABLE";s:0:"";}', '2015-04-28 22:39:41'),
(299, 26, 'UPDATE', 'QC1_REP_SLC_FIELD', 51215, 'CODE_SLICE_FIELD', 'O:8:"stdClass":5:{s:16:"CODE_SLICE_FIELD";s:5:"51215";s:16:"NAME_SLICE_FIELD";s:5:"aaaaa";s:17:"NAME_FIELD_SOURCE";s:4:"aaaa";s:17:"NAME_FIELD_TARGET";s:3:"aaa";s:10:"NAME_TABLE";s:0:"";}', '2015-04-28 22:39:46'),
(300, 26, 'UPDATE', 'QC1_REP_SLC_FIELD', 51215, 'CODE_SLICE_FIELD', 'O:8:"stdClass":5:{s:16:"CODE_SLICE_FIELD";s:5:"51215";s:16:"NAME_SLICE_FIELD";s:5:"aaaaa";s:17:"NAME_FIELD_SOURCE";s:4:"aaaa";s:17:"NAME_FIELD_TARGET";s:3:"aaa";s:10:"NAME_TABLE";s:0:"";}', '2015-04-28 22:39:58'),
(301, 26, 'UPDATE', 'QC1_REP_SLC_FIELD', 51215, 'CODE_SLICE_FIELD', 'O:8:"stdClass":5:{s:16:"CODE_SLICE_FIELD";s:5:"51215";s:16:"NAME_SLICE_FIELD";s:5:"aaaaa";s:17:"NAME_FIELD_SOURCE";s:7:"aaaabbb";s:17:"NAME_FIELD_TARGET";s:3:"aaa";s:10:"NAME_TABLE";s:0:"";}', '2015-04-28 22:40:19'),
(302, 26, 'INSERT', 'QC1_REP_SLC_FIELD', 0, '', 'a:5:{s:16:"CODE_SLICE_FIELD";s:0:"";s:16:"NAME_SLICE_FIELD";s:1:"1";s:17:"NAME_FIELD_SOURCE";s:1:"2";s:17:"NAME_FIELD_TARGET";s:1:"3";s:10:"NAME_TABLE";s:1:"4";}', '2015-04-28 22:43:28'),
(303, 26, 'DELETE', 'QC1_REP_SLC_FIELD', 51216, 'CODE_SLICE_FIELD', 'O:8:"stdClass":5:{s:16:"CODE_SLICE_FIELD";s:5:"51216";s:16:"NAME_SLICE_FIELD";s:1:"1";s:17:"NAME_FIELD_SOURCE";s:1:"2";s:17:"NAME_FIELD_TARGET";s:1:"3";s:10:"NAME_TABLE";s:1:"4";}', '2015-04-28 22:43:34'),
(304, 26, 'INSERT', 'QC1_REP_MSG_CONTENT', 0, '', 'a:4:{s:12:"CODE_CONTENT";s:0:"";s:9:"CODE_TYPE";s:1:"1";s:9:"CODE_LANG";s:2:"EN";s:12:"DESC_CONTENT";s:3:"yes";}', '2015-04-28 22:44:02'),
(305, 26, 'UPDATE', 'QC1_REP_MSG_CONTENT', 50799, 'CODE_CONTENT', 'O:8:"stdClass":4:{s:12:"CODE_CONTENT";s:5:"50799";s:9:"CODE_TYPE";s:1:"1";s:9:"CODE_LANG";s:2:"EN";s:12:"DESC_CONTENT";s:3:"yes";}', '2015-04-28 22:44:17'),
(306, 26, 'DELETE', 'QC1_REP_MSG_CONTENT', 50799, 'CODE_CONTENT', 'O:8:"stdClass":4:{s:12:"CODE_CONTENT";s:5:"50799";s:9:"CODE_TYPE";s:1:"1";s:9:"CODE_LANG";s:2:"EN";s:12:"DESC_CONTENT";s:9:"yesssssss";}', '2015-04-28 22:44:22'),
(307, 26, 'INSERT', 'QC1_REP_SEN_FIELDS', 0, '', 'a:5:{s:8:"SEN_CODE";s:0:"";s:8:"SEN_NAME";s:4:"aaaa";s:8:"SEN_DESC";s:4:"aaaa";s:18:"SEN_CODE_SRC_FIELD";s:4:"3327";s:18:"SEN_CODE_TGT_FIELD";s:5:"50599";}', '2015-04-28 22:45:08'),
(308, 26, 'UPDATE', 'QC1_REP_SEN_FIELDS', 50857, 'SEN_CODE', 'O:8:"stdClass":5:{s:8:"SEN_CODE";s:5:"50857";s:8:"SEN_NAME";s:4:"aaaa";s:8:"SEN_DESC";s:4:"aaaa";s:18:"SEN_CODE_SRC_FIELD";s:4:"3327";s:18:"SEN_CODE_TGT_FIELD";s:5:"50599";}', '2015-04-28 22:45:20'),
(309, 26, 'DELETE', 'QC1_REP_SEN_FIELDS', 50857, 'SEN_CODE', 'O:8:"stdClass":5:{s:8:"SEN_CODE";s:5:"50857";s:8:"SEN_NAME";s:4:"aaaa";s:8:"SEN_DESC";s:7:"aaaabbb";s:18:"SEN_CODE_SRC_FIELD";s:4:"3327";s:18:"SEN_CODE_TGT_FIELD";s:5:"50598";}', '2015-04-28 22:45:28'),
(310, 26, 'INSERT', 'QC1_REP_PRI_INDICATOR', 0, '', 'a:5:{s:14:"NAME_INDICATOR";s:4:"aaaa";s:14:"DESC_INDICATOR";s:4:"aaaa";s:12:"TARGET_FIELD";s:1:"1";s:9:"CODE_TYPE";s:4:"aaaa";s:9:"DESC_TYPE";s:4:"aaaa";}', '2015-04-28 22:46:00'),
(311, 26, 'UPDATE', 'QC1_REP_PRI_INDICATOR', 8, 'CODE_INDICATOR', 'O:8:"stdClass":26:{s:14:"CODE_INDICATOR";s:1:"8";s:14:"NAME_INDICATOR";s:4:"aaaa";s:14:"DESC_INDICATOR";s:4:"aaaa";s:12:"TARGET_FIELD";s:1:"1";s:9:"CODE_TYPE";s:4:"aaaa";s:9:"DESC_TYPE";s:4:"aaaa";s:7:"UDF_001";N;s:7:"UDF_002";N;s:7:"UDF_003";N;s:7:"UDF_004";N;s:7:"UDF_005";N;s:7:"UDF_006";N;s:7:"UDF_007";N;s:7:"UDF_008";N;s:7:"UDF_009";N;s:7:"UDF_010";N;s:7:"UDF_011";N;s:7:"UDF_012";N;s:7:"UDF_013";N;s:7:"UDF_014";N;s:7:"UDF_015";N;s:7:"UDF_016";N;s:7:"UDF_017";N;s:7:"UDF_018";N;s:7:"UDF_019";N;s:7:"UDF_020";N;}', '2015-04-28 22:46:09');
INSERT INTO `QC1_REP_LOG` (`ID`, `CODE_USER`, `ACTION`, `TABLE_IMPACTED`, `ID_IN_TABLE`, `FIELD_IN_TABLE`, `SERIALIZED_ACTION`, `EXECUTION_DATE`) VALUES
(312, 26, 'UPDATE', 'QC1_REP_PRI_DEFINITION', 8, 'CODE_INDICATOR', 'O:8:"stdClass":9:{s:14:"CODE_INDICATOR";s:1:"8";s:12:"CODE_PR_RULE";N;s:12:"CODE_PR_ITEM";s:24:"SFR_BONUS_PAYED_BIYEARLY";s:4:"SIGN";N;s:10:"FLG_NUMBER";N;s:17:"FLG_RATE_EMPLOYEE";N;s:17:"FLG_RATE_EMPLOYER";N;s:19:"FLG_AMOUNT_EMPLOYEE";N;s:19:"FLG_AMOUNT_EMPLOYER";N;}', '2015-04-28 22:46:47'),
(313, 26, 'UPDATE', 'QC1_REP_PRI_DEFINITION', 8, 'CODE_INDICATOR', 'O:8:"stdClass":9:{s:14:"CODE_INDICATOR";s:1:"8";s:12:"CODE_PR_RULE";N;s:12:"CODE_PR_ITEM";s:24:"SFR_BONUS_PAYED_BIYEARLY";s:4:"SIGN";N;s:10:"FLG_NUMBER";N;s:17:"FLG_RATE_EMPLOYEE";N;s:17:"FLG_RATE_EMPLOYER";N;s:19:"FLG_AMOUNT_EMPLOYEE";N;s:19:"FLG_AMOUNT_EMPLOYER";N;}', '2015-04-28 22:47:14'),
(314, 26, 'UPDATE', 'QC1_REP_PRI_DEFINITION', 8, 'CODE_INDICATOR', 'O:8:"stdClass":9:{s:14:"CODE_INDICATOR";s:1:"8";s:12:"CODE_PR_RULE";N;s:12:"CODE_PR_ITEM";s:24:"SFR_BONUS_PAYED_BIYEARLY";s:4:"SIGN";N;s:10:"FLG_NUMBER";N;s:17:"FLG_RATE_EMPLOYEE";N;s:17:"FLG_RATE_EMPLOYER";N;s:19:"FLG_AMOUNT_EMPLOYEE";N;s:19:"FLG_AMOUNT_EMPLOYER";N;}', '2015-04-28 22:47:35'),
(315, 26, 'UPDATE', 'QC1_REP_PRI_DEFINITION', 8, 'CODE_INDICATOR', 'O:8:"stdClass":9:{s:14:"CODE_INDICATOR";s:1:"8";s:12:"CODE_PR_RULE";N;s:12:"CODE_PR_ITEM";s:24:"SFR_BONUS_PAYED_BIYEARLY";s:4:"SIGN";N;s:10:"FLG_NUMBER";N;s:17:"FLG_RATE_EMPLOYEE";N;s:17:"FLG_RATE_EMPLOYER";N;s:19:"FLG_AMOUNT_EMPLOYEE";N;s:19:"FLG_AMOUNT_EMPLOYER";N;}', '2015-04-28 22:47:46'),
(316, 26, 'UPDATE', 'QC1_REP_PRI_DEFINITION', 8, 'CODE_INDICATOR', 'O:8:"stdClass":9:{s:14:"CODE_INDICATOR";s:1:"8";s:12:"CODE_PR_RULE";N;s:12:"CODE_PR_ITEM";s:19:"CFR_ABATT_20_ARTIST";s:4:"SIGN";N;s:10:"FLG_NUMBER";N;s:17:"FLG_RATE_EMPLOYEE";N;s:17:"FLG_RATE_EMPLOYER";N;s:19:"FLG_AMOUNT_EMPLOYEE";N;s:19:"FLG_AMOUNT_EMPLOYER";N;}', '2015-04-28 22:48:12'),
(317, 26, 'UPDATE', 'QC1_REP_PRI_DEFINITION', 8, 'CODE_INDICATOR', 'O:8:"stdClass":9:{s:14:"CODE_INDICATOR";s:1:"8";s:12:"CODE_PR_RULE";N;s:12:"CODE_PR_ITEM";s:19:"CFR_ABATT_20_ARTIST";s:4:"SIGN";N;s:10:"FLG_NUMBER";N;s:17:"FLG_RATE_EMPLOYEE";N;s:17:"FLG_RATE_EMPLOYER";N;s:19:"FLG_AMOUNT_EMPLOYEE";N;s:19:"FLG_AMOUNT_EMPLOYER";N;}', '2015-04-28 22:48:33'),
(318, 26, 'UPDATE', 'QC1_REP_PRI_DEFINITION', 8, 'CODE_INDICATOR', 'O:8:"stdClass":9:{s:14:"CODE_INDICATOR";s:1:"8";s:12:"CODE_PR_RULE";N;s:12:"CODE_PR_ITEM";s:19:"CFR_ABATT_20_ARTIST";s:4:"SIGN";N;s:10:"FLG_NUMBER";N;s:17:"FLG_RATE_EMPLOYEE";N;s:17:"FLG_RATE_EMPLOYER";N;s:19:"FLG_AMOUNT_EMPLOYEE";N;s:19:"FLG_AMOUNT_EMPLOYER";N;}', '2015-04-28 22:50:47'),
(319, 26, 'UPDATE', 'QC1_REP_PRI_DEFINITION', 8, 'CODE_INDICATOR', 'O:8:"stdClass":9:{s:14:"CODE_INDICATOR";s:1:"8";s:12:"CODE_PR_RULE";N;s:12:"CODE_PR_ITEM";s:19:"CFR_ABATT_20_ARTIST";s:4:"SIGN";N;s:10:"FLG_NUMBER";N;s:17:"FLG_RATE_EMPLOYEE";N;s:17:"FLG_RATE_EMPLOYER";N;s:19:"FLG_AMOUNT_EMPLOYEE";N;s:19:"FLG_AMOUNT_EMPLOYER";N;}', '2015-04-28 22:55:14'),
(320, 26, 'UPDATE', 'QC1_REP_PRI_DEFINITION', 8, 'CODE_INDICATOR', 'O:8:"stdClass":9:{s:14:"CODE_INDICATOR";s:1:"8";s:12:"CODE_PR_RULE";N;s:12:"CODE_PR_ITEM";s:0:"";s:4:"SIGN";N;s:10:"FLG_NUMBER";N;s:17:"FLG_RATE_EMPLOYEE";N;s:17:"FLG_RATE_EMPLOYER";N;s:19:"FLG_AMOUNT_EMPLOYEE";N;s:19:"FLG_AMOUNT_EMPLOYER";N;}', '2015-04-28 22:58:36'),
(321, 26, 'UPDATE', 'QC1_REP_PRI_DEFINITION', 8, 'CODE_INDICATOR', 'O:8:"stdClass":9:{s:14:"CODE_INDICATOR";s:1:"8";s:12:"CODE_PR_RULE";s:5:"META4";s:12:"CODE_PR_ITEM";s:22:"SFR_BONUS_PAYED_YEARLY";s:4:"SIGN";N;s:10:"FLG_NUMBER";N;s:17:"FLG_RATE_EMPLOYEE";N;s:17:"FLG_RATE_EMPLOYER";N;s:19:"FLG_AMOUNT_EMPLOYEE";N;s:19:"FLG_AMOUNT_EMPLOYER";N;}', '2015-04-28 22:59:37'),
(322, 26, 'DELETE', 'QC1_REP_PRI_INDICATOR', 8, 'CODE_INDICATOR', 'O:8:"stdClass":26:{s:14:"CODE_INDICATOR";s:1:"8";s:14:"NAME_INDICATOR";s:8:"aaaabbbb";s:14:"DESC_INDICATOR";s:6:"aaaabb";s:12:"TARGET_FIELD";s:1:"1";s:9:"CODE_TYPE";s:4:"aaaa";s:9:"DESC_TYPE";s:4:"aaaa";s:7:"UDF_001";N;s:7:"UDF_002";N;s:7:"UDF_003";N;s:7:"UDF_004";N;s:7:"UDF_005";N;s:7:"UDF_006";N;s:7:"UDF_007";N;s:7:"UDF_008";N;s:7:"UDF_009";N;s:7:"UDF_010";N;s:7:"UDF_011";N;s:7:"UDF_012";N;s:7:"UDF_013";N;s:7:"UDF_014";N;s:7:"UDF_015";N;s:7:"UDF_016";N;s:7:"UDF_017";N;s:7:"UDF_018";N;s:7:"UDF_019";N;s:7:"UDF_020";N;}', '2015-04-28 23:01:05'),
(323, 26, 'DELETE', 'QC1_REP_PRI_DEFINITION', 8, 'CODE_INDICATOR', 'O:8:"stdClass":9:{s:14:"CODE_INDICATOR";s:1:"8";s:12:"CODE_PR_RULE";s:5:"META4";s:12:"CODE_PR_ITEM";s:22:"SFR_BONUS_PAYED_YEARLY";s:4:"SIGN";N;s:10:"FLG_NUMBER";N;s:17:"FLG_RATE_EMPLOYEE";N;s:17:"FLG_RATE_EMPLOYER";N;s:19:"FLG_AMOUNT_EMPLOYEE";N;s:19:"FLG_AMOUNT_EMPLOYER";N;}', '2015-04-28 23:01:05'),
(324, 26, 'INSERT', 'QC1_REP_MBI_INDICATOR', 0, '', 'a:4:{s:14:"NAME_INDICATOR";s:4:"aaaa";s:14:"DESC_INDICATOR";s:3:"aaa";s:11:"CODE_DOMAIN";s:1:"2";s:12:"TARGET_FIELD";s:15:"QC1_MOB_UDF_035";}', '2015-04-28 23:01:38'),
(325, 26, 'UPDATE', 'QC1_REP_MBI_INDICATOR', 51208, 'CODE_INDICATOR', 'O:8:"stdClass":5:{s:14:"CODE_INDICATOR";s:5:"51208";s:14:"NAME_INDICATOR";s:4:"aaaa";s:14:"DESC_INDICATOR";s:3:"aaa";s:12:"TARGET_FIELD";s:15:"QC1_MOB_UDF_035";s:11:"CODE_DOMAIN";s:1:"2";}', '2015-04-28 23:02:02'),
(326, 26, 'INSERT', 'QC1_REP_MBI_DEFINITION', 0, '', 'a:4:{s:14:"CODE_ATTRIBUTE";s:4:"3127";s:9:"MOD_FIELD";s:15:"QC1_CTR_TKH_002";s:8:"OPERATOR";s:2:"Et";s:14:"CODE_INDICATOR";s:5:"51208";}', '2015-04-28 23:02:37'),
(327, 26, 'INSERT', 'QC1_REP_MBI_DEFINITION', 0, '', 'a:4:{s:14:"CODE_ATTRIBUTE";s:4:"3128";s:9:"MOD_FIELD";s:15:"QC1_CTR_TKH_003";s:8:"OPERATOR";s:2:"Et";s:14:"CODE_INDICATOR";s:5:"51208";}', '2015-04-28 23:02:47'),
(328, 26, 'UPDATE', 'QC1_REP_MBI_DEFINITION', 51208, 'CODE_INDICATOR', 'O:8:"stdClass":4:{s:14:"CODE_INDICATOR";s:5:"51208";s:14:"CODE_ATTRIBUTE";s:4:"3127";s:9:"MOD_FIELD";s:15:"QC1_CTR_TKH_002";s:8:"OPERATOR";s:2:"Et";}', '2015-04-28 23:02:56'),
(329, 26, 'DELETE', 'QC1_REP_MBI_INDICATOR', 51208, 'CODE_INDICATOR', 'O:8:"stdClass":5:{s:14:"CODE_INDICATOR";s:5:"51208";s:14:"NAME_INDICATOR";s:6:"aaaabb";s:14:"DESC_INDICATOR";s:5:"aaabb";s:12:"TARGET_FIELD";s:15:"QC1_MOB_UDF_034";s:11:"CODE_DOMAIN";s:1:"3";}', '2015-04-28 23:04:31'),
(330, 26, 'DELETE', 'QC1_REP_MBI_DEFINITION', 51208, 'CODE_INDICATOR', 'O:8:"stdClass":4:{s:14:"CODE_INDICATOR";s:5:"51208";s:14:"CODE_ATTRIBUTE";s:4:"3127";s:9:"MOD_FIELD";s:15:"QC1_CTR_TKH_002";s:8:"OPERATOR";s:2:"Et";}', '2015-04-28 23:04:31'),
(331, 26, 'INSERT', 'QC1_REP_SEC_MOD_DEFINITION', 0, '', 'a:6:{s:7:"ITEM_ID";s:0:"";s:9:"ITEM_NAME";s:4:"Test";s:10:"ITEM_ORDER";s:1:"6";s:9:"PARENT_ID";s:1:"1";s:4:"CONF";s:23:"origines|liste_origines";s:9:"ITEM_ICON";s:8:"fa-money";}', '2015-04-28 23:26:35'),
(332, 26, 'UPDATE', 'QC1_REP_SEC_MOD_DEFINITION', 54, 'ITEM_ID', 'O:8:"stdClass":11:{s:7:"ITEM_ID";s:2:"54";s:9:"ITEM_NAME";s:4:"Test";s:10:"ITEM_ORDER";s:1:"6";s:9:"PARENT_ID";s:1:"1";s:4:"CONF";s:23:"origines|liste_origines";s:9:"PROFILE01";s:1:"1";s:9:"PROFILE02";N;s:9:"PROFILE03";s:1:"1";s:9:"PROFILE04";N;s:9:"PROFILE05";N;s:9:"ITEM_ICON";s:8:"fa-money";}', '2015-04-28 23:28:24'),
(333, 26, 'UPDATE', 'QC1_REP_SEC_MOD_DEFINITION', 54, 'ITEM_ID', 'O:8:"stdClass":11:{s:7:"ITEM_ID";s:2:"54";s:9:"ITEM_NAME";s:7:"Testsss";s:10:"ITEM_ORDER";s:1:"6";s:9:"PARENT_ID";s:1:"2";s:4:"CONF";s:23:"origines|liste_origines";s:9:"PROFILE01";s:1:"1";s:9:"PROFILE02";N;s:9:"PROFILE03";s:1:"1";s:9:"PROFILE04";N;s:9:"PROFILE05";N;s:9:"ITEM_ICON";s:8:"fa-money";}', '2015-04-28 23:36:12'),
(334, 26, 'INSERT', 'QC1_REP_RUN_SEQ', 0, '', 'a:9:{s:8:"NAME_SEQ";s:4:"aaaa";s:8:"DESC_SEQ";s:3:"aaa";s:9:"SEQ_ORDER";s:1:"1";s:7:"PROJECT";s:2:"aa";s:9:"CLASSPATH";s:0:"";s:10:"JOB_FOLDER";s:9:"aaaaaaaaa";s:10:"LIB_FOLDER";s:8:"aaaaaaaa";s:8:"ERR_GOTO";s:1:"6";s:4:"CONF";s:5:"aaaaa";}', '2015-04-28 23:37:27'),
(335, 26, 'UPDATE', 'QC1_REP_RUN_SEQ', 50485, 'CODE_SEQ', 'O:8:"stdClass":11:{s:8:"CODE_SEQ";s:5:"50485";s:8:"NAME_SEQ";s:4:"aaaa";s:8:"DESC_SEQ";s:3:"aaa";s:9:"SEQ_ORDER";s:1:"1";s:7:"PROJECT";s:2:"aa";s:9:"CLASSPATH";s:0:"";s:10:"JOB_FOLDER";s:9:"aaaaaaaaa";s:10:"LIB_FOLDER";s:8:"aaaaaaaa";s:8:"FLG_EXEC";N;s:8:"ERR_GOTO";s:1:"6";s:4:"CONF";s:5:"aaaaa";}', '2015-04-28 23:43:38'),
(336, 26, 'INSERT', 'QC1_REP_RUN_STEP', 0, '', 'a:13:{s:8:"CODE_JOB";s:5:"50496";s:9:"NAME_STEP";s:1:"1";s:9:"DESC_STEP";s:1:"a";s:7:"PROJECT";s:1:"b";s:9:"CLASSPATH";s:1:"c";s:10:"JOB_FOLDER";s:1:"d";s:10:"LIB_FOLDER";s:1:"e";s:8:"JAVA_XMS";s:1:"f";s:8:"JAVA_XMX";s:1:"g";s:10:"STEP_ORDER";s:1:"1";s:8:"FLG_EXEC";s:1:"1";s:12:"STEP_CONTEXT";s:1:"h";s:8:"CODE_SEQ";s:5:"50485";}', '2015-04-28 23:45:11'),
(337, 26, 'INSERT', 'QC1_REP_RUN_STEP', 0, '', 'a:13:{s:8:"CODE_JOB";s:5:"50497";s:9:"NAME_STEP";s:1:"2";s:9:"DESC_STEP";s:1:"m";s:7:"PROJECT";s:1:"n";s:9:"CLASSPATH";s:1:"o";s:10:"JOB_FOLDER";s:1:"p";s:10:"LIB_FOLDER";s:1:"q";s:8:"JAVA_XMS";s:1:"r";s:8:"JAVA_XMX";s:1:"s";s:10:"STEP_ORDER";s:1:"2";s:8:"FLG_STOP";s:1:"1";s:12:"STEP_CONTEXT";s:1:"t";s:8:"CODE_SEQ";s:5:"50485";}', '2015-04-28 23:45:55'),
(338, 26, 'DELETE', 'QC1_REP_RUN_STEP', 51223, 'CODE_STEP', 'O:8:"stdClass":15:{s:8:"CODE_SEQ";s:5:"50485";s:9:"CODE_STEP";s:5:"51223";s:8:"CODE_JOB";s:5:"50497";s:9:"NAME_STEP";s:1:"2";s:9:"DESC_STEP";s:1:"m";s:7:"PROJECT";s:1:"n";s:9:"CLASSPATH";s:1:"o";s:10:"JOB_FOLDER";s:1:"p";s:10:"LIB_FOLDER";s:1:"q";s:8:"JAVA_XMS";s:1:"r";s:8:"JAVA_XMX";s:1:"s";s:10:"STEP_ORDER";s:1:"2";s:8:"FLG_EXEC";N;s:8:"FLG_STOP";s:1:"1";s:12:"STEP_CONTEXT";s:1:"t";}', '2015-04-28 23:46:13'),
(339, 26, 'INSERT', 'QC1_REP_RUN_JOB', 0, '', 'a:3:{s:8:"NAME_JOB";s:5:"aaaaa";s:8:"DESC_JOB";s:4:"aaaa";s:7:"VERSION";s:2:"aa";}', '2015-04-28 23:47:11'),
(340, 26, 'UPDATE', 'QC1_REP_RUN_JOB', 51222, 'CODE_JOB', 'O:8:"stdClass":4:{s:8:"CODE_JOB";s:5:"51222";s:8:"NAME_JOB";s:5:"aaaaa";s:8:"DESC_JOB";s:4:"aaaa";s:7:"VERSION";s:2:"aa";}', '2015-04-28 23:47:19'),
(341, 26, 'DELETE', 'QC1_REP_RUN_JOB', 51222, 'CODE_JOB', 'O:8:"stdClass":4:{s:8:"CODE_JOB";s:5:"51222";s:8:"NAME_JOB";s:7:"aaaaabb";s:8:"DESC_JOB";s:5:"aaaab";s:7:"VERSION";s:6:"aabbbb";}', '2015-04-28 23:47:25'),
(342, 26, 'DELETE', 'QC1_REP_RUN_SEQ', 50485, 'CODE_SEQ', 'O:8:"stdClass":11:{s:8:"CODE_SEQ";s:5:"50485";s:8:"NAME_SEQ";s:7:"aaaabbb";s:8:"DESC_SEQ";s:5:"aaabb";s:9:"SEQ_ORDER";s:1:"1";s:7:"PROJECT";s:2:"aa";s:9:"CLASSPATH";s:3:"add";s:10:"JOB_FOLDER";s:9:"aaaaaaaaa";s:10:"LIB_FOLDER";s:8:"aaaaaaaa";s:8:"FLG_EXEC";N;s:8:"ERR_GOTO";s:1:"1";s:4:"CONF";s:5:"aaaaa";}', '2015-04-28 23:47:57'),
(343, 26, 'DELETE', 'QC1_REP_RUN_STEP', 50485, 'CODE_SEQ', 'O:8:"stdClass":15:{s:8:"CODE_SEQ";s:5:"50485";s:9:"CODE_STEP";s:5:"51222";s:8:"CODE_JOB";s:5:"50496";s:9:"NAME_STEP";s:1:"1";s:9:"DESC_STEP";s:1:"a";s:7:"PROJECT";s:1:"b";s:9:"CLASSPATH";s:1:"c";s:10:"JOB_FOLDER";s:1:"d";s:10:"LIB_FOLDER";s:1:"e";s:8:"JAVA_XMS";s:1:"f";s:8:"JAVA_XMX";s:1:"g";s:10:"STEP_ORDER";s:1:"1";s:8:"FLG_EXEC";s:1:"1";s:8:"FLG_STOP";N;s:12:"STEP_CONTEXT";s:1:"h";}', '2015-04-28 23:47:57'),
(344, 26, 'INSERT', 'QC1_REP_SRC_FILE', 0, '', 'a:6:{s:9:"NAME_FILE";s:7:"Testmax";s:9:"DESC_FILE";s:0:"";s:11:"CODE_DOMAIN";s:1:"2";s:9:"CODE_CONN";s:0:"";s:8:"FILEPATH";s:0:"";s:11:"CODE_ORIGIN";s:0:"";}', '2015-04-29 09:56:03'),
(345, 26, 'DELETE', 'QC1_REP_SRC_FILE', 6, 'CODE_FILE', 'O:8:"stdClass":11:{s:9:"CODE_FILE";s:1:"6";s:9:"CODE_CONN";s:1:"0";s:11:"CODE_DOMAIN";s:1:"2";s:9:"NAME_FILE";s:7:"Testmax";s:9:"DESC_FILE";s:0:"";s:8:"FILEPATH";s:0:"";s:12:"FLG_OPTIONAL";N;s:13:"FLG_DUPLICATE";N;s:8:"FLG_HIST";N;s:7:"FLG_CVT";N;s:11:"CODE_ORIGIN";s:1:"0";}', '2015-04-29 09:56:15'),
(346, 26, 'DELETE', 'QC1_REP_SRC_FIELD', 6, 'CODE_FILE', 'O:8:"stdClass":7:{s:10:"CODE_FIELD";s:2:"18";s:9:"CODE_FILE";s:1:"6";s:10:"NAME_FIELD";s:1:"a";s:10:"TYPE_FIELD";s:4:"Code";s:11:"INDEX_FIELD";s:1:"1";s:16:"FLG_DAT_BEG_HIST";N;s:16:"FLG_DAT_END_HIST";N;}', '2015-04-29 09:56:15'),
(347, 26, 'INSERT', 'QC1_REP_SRC_FIELD', 0, '', 'a:4:{s:11:"INDEX_FIELD";s:4:"Test";s:10:"NAME_FIELD";s:5:"tesdt";s:10:"TYPE_FIELD";s:8:"Libellé";s:9:"CODE_FILE";s:1:"1";}', '2015-04-29 09:59:56'),
(348, 26, 'DELETE', 'QC1_REP_SRC_FIELD', 20, 'CODE_FIELD', 'O:8:"stdClass":7:{s:10:"CODE_FIELD";s:2:"20";s:9:"CODE_FILE";s:1:"1";s:10:"NAME_FIELD";s:5:"tesdt";s:10:"TYPE_FIELD";s:8:"Libellé";s:11:"INDEX_FIELD";s:1:"0";s:16:"FLG_DAT_BEG_HIST";N;s:16:"FLG_DAT_END_HIST";N;}', '2015-04-29 10:01:24'),
(349, 26, 'INSERT', 'QC1_REP_SRC_FIELD', 0, '', 'a:4:{s:11:"INDEX_FIELD";s:4:"Test";s:10:"NAME_FIELD";s:4:"test";s:10:"TYPE_FIELD";s:5:"Texte";s:9:"CODE_FILE";s:1:"1";}', '2015-04-29 10:02:04'),
(350, 26, 'DELETE', 'QC1_REP_SRC_FIELD', 21, 'CODE_FIELD', 'O:8:"stdClass":7:{s:10:"CODE_FIELD";s:2:"21";s:9:"CODE_FILE";s:1:"1";s:10:"NAME_FIELD";s:4:"test";s:10:"TYPE_FIELD";s:5:"Texte";s:11:"INDEX_FIELD";s:1:"0";s:16:"FLG_DAT_BEG_HIST";N;s:16:"FLG_DAT_END_HIST";N;}', '2015-04-29 10:02:10'),
(351, 26, 'UPDATE', 'QC1_EPE_CFG_HIST_FIELD', 1, 'CODE_FIELD', 'O:8:"stdClass":8:{s:10:"CODE_FIELD";s:1:"1";s:9:"CODE_HIST";s:5:"50312";s:13:"SOURCE_COLUMN";s:14:"QC1_EMP_NUMBER";s:13:"TARGET_COLUMN";s:14:"QC1_EMP_NUMBER";s:9:"FLG_MERGE";N;s:13:"FLG_KEY_FIELD";s:1:"1";s:10:"TYPE_FIELD";s:4:"Code";s:11:"INDEX_FIELD";N;}', '2015-04-29 10:29:10'),
(352, 26, 'UPDATE', 'QC1_EPE_CFG_HIST_FIELD', 1, 'CODE_FIELD', 'O:8:"stdClass":8:{s:10:"CODE_FIELD";s:1:"1";s:9:"CODE_HIST";s:5:"50312";s:13:"SOURCE_COLUMN";s:14:"QC1_EMP_NUMBER";s:13:"TARGET_COLUMN";s:14:"QC1_EMP_NUMBER";s:9:"FLG_MERGE";N;s:13:"FLG_KEY_FIELD";s:1:"1";s:10:"TYPE_FIELD";s:4:"Code";s:11:"INDEX_FIELD";N;}', '2015-04-29 10:29:31'),
(353, 26, 'INSERT', 'QC1_EPE_CFG_HIST_FIELD', 0, '', 'a:5:{s:11:"INDEX_FIELD";s:1:"2";s:13:"SOURCE_COLUMN";s:4:"Test";s:13:"TARGET_COLUMN";s:4:"Test";s:10:"TYPE_FIELD";s:8:"Libellé";s:9:"CODE_HIST";s:5:"50312";}', '2015-04-29 10:30:51'),
(354, 26, 'DELETE', 'QC1_EPE_CFG_HIST_FIELD', 9, 'CODE_HIST', 'N;', '2015-04-29 10:33:42'),
(355, 26, 'UPDATE', 'QC1_REP_PRI_DEFINITION', 1, 'CODE_INDICATOR', 'O:8:"stdClass":9:{s:14:"CODE_INDICATOR";s:1:"1";s:12:"CODE_PR_RULE";N;s:12:"CODE_PR_ITEM";s:19:"CFR_ABATT_25_ARTIST";s:4:"SIGN";N;s:10:"FLG_NUMBER";N;s:17:"FLG_RATE_EMPLOYEE";N;s:17:"FLG_RATE_EMPLOYER";N;s:19:"FLG_AMOUNT_EMPLOYEE";N;s:19:"FLG_AMOUNT_EMPLOYER";N;}', '2015-04-29 11:28:27'),
(356, 26, 'UPDATE', 'QC1_REP_PRI_DEFINITION', 1, 'CODE_INDICATOR', 'O:8:"stdClass":9:{s:14:"CODE_INDICATOR";s:1:"1";s:12:"CODE_PR_RULE";N;s:12:"CODE_PR_ITEM";s:19:"CFR_ABATT_25_ARTIST";s:4:"SIGN";N;s:10:"FLG_NUMBER";N;s:17:"FLG_RATE_EMPLOYEE";N;s:17:"FLG_RATE_EMPLOYER";N;s:19:"FLG_AMOUNT_EMPLOYEE";N;s:19:"FLG_AMOUNT_EMPLOYER";N;}', '2015-04-29 11:28:41'),
(357, 26, 'UPDATE', 'QC1_REP_PRI_DEFINITION', 1, 'CODE_INDICATOR', 'O:8:"stdClass":9:{s:14:"CODE_INDICATOR";s:1:"1";s:12:"CODE_PR_RULE";N;s:12:"CODE_PR_ITEM";s:19:"CFR_ABATT_25_ARTIST";s:4:"SIGN";N;s:10:"FLG_NUMBER";N;s:17:"FLG_RATE_EMPLOYEE";N;s:17:"FLG_RATE_EMPLOYER";N;s:19:"FLG_AMOUNT_EMPLOYEE";N;s:19:"FLG_AMOUNT_EMPLOYER";N;}', '2015-04-29 11:29:14'),
(358, 26, 'UPDATE', 'QC1_REP_PRI_DEFINITION', 1, 'CODE_INDICATOR', 'O:8:"stdClass":9:{s:14:"CODE_INDICATOR";s:1:"1";s:12:"CODE_PR_RULE";s:5:"META4";s:12:"CODE_PR_ITEM";s:24:"SFR_BONUS_PAYED_BIYEARLY";s:4:"SIGN";N;s:10:"FLG_NUMBER";N;s:17:"FLG_RATE_EMPLOYEE";N;s:17:"FLG_RATE_EMPLOYER";N;s:19:"FLG_AMOUNT_EMPLOYEE";N;s:19:"FLG_AMOUNT_EMPLOYER";N;}', '2015-04-29 11:29:30'),
(359, 26, 'INSERT', 'QC1_REP_MBI_DEFINITION', 0, '', 'a:4:{s:14:"CODE_ATTRIBUTE";s:4:"3317";s:9:"MOD_FIELD";s:15:"QC1_EMP_TKH_003";s:8:"OPERATOR";s:2:"Et";s:14:"CODE_INDICATOR";s:5:"51206";}', '2015-04-29 11:38:35'),
(360, 26, 'DELETE', 'QC1_REP_MBI_DEFINITION', 51206, 'CODE_INDICATOR', 'O:8:"stdClass":4:{s:14:"CODE_INDICATOR";s:5:"51206";s:14:"CODE_ATTRIBUTE";s:4:"3320";s:9:"MOD_FIELD";s:15:"QC1_EMP_TKH_006";s:8:"OPERATOR";s:2:"Et";}', '2015-04-29 11:38:41'),
(361, 26, 'DELETE', 'QC1_REP_MBI_DEFINITION', 51206, 'CODE_INDICATOR', 'O:8:"stdClass":4:{s:14:"CODE_INDICATOR";s:5:"51206";s:14:"CODE_ATTRIBUTE";s:4:"3320";s:9:"MOD_FIELD";s:15:"QC1_EMP_TKH_006";s:8:"OPERATOR";s:2:"Et";}', '2015-04-29 11:40:27'),
(362, 26, 'INSERT', 'QC1_REP_RUN_SEQ', 0, '', 'a:9:{s:8:"NAME_SEQ";s:1:"a";s:8:"DESC_SEQ";s:1:"b";s:9:"SEQ_ORDER";s:1:"1";s:7:"PROJECT";s:1:"c";s:9:"CLASSPATH";s:1:"d";s:10:"JOB_FOLDER";s:1:"e";s:10:"LIB_FOLDER";s:1:"f";s:8:"ERR_GOTO";s:2:"20";s:4:"CONF";s:1:"g";}', '2015-04-29 11:47:39'),
(363, 26, 'IMPORT', 'QC1_REP_MTA_RULE', 50798, 'CODE_EXTENSION', '', '2015-04-29 12:49:52'),
(364, 26, 'IMPORT', 'QC1_REP_MTA_RULE', 50798, 'CODE_EXTENSION', '', '2015-04-29 12:54:22'),
(365, 26, 'INSERT', 'QC1_REP_SEC_MOD_DEFINITION', 0, '', 'a:6:{s:7:"ITEM_ID";s:0:"";s:9:"ITEM_NAME";s:4:"Test";s:10:"ITEM_ORDER";s:0:"";s:9:"PARENT_ID";s:1:"1";s:4:"CONF";s:36:"tranches|referentiels|liste_tranches";s:9:"ITEM_ICON";s:6:"fa-tel";}', '2015-04-29 15:24:27');

-- --------------------------------------------------------

--
-- Structure de la table `QC1_REP_MBI_DEFINITION`
--

CREATE TABLE IF NOT EXISTS `QC1_REP_MBI_DEFINITION` (
  `CODE_INDICATOR` double default NULL,
  `CODE_ATTRIBUTE` double default NULL,
  `MOD_FIELD` varchar(50) default NULL,
  `OPERATOR` varchar(2) default NULL
) ENGINE=InnoDB DEFAULT CHARSET=utf8;

--
-- Contenu de la table `QC1_REP_MBI_DEFINITION`
--

INSERT INTO `QC1_REP_MBI_DEFINITION` (`CODE_INDICATOR`, `CODE_ATTRIBUTE`, `MOD_FIELD`, `OPERATOR`) VALUES
(50782, 3136, 'QC1_CTR_TKH_001', 'Et'),
(50785, 2956, 'QC1_CLS_TKH_001', 'Et'),
(50784, 3135, 'QC1_CTR_TKH_002', 'Et'),
(50786, 3011, 'QC1_CLS_TKH_002', 'Et'),
(50787, 3128, 'QC1_CTR_TKH_004', 'Et'),
(50788, 3013, 'QC1_CLS_TKH_003', 'Et'),
(51205, 2984, 'QC1_CLS_TKH_007', 'Et'),
(50789, 3012, 'QC1_CLS_TKH_004', 'Et'),
(50790, 3128, 'QC1_CTR_TKH_005', 'Et'),
(50791, 2834, 'QC1_ASS_TKH_004', 'Et'),
(50795, 3191, 'QC1_CTR_TKH_003', 'Et'),
(50793, 2834, 'QC1_ASS_TKH_005', 'Et'),
(50796, 3517, 'QC1_SAL_TKH_001', 'Et'),
(50794, 2986, 'QC1_CLS_TKH_006', 'Et'),
(50792, 2981, 'QC1_CLS_TKH_005', 'Et'),
(50781, 2834, 'QC1_ASS_TKH_001', 'Et'),
(50789, 2954, 'QC1_CLS_TKH_003', 'Ou'),
(51206, 3320, 'QC1_EMP_TKH_006', 'Et');

-- --------------------------------------------------------

--
-- Structure de la table `QC1_REP_MBI_INDICATOR`
--

CREATE TABLE IF NOT EXISTS `QC1_REP_MBI_INDICATOR` (
  `CODE_INDICATOR` int(11) NOT NULL auto_increment,
  `NAME_INDICATOR` varchar(50) default NULL,
  `DESC_INDICATOR` varchar(250) default NULL,
  `TARGET_FIELD` varchar(50) default NULL,
  `CODE_DOMAIN` double default NULL,
  UNIQUE KEY `CODE_INDICATOR` (`CODE_INDICATOR`)
) ENGINE=InnoDB  DEFAULT CHARSET=utf8 AUTO_INCREMENT=51207 ;

--
-- Contenu de la table `QC1_REP_MBI_INDICATOR`
--

INSERT INTO `QC1_REP_MBI_INDICATOR` (`CODE_INDICATOR`, `NAME_INDICATOR`, `DESC_INDICATOR`, `TARGET_FIELD`, `CODE_DOMAIN`) VALUES
(50781, 'CHANGEMENT D''UNITÉ DE TRAVAIL', 'Cet indicateur permet de comptabiliser le nombre de salariés ayant changé d''unité de travail.', 'QC1_MOB_UDF_001', 4),
(50782, 'CHANGEMENT DE NATURE DE CONTRAT', 'Cet indicateur permet de comptabiliser le nombre de salariés dont la nature de contrat a été transformé.', 'QC1_MOB_UDF_007', 3),
(50784, 'TRANSFORMATION DE TYPE DE CONTRAT', 'Cet indicateur permet de comptabiliser le nombre de salariés dont le type de contrat a été transformé.', 'QC1_MOB_UDF_006', 3),
(50785, 'CHANGEMENT DE CATEGORIE SOCIO-PROFESSIONNELLE', 'Cet indicateur permet de comptabiliser le nombre de salariés ayant changé de catégorie socio-professionnelle.', 'QC1_MOB_UDF_008', 5),
(50786, 'CHANGEMENT DE COEFFICIENT', 'Cet indicateur permet de comptabiliser le nombre de salariés ayant changé de coefficient', 'QC1_MOB_UDF_009', 5),
(50787, 'CHANGEMENT D''ENTITE JURIDIQUE (MUTATION)', 'Cet indicateur permet de comptabiliser le nombre de salariés ayant changé d''entité juridique', 'QC1_MOB_UDF_002', 3),
(50788, 'CHANGEMENT DE NIVEAU', 'Cet indicateur permet de comptabiliser le nombre de salariés ayant changé de niveau.', 'QC1_MOB_UDF_010', 5),
(50789, 'CHANGEMENT D''ECHELON', 'Cet indicateur permet de comptabiliser le nombre de salariés ayant changé d''échelon', 'QC1_MOB_UDF_011', 5),
(50790, 'CHANGEMENT D''ENSEIGNE', 'Cet indicateur permet de comptabiliser le nombre de salariés ayant changé d''enseigne', 'QC1_MOB_UDF_003', 3),
(50791, 'CHANGEMENT DE RESEAU', 'Cet indicateur permet de comptabiliser le nombre de salariés ayant changé de réseau', 'QC1_MOB_UDF_004', 4),
(50792, 'CHANGEMENT D''EMPLOI', 'Cet indicateur permet de comptabiliser le nombre de salariés ayant changé d''emploi.', 'QC1_MOB_UDF_012', 5),
(50793, 'CHANGEMENT DE RESTAURANT/SERVICE FONC./SECTION', 'Cet indicateur permet de comptabiliser le nombre de salariés ayant changé de Restaurant / Service fonctionnel / Section', 'QC1_MOB_UDF_005', 4),
(50794, 'CHANGEMENT DE SOUS FAMILLE D''EMPLOI', 'Cet indicateur permet de comptabiliser le nombre de salariés ayant changé de sous famille d''emploi.', 'QC1_MOB_UDF_013', 5),
(50795, 'CHANGEMENT DE BASE HORAIRE CONTRACTUEL', 'Cet indicateur permet de comptabiliser le nombre de salariés ayant changé de base horaire contractuel.', 'QC1_MOB_UDF_014', 3),
(50796, 'CHANGEMENT DE TAUX HORAIRE', 'Cet indicateur permet de comptabiliser le nombre de salariés ayant changé de taux horaire.', 'QC1_MOB_UDF_015', 6),
(51205, 'CHANGEMENT DE CATEGORIE D''EMPLOI', 'Cet indicateur permet de comptabiliser le nombre de salariés ayant changé de catégorie d''emploi.', 'QC1_MOB_UDF_016', 5),
(51206, 'A Test NSI', 'A Test NSI', 'QC1_MOB_UDF_036', 2);

-- --------------------------------------------------------

--
-- Structure de la table `QC1_REP_MSG_CONTENT`
--

CREATE TABLE IF NOT EXISTS `QC1_REP_MSG_CONTENT` (
  `CODE_CONTENT` int(11) NOT NULL auto_increment,
  `CODE_TYPE` varchar(20) default NULL,
  `CODE_LANG` varchar(20) default NULL,
  `DESC_CONTENT` varchar(4000) default NULL,
  UNIQUE KEY `CODE_CONTENT` (`CODE_CONTENT`)
) ENGINE=InnoDB  DEFAULT CHARSET=utf8 AUTO_INCREMENT=50798 ;

--
-- Contenu de la table `QC1_REP_MSG_CONTENT`
--

INSERT INTO `QC1_REP_MSG_CONTENT` (`CODE_CONTENT`, `CODE_TYPE`, `CODE_LANG`, `DESC_CONTENT`) VALUES
(50755, '1', 'FR', '119 - Commentaires Effectif Titulaire et Contractuel'),
(50756, '1', 'FR', '122 - Commentaires Nombre de école au 31 décembre'),
(50757, '1', 'FR', '130 - Commentaires Embauches au cours de l''année'),
(50758, '1', 'FR', '131 - Commentaires Nombre d''embauches en CDI'),
(50759, '1', 'FR', '132 - Commentaires Nombre d''embauches Titulaires et Contractuel'),
(50760, '1', 'FR', '134 - Commentaires Nombre d''embauches d''agent de moins de 25 ans'),
(50761, '1', 'FR', '142b - Commentaires Nombre de ruptures conventionnelles'),
(50762, '1', 'FR', '143 - Commentaires Nombre licenciements pour motif économique'),
(50763, '1', 'FR', '144 - Commentaires Nombre licenciements pour autres causes'),
(50764, '1', 'FR', '145 - Commentaires Fins de CDD'),
(50765, '1', 'FR', '146 - Commentaires Départs au cours de la période d''essai'),
(50766, '1', 'FR', '147 - Commentaires Mutations dans un autre établissement'),
(50767, '1', 'FR', '148 - Commentaires Départs volontaires en retraite et préretraite'),
(50768, '1', 'FR', '149 - Commentaires Décès'),
(50769, '1', 'FR', '151 - Commentaires Nombre de salariés promus dans l''année dans une catégorie supérieure'),
(50770, '1', 'FR', '152 - Commentaires Nombre de salariés ayant bénéficiés d''une augmentation individuelle'),
(50771, '1', 'FR', '161 - Commentaires Nombre de salariés mis au chômage partiel'),
(50772, '1', 'FR', '171 - Commentaires Nombre de travailleurs handicapés au 31 décembre'),
(50773, '1', 'FR', '185 - Commentaires Nombre de jours d''absence pour maternité ou adoption'),
(50774, '1', 'FR', '186 - Commentaires Nombre de jours d''absence pour évènements familiaux'),
(50775, '1', 'FR', '187 - Commentaires Nombre de jours d''absence pour autres causes'),
(50776, '1', 'FR', '188 - Commentaires Nombre de jours théoriques travaillés'),
(50777, '1', 'FR', '111b - Commentaires Effectif en activité au 31 décembre'),
(50778, '1', 'FR', '112 - Commentaires Effectif permanent'),
(50779, '1', 'FR', '111 - La decroissance de l''effectif social est de 3,2% par rapport à l''année dernière. Elle marque un ralentissement par rapport a celle constatee l''annee precedente (5,8% en 2009). Elle s''explique par la poursuite des departs naturels, et notamment les departs en retraite pour les salaries en activite et pour ceux en conges de fin de carriere. Ces departs sont en partie compenses par les recrutements externes et les mobilites venant des filiales du Groupe. Le nombre total de cadres progresse de 1,1% alors que le nombre total de non-cadres decroit de 5%.'),
(50780, '1', 'FR', '112b - Commentaires Effectif permanent à temps partiel'),
(50781, '1', 'FR', '113 - Commentaires Effectif Contractuel \r\nau 31 décembre'),
(50782, '1', 'FR', '114 - Commentaires Effectif moyen'),
(50783, '1', 'FR', '114b - Commentaires Effectif moyen pondéré'),
(50784, '1', 'FR', '115 - Commentaires Effectif total par sexe'),
(50785, '1', 'FR', '116 - Commentaires Effectif total par âge'),
(50786, '1', 'FR', '162 - Commentaires Nombre total d''heures de chômage partiel pendant l''année (indemnisé / Non indemnisé)'),
(50787, '1', 'FR', '172 - Commentaires Nombre de travailleurs handicapés à la suite d''accidents de travail intervenus dans l''entreprise, employés au 31 décembre'),
(50788, '1', 'FR', '181 - Commentaires Nombre total de jours d''absence'),
(50789, '1', 'FR', '182 - Commentaires Nombre de jours d''absence pour maladie'),
(50790, '1', 'FR', '141 - Commentaires Total des départs\r\n'),
(50791, '1', 'FR', '142 - Commentaires Nombre de départs Titulaire et Contractuel'),
(50792, '1', 'FR', '183 - Commentaires Répartition des jours d''absences maladie selon la durée'),
(50793, '1', 'FR', '184 - Commentaires Nombre de jours d''absence pour accident de travail et accident de trajet'),
(50794, '1', 'FR', '116b - Commentaires Age moyen'),
(50795, '1', 'FR', '117 - Commentaires Effectif total par ancienneté'),
(50796, '1', 'FR', '117b - Commentaires Ancienneté moyenne'),
(50797, '1', 'FR', '118 - Commentaires Effectif total par nationalité');

-- --------------------------------------------------------

--
-- Structure de la table `QC1_REP_MTA_EXTENSION`
--

CREATE TABLE IF NOT EXISTS `QC1_REP_MTA_EXTENSION` (
  `CODE_EXTENSION` int(11) NOT NULL auto_increment,
  `CODE_DOMAIN` double default NULL,
  `CODE_SRC_ATTR_01` double default NULL,
  `CODE_SRC_ATTR_02` double default NULL,
  `CODE_SRC_ATTR_03` double default NULL,
  `CODE_SRC_ATTR_04` double default NULL,
  `CODE_SRC_ATTR_05` double default NULL,
  `CODE_EXT_ATTR_01` double default NULL,
  `CODE_EXT_ATTR_02` double default NULL,
  `CODE_EXT_ATTR_03` double default NULL,
  `CODE_EXT_ATTR_04` double default NULL,
  `CODE_EXT_ATTR_05` double default NULL,
  `CODE_EXT_ATTR_01_LOV` double default NULL,
  `CODE_EXT_ATTR_02_LOV` double default NULL,
  `CODE_EXT_ATTR_03_LOV` double default NULL,
  `CODE_EXT_ATTR_04_LOV` double default NULL,
  `CODE_EXT_ATTR_05_LOV` double default NULL,
  `NAME_EXTENSION` varchar(50) default NULL,
  `DESC_EXTENSION` varchar(250) default NULL,
  `CODE_SRC_ATTR_06` double default NULL,
  `CODE_SRC_ATTR_07` double default NULL,
  `CODE_SRC_ATTR_08` double default NULL,
  `CODE_SRC_ATTR_09` double default NULL,
  `CODE_SRC_ATTR_10` double default NULL,
  `CODE_SRC_ATTR_11` double default NULL,
  `CODE_SRC_ATTR_12` double default NULL,
  `CODE_SRC_ATTR_13` double default NULL,
  `CODE_SRC_ATTR_14` double default NULL,
  `CODE_SRC_ATTR_15` double default NULL,
  `CODE_SRC_ATTR_16` double default NULL,
  `CODE_SRC_ATTR_17` double default NULL,
  `CODE_SRC_ATTR_18` double default NULL,
  `CODE_SRC_ATTR_19` double default NULL,
  `CODE_SRC_ATTR_20` double default NULL,
  `CODE_EXT_ATTR_06` double default NULL,
  `CODE_EXT_ATTR_07` double default NULL,
  `CODE_EXT_ATTR_08` double default NULL,
  `CODE_EXT_ATTR_09` double default NULL,
  `CODE_EXT_ATTR_10` double default NULL,
  `CODE_EXT_ATTR_11` double default NULL,
  `CODE_EXT_ATTR_12` double default NULL,
  `CODE_EXT_ATTR_13` double default NULL,
  `CODE_EXT_ATTR_14` double default NULL,
  `CODE_EXT_ATTR_15` double default NULL,
  `CODE_EXT_ATTR_16` double default NULL,
  `CODE_EXT_ATTR_17` double default NULL,
  `CODE_EXT_ATTR_18` double default NULL,
  `CODE_EXT_ATTR_19` double default NULL,
  `CODE_EXT_ATTR_20` double default NULL,
  `CODE_EXT_ATTR_06_LOV` double default NULL,
  `CODE_EXT_ATTR_07_LOV` double default NULL,
  `CODE_EXT_ATTR_08_LOV` double default NULL,
  `CODE_EXT_ATTR_09_LOV` double default NULL,
  `CODE_EXT_ATTR_10_LOV` double default NULL,
  `CODE_EXT_ATTR_11_LOV` double default NULL,
  `CODE_EXT_ATTR_12_LOV` double default NULL,
  `CODE_EXT_ATTR_13_LOV` double default NULL,
  `CODE_EXT_ATTR_14_LOV` double default NULL,
  `CODE_EXT_ATTR_15_LOV` double default NULL,
  `CODE_EXT_ATTR_16_LOV` double default NULL,
  `CODE_EXT_ATTR_17_LOV` double default NULL,
  `CODE_EXT_ATTR_18_LOV` double default NULL,
  `CODE_EXT_ATTR_19_LOV` double default NULL,
  `CODE_EXT_ATTR_20_LOV` double default NULL,
  UNIQUE KEY `CODE_EXTENSION` (`CODE_EXTENSION`)
) ENGINE=InnoDB  DEFAULT CHARSET=utf8 AUTO_INCREMENT=50807 ;

--
-- Contenu de la table `QC1_REP_MTA_EXTENSION`
--

INSERT INTO `QC1_REP_MTA_EXTENSION` (`CODE_EXTENSION`, `CODE_DOMAIN`, `CODE_SRC_ATTR_01`, `CODE_SRC_ATTR_02`, `CODE_SRC_ATTR_03`, `CODE_SRC_ATTR_04`, `CODE_SRC_ATTR_05`, `CODE_EXT_ATTR_01`, `CODE_EXT_ATTR_02`, `CODE_EXT_ATTR_03`, `CODE_EXT_ATTR_04`, `CODE_EXT_ATTR_05`, `CODE_EXT_ATTR_01_LOV`, `CODE_EXT_ATTR_02_LOV`, `CODE_EXT_ATTR_03_LOV`, `CODE_EXT_ATTR_04_LOV`, `CODE_EXT_ATTR_05_LOV`, `NAME_EXTENSION`, `DESC_EXTENSION`, `CODE_SRC_ATTR_06`, `CODE_SRC_ATTR_07`, `CODE_SRC_ATTR_08`, `CODE_SRC_ATTR_09`, `CODE_SRC_ATTR_10`, `CODE_SRC_ATTR_11`, `CODE_SRC_ATTR_12`, `CODE_SRC_ATTR_13`, `CODE_SRC_ATTR_14`, `CODE_SRC_ATTR_15`, `CODE_SRC_ATTR_16`, `CODE_SRC_ATTR_17`, `CODE_SRC_ATTR_18`, `CODE_SRC_ATTR_19`, `CODE_SRC_ATTR_20`, `CODE_EXT_ATTR_06`, `CODE_EXT_ATTR_07`, `CODE_EXT_ATTR_08`, `CODE_EXT_ATTR_09`, `CODE_EXT_ATTR_10`, `CODE_EXT_ATTR_11`, `CODE_EXT_ATTR_12`, `CODE_EXT_ATTR_13`, `CODE_EXT_ATTR_14`, `CODE_EXT_ATTR_15`, `CODE_EXT_ATTR_16`, `CODE_EXT_ATTR_17`, `CODE_EXT_ATTR_18`, `CODE_EXT_ATTR_19`, `CODE_EXT_ATTR_20`, `CODE_EXT_ATTR_06_LOV`, `CODE_EXT_ATTR_07_LOV`, `CODE_EXT_ATTR_08_LOV`, `CODE_EXT_ATTR_09_LOV`, `CODE_EXT_ATTR_10_LOV`, `CODE_EXT_ATTR_11_LOV`, `CODE_EXT_ATTR_12_LOV`, `CODE_EXT_ATTR_13_LOV`, `CODE_EXT_ATTR_14_LOV`, `CODE_EXT_ATTR_15_LOV`, `CODE_EXT_ATTR_16_LOV`, `CODE_EXT_ATTR_17_LOV`, `CODE_EXT_ATTR_18_LOV`, `CODE_EXT_ATTR_19_LOV`, `CODE_EXT_ATTR_20_LOV`) VALUES
(50797, 8, 3066, 3067, NULL, NULL, NULL, 4053, 4054, NULL, NULL, NULL, NULL, NULL, NULL, NULL, NULL, 'CPY01', ' SOCIETES / UES', NULL, NULL, NULL, NULL, NULL, NULL, NULL, NULL, NULL, NULL, NULL, NULL, NULL, NULL, NULL, NULL, NULL, NULL, NULL, NULL, NULL, NULL, NULL, NULL, NULL, NULL, NULL, NULL, NULL, NULL, NULL, NULL, NULL, NULL, NULL, NULL, NULL, NULL, NULL, NULL, NULL, NULL, NULL, NULL, NULL),
(50798, 3, 3134, 3135, NULL, NULL, NULL, 3633, 3634, NULL, NULL, NULL, NULL, NULL, NULL, NULL, NULL, 'CTR01', 'TYPE DE CONTRAT', NULL, NULL, NULL, NULL, NULL, NULL, NULL, NULL, NULL, NULL, NULL, NULL, NULL, NULL, NULL, NULL, NULL, NULL, NULL, NULL, NULL, NULL, NULL, NULL, NULL, NULL, NULL, NULL, NULL, NULL, NULL, NULL, NULL, NULL, NULL, NULL, NULL, NULL, NULL, NULL, NULL, NULL, NULL, NULL, NULL),
(50799, 5, 2956, 2957, NULL, NULL, NULL, 3673, 3674, NULL, NULL, NULL, NULL, NULL, NULL, NULL, NULL, 'CLS01', 'ENCADREMENT / EMPLOYE', NULL, NULL, NULL, NULL, NULL, NULL, NULL, NULL, NULL, NULL, NULL, NULL, NULL, NULL, NULL, NULL, NULL, NULL, NULL, NULL, NULL, NULL, NULL, NULL, NULL, NULL, NULL, NULL, NULL, NULL, NULL, NULL, NULL, NULL, NULL, NULL, NULL, NULL, NULL, NULL, NULL, NULL, NULL, NULL, NULL),
(50800, 11, 2807, 2808, 0, 0, NULL, 2815, 0, 2814, NULL, NULL, NULL, NULL, NULL, NULL, NULL, 'ABS01', 'ABSENCE', NULL, NULL, NULL, NULL, NULL, NULL, NULL, NULL, NULL, NULL, NULL, NULL, NULL, NULL, NULL, NULL, NULL, NULL, NULL, NULL, NULL, NULL, NULL, NULL, NULL, NULL, NULL, NULL, NULL, NULL, NULL, NULL, NULL, NULL, NULL, NULL, NULL, NULL, NULL, NULL, NULL, NULL, NULL, NULL, NULL),
(50802, 3, 3166, 3167, NULL, NULL, NULL, 3635, 3636, 3637, 3638, 3639, NULL, NULL, NULL, NULL, NULL, 'CTR02', 'MOTIF DE SORTIE', NULL, NULL, NULL, NULL, NULL, NULL, NULL, NULL, NULL, NULL, NULL, NULL, NULL, NULL, NULL, 3640, NULL, NULL, NULL, NULL, NULL, NULL, NULL, NULL, NULL, NULL, NULL, NULL, NULL, NULL, NULL, NULL, NULL, NULL, NULL, NULL, NULL, NULL, NULL, NULL, NULL, NULL, NULL, NULL, NULL),
(50805, 1, 3251, 3241, NULL, NULL, NULL, 3295, 3312, NULL, NULL, NULL, NULL, NULL, NULL, NULL, NULL, 'Test Ivan', 'Test Ivan Description', NULL, NULL, NULL, NULL, NULL, NULL, NULL, NULL, NULL, NULL, NULL, NULL, NULL, NULL, NULL, NULL, NULL, NULL, NULL, NULL, NULL, NULL, NULL, NULL, NULL, NULL, NULL, NULL, NULL, NULL, NULL, NULL, NULL, NULL, NULL, NULL, NULL, NULL, NULL, NULL, NULL, NULL, NULL, NULL, NULL),
(50806, 2, NULL, NULL, NULL, NULL, NULL, NULL, NULL, NULL, NULL, NULL, NULL, NULL, NULL, NULL, NULL, 'Test', 'Test', NULL, NULL, NULL, NULL, NULL, NULL, NULL, NULL, NULL, NULL, NULL, NULL, NULL, NULL, NULL, NULL, NULL, NULL, NULL, NULL, NULL, NULL, NULL, NULL, NULL, NULL, NULL, NULL, NULL, NULL, NULL, NULL, NULL, NULL, NULL, NULL, NULL, NULL, NULL, NULL, NULL, NULL, NULL, NULL, NULL);

-- --------------------------------------------------------

--
-- Structure de la table `QC1_REP_MTA_RULE`
--

CREATE TABLE IF NOT EXISTS `QC1_REP_MTA_RULE` (
  `CODE_RULE` int(11) NOT NULL auto_increment,
  `CODE_EXTENSION` double default NULL,
  `SRC_ATTR_01_VALUE` varchar(100) default NULL,
  `SRC_ATTR_02_VALUE` varchar(100) default NULL,
  `SRC_ATTR_03_VALUE` varchar(100) default NULL,
  `SRC_ATTR_04_VALUE` varchar(100) default NULL,
  `SRC_ATTR_05_VALUE` varchar(100) default NULL,
  `EXT_ATTR_01_VALUE` varchar(100) default NULL,
  `EXT_ATTR_02_VALUE` varchar(100) default NULL,
  `EXT_ATTR_03_VALUE` varchar(100) default NULL,
  `EXT_ATTR_04_VALUE` varchar(100) default NULL,
  `EXT_ATTR_05_VALUE` varchar(100) default NULL,
  `SRC_ATTR_06_VALUE` varchar(100) default NULL,
  `SRC_ATTR_07_VALUE` varchar(100) default NULL,
  `SRC_ATTR_08_VALUE` varchar(100) default NULL,
  `SRC_ATTR_09_VALUE` varchar(100) default NULL,
  `SRC_ATTR_10_VALUE` varchar(100) default NULL,
  `SRC_ATTR_11_VALUE` varchar(100) default NULL,
  `SRC_ATTR_12_VALUE` varchar(100) default NULL,
  `SRC_ATTR_13_VALUE` varchar(100) default NULL,
  `SRC_ATTR_14_VALUE` varchar(100) default NULL,
  `SRC_ATTR_15_VALUE` varchar(100) default NULL,
  `SRC_ATTR_16_VALUE` varchar(100) default NULL,
  `SRC_ATTR_17_VALUE` varchar(100) default NULL,
  `SRC_ATTR_18_VALUE` varchar(100) default NULL,
  `SRC_ATTR_19_VALUE` varchar(100) default NULL,
  `SRC_ATTR_20_VALUE` varchar(100) default NULL,
  `EXT_ATTR_06_VALUE` varchar(100) default NULL,
  `EXT_ATTR_07_VALUE` varchar(100) default NULL,
  `EXT_ATTR_08_VALUE` varchar(100) default NULL,
  `EXT_ATTR_09_VALUE` varchar(100) default NULL,
  `EXT_ATTR_10_VALUE` varchar(100) default NULL,
  `EXT_ATTR_11_VALUE` varchar(100) default NULL,
  `EXT_ATTR_12_VALUE` varchar(100) default NULL,
  `EXT_ATTR_13_VALUE` varchar(100) default NULL,
  `EXT_ATTR_14_VALUE` varchar(100) default NULL,
  `EXT_ATTR_15_VALUE` varchar(100) default NULL,
  `EXT_ATTR_16_VALUE` varchar(100) default NULL,
  `EXT_ATTR_17_VALUE` varchar(100) default NULL,
  `EXT_ATTR_18_VALUE` varchar(100) default NULL,
  `EXT_ATTR_19_VALUE` varchar(100) default NULL,
  `EXT_ATTR_20_VALUE` varchar(100) default NULL,
  UNIQUE KEY `CODE_RULE` (`CODE_RULE`)
) ENGINE=InnoDB  DEFAULT CHARSET=utf8 AUTO_INCREMENT=52475 ;

--
-- Contenu de la table `QC1_REP_MTA_RULE`
--

INSERT INTO `QC1_REP_MTA_RULE` (`CODE_RULE`, `CODE_EXTENSION`, `SRC_ATTR_01_VALUE`, `SRC_ATTR_02_VALUE`, `SRC_ATTR_03_VALUE`, `SRC_ATTR_04_VALUE`, `SRC_ATTR_05_VALUE`, `EXT_ATTR_01_VALUE`, `EXT_ATTR_02_VALUE`, `EXT_ATTR_03_VALUE`, `EXT_ATTR_04_VALUE`, `EXT_ATTR_05_VALUE`, `SRC_ATTR_06_VALUE`, `SRC_ATTR_07_VALUE`, `SRC_ATTR_08_VALUE`, `SRC_ATTR_09_VALUE`, `SRC_ATTR_10_VALUE`, `SRC_ATTR_11_VALUE`, `SRC_ATTR_12_VALUE`, `SRC_ATTR_13_VALUE`, `SRC_ATTR_14_VALUE`, `SRC_ATTR_15_VALUE`, `SRC_ATTR_16_VALUE`, `SRC_ATTR_17_VALUE`, `SRC_ATTR_18_VALUE`, `SRC_ATTR_19_VALUE`, `SRC_ATTR_20_VALUE`, `EXT_ATTR_06_VALUE`, `EXT_ATTR_07_VALUE`, `EXT_ATTR_08_VALUE`, `EXT_ATTR_09_VALUE`, `EXT_ATTR_10_VALUE`, `EXT_ATTR_11_VALUE`, `EXT_ATTR_12_VALUE`, `EXT_ATTR_13_VALUE`, `EXT_ATTR_14_VALUE`, `EXT_ATTR_15_VALUE`, `EXT_ATTR_16_VALUE`, `EXT_ATTR_17_VALUE`, `EXT_ATTR_18_VALUE`, `EXT_ATTR_19_VALUE`, `EXT_ATTR_20_VALUE`) VALUES
(51793, 50800, 'AA', 'Autorisée', 'Non défini', 'Non défini', 'Non défini', '03', 'AUTORISEE', 'N', 'N', 'O', 'Non défini', 'Non défini', 'Non défini', 'Non défini', 'Non défini', 'Non défini', 'Non défini', 'Non défini', 'Non défini', 'Non défini', 'Non défini', 'Non défini', 'Non défini', 'Non défini', 'Non défini', 'N', 'Non défini', 'Non défini', 'Non défini', 'Non défini', 'Non défini', 'Non défini', 'Non défini', 'Non défini', 'Non défini', 'Non défini', 'Non défini', 'Non défini', 'Non défini', 'Non défini'),
(51794, 50800, 'AGA', 'Autorisée 2', 'Non défini', 'Non défini', 'Non défini', '03', 'AUTORISEE', 'N', 'N', 'N', 'Non défini', 'Non défini', 'Non défini', 'Non défini', 'Non défini', 'Non défini', 'Non défini', 'Non défini', 'Non défini', 'Non défini', 'Non défini', 'Non défini', 'Non défini', 'Non défini', 'Non défini', 'N', 'Non défini', 'Non défini', 'Non défini', 'Non défini', 'Non défini', 'Non défini', 'Non défini', 'Non défini', 'Non défini', 'Non défini', 'Non défini', 'Non défini', 'Non défini', 'Non défini'),
(51795, 50800, 'ASM', 'Absence sans Motif', 'Non défini', 'Non défini', 'Non défini', '01', 'ABSENCE SANS MOTIF', 'O', 'O', 'O', 'Non défini', 'Non défini', 'Non défini', 'Non défini', 'Non défini', 'Non défini', 'Non défini', 'Non défini', 'Non défini', 'Non défini', 'Non défini', 'Non défini', 'Non défini', 'Non défini', 'Non défini', 'O', 'Non défini', 'Non défini', 'Non défini', 'Non défini', 'Non défini', 'Non défini', 'Non défini', 'Non défini', 'Non défini', 'Non défini', 'Non défini', 'Non défini', 'Non défini', 'Non défini'),
(51796, 50800, 'ATR', 'Accid trajet', 'Non défini', 'Non défini', 'Non défini', '02', 'ACCIDENT TRAJET', 'O', 'N', 'O', 'Non défini', 'Non défini', 'Non défini', 'Non défini', 'Non défini', 'Non défini', 'Non défini', 'Non défini', 'Non défini', 'Non défini', 'Non défini', 'Non défini', 'Non défini', 'Non défini', 'Non défini', 'O', 'Non défini', 'Non défini', 'Non défini', 'Non défini', 'Non défini', 'Non défini', 'Non défini', 'Non défini', 'Non défini', 'Non défini', 'Non défini', 'Non défini', 'Non défini', 'Non défini'),
(51797, 50800, 'AT1', '1er Jour accident de travail', 'Non défini', 'Non défini', 'Non défini', '02', 'ACCIDENT TRAVAIL', 'O', 'O', 'O', 'Non défini', 'Non défini', 'Non défini', 'Non défini', 'Non défini', 'Non défini', 'Non défini', 'Non défini', 'Non défini', 'Non défini', 'Non défini', 'Non défini', 'Non défini', 'Non défini', 'Non défini', 'O', 'Non défini', 'Non défini', 'Non défini', 'Non défini', 'Non défini', 'Non défini', 'Non défini', 'Non défini', 'Non défini', 'Non défini', 'Non défini', 'Non défini', 'Non défini', 'Non défini'),
(51798, 50800, 'CAC', 'Congé d''Accompagnement', 'Non défini', 'Non défini', 'Non défini', '10', 'FAMILLE', 'N', 'N', 'N', 'Non défini', 'Non défini', 'Non défini', 'Non défini', 'Non défini', 'Non défini', 'Non défini', 'Non défini', 'Non défini', 'Non défini', 'Non défini', 'Non défini', 'Non défini', 'Non défini', 'Non défini', 'N', 'Non défini', 'Non défini', 'Non défini', 'Non défini', 'Non défini', 'Non défini', 'Non défini', 'Non défini', 'Non défini', 'Non défini', 'Non défini', 'Non défini', 'Non défini', 'Non défini'),
(51799, 50800, 'CCR', 'Congé Création Entreprise', 'Non défini', 'Non défini', 'Non défini', '07', 'CREATION', 'N', 'N', 'N', 'Non défini', 'Non défini', 'Non défini', 'Non défini', 'Non défini', 'Non défini', 'Non défini', 'Non défini', 'Non défini', 'Non défini', 'Non défini', 'Non défini', 'Non défini', 'Non défini', 'Non défini', 'N', 'Non défini', 'Non défini', 'Non défini', 'Non défini', 'Non défini', 'Non défini', 'Non défini', 'Non défini', 'Non défini', 'Non défini', 'Non défini', 'Non défini', 'Non défini', 'Non défini'),
(51800, 50800, 'CDF', 'Congé Divers Férié', 'Non défini', 'Non défini', 'Non défini', '11', 'FERIE', 'N', 'N', 'N', 'Non défini', 'Non défini', 'Non défini', 'Non défini', 'Non défini', 'Non défini', 'Non défini', 'Non défini', 'Non défini', 'Non défini', 'Non défini', 'Non défini', 'Non défini', 'Non défini', 'Non défini', 'N', 'Non défini', 'Non défini', 'Non défini', 'Non défini', 'Non défini', 'Non défini', 'Non défini', 'Non défini', 'Non défini', 'Non défini', 'Non défini', 'Non défini', 'Non défini', 'Non défini'),
(51801, 50800, 'CEM', 'Congé Enfant Malade', 'Non défini', 'Non défini', 'Non défini', '14', 'MALADIE', 'O', 'N', 'N', 'Non défini', 'Non défini', 'Non défini', 'Non défini', 'Non défini', 'Non défini', 'Non défini', 'Non défini', 'Non défini', 'Non défini', 'Non défini', 'Non défini', 'Non défini', 'Non défini', 'Non défini', 'O', 'Non défini', 'Non défini', 'Non défini', 'Non défini', 'Non défini', 'Non défini', 'Non défini', 'Non défini', 'Non défini', 'Non défini', 'Non défini', 'Non défini', 'Non défini', 'Non défini'),
(51802, 50800, 'CF', 'Congé de formation', 'Non défini', 'Non défini', 'Non défini', '12', 'FORMATION', 'N', 'N', 'N', 'Non défini', 'Non défini', 'Non défini', 'Non défini', 'Non défini', 'Non défini', 'Non défini', 'Non défini', 'Non défini', 'Non défini', 'Non défini', 'Non défini', 'Non défini', 'Non défini', 'Non défini', 'N', 'Non défini', 'Non défini', 'Non défini', 'Non défini', 'Non défini', 'Non défini', 'Non défini', 'Non défini', 'Non défini', 'Non défini', 'Non défini', 'Non défini', 'Non défini', 'Non défini'),
(51803, 50800, 'CFC', 'Congé de Formation Conventionnée', 'Non défini', 'Non défini', 'Non défini', '12', 'FORMATION', 'N', 'N', 'N', 'Non défini', 'Non défini', 'Non défini', 'Non défini', 'Non défini', 'Non défini', 'Non défini', 'Non défini', 'Non défini', 'Non défini', 'Non défini', 'Non défini', 'Non défini', 'Non défini', 'Non défini', 'N', 'Non défini', 'Non défini', 'Non défini', 'Non défini', 'Non défini', 'Non défini', 'Non défini', 'Non défini', 'Non défini', 'Non défini', 'Non défini', 'Non défini', 'Non défini', 'Non défini'),
(51804, 50800, 'CFS', 'Congé de Formation Economique /social', 'Non défini', 'Non défini', 'Non défini', '12', 'FORMATION', 'N', 'N', 'N', 'Non défini', 'Non défini', 'Non défini', 'Non défini', 'Non défini', 'Non défini', 'Non défini', 'Non défini', 'Non défini', 'Non défini', 'Non défini', 'Non défini', 'Non défini', 'Non défini', 'Non défini', 'N', 'Non défini', 'Non défini', 'Non défini', 'Non défini', 'Non défini', 'Non défini', 'Non défini', 'Non défini', 'Non défini', 'Non défini', 'Non défini', 'Non défini', 'Non défini', 'Non défini'),
(51805, 50800, 'CHO', 'Chomage Partiel', 'Non défini', 'Non défini', 'Non défini', '04', 'CHOMAGE', 'N', 'O', 'N', 'Non défini', 'Non défini', 'Non défini', 'Non défini', 'Non défini', 'Non défini', 'Non défini', 'Non défini', 'Non défini', 'Non défini', 'Non défini', 'Non défini', 'Non défini', 'Non défini', 'Non défini', 'N', 'Non défini', 'Non défini', 'Non défini', 'Non défini', 'Non défini', 'Non défini', 'Non défini', 'Non défini', 'Non défini', 'Non défini', 'Non défini', 'Non défini', 'Non défini', 'Non défini'),
(51806, 50800, 'CHT', 'Chomage Total', 'Non défini', 'Non défini', 'Non défini', '04', 'CHOMAGE', 'N', 'O', 'N', 'Non défini', 'Non défini', 'Non défini', 'Non défini', 'Non défini', 'Non défini', 'Non défini', 'Non défini', 'Non défini', 'Non défini', 'Non défini', 'Non défini', 'Non défini', 'Non défini', 'Non défini', 'N', 'Non défini', 'Non défini', 'Non défini', 'Non défini', 'Non défini', 'Non défini', 'Non défini', 'Non défini', 'Non défini', 'Non défini', 'Non défini', 'Non défini', 'Non défini', 'Non défini'),
(51807, 50800, 'CIT', 'Journée citoyenneté', 'Non défini', 'Non défini', 'Non défini', '05', 'CITOYEN', 'N', 'N', 'N', 'Non défini', 'Non défini', 'Non défini', 'Non défini', 'Non défini', 'Non défini', 'Non défini', 'Non défini', 'Non défini', 'Non défini', 'Non défini', 'Non défini', 'Non défini', 'Non défini', 'Non défini', 'N', 'Non défini', 'Non défini', 'Non défini', 'Non défini', 'Non défini', 'Non défini', 'Non défini', 'Non défini', 'Non défini', 'Non défini', 'Non défini', 'Non défini', 'Non défini', 'Non défini'),
(51808, 50800, 'CN', 'Congé Naissance', 'Non défini', 'Non défini', 'Non défini', '17', 'NAISSANCE', 'N', 'N', 'N', 'Non défini', 'Non défini', 'Non défini', 'Non défini', 'Non défini', 'Non défini', 'Non défini', 'Non défini', 'Non défini', 'Non défini', 'Non défini', 'Non défini', 'Non défini', 'Non défini', 'Non défini', 'O', 'Non défini', 'Non défini', 'Non défini', 'Non défini', 'Non défini', 'Non défini', 'Non défini', 'Non défini', 'Non défini', 'Non défini', 'Non défini', 'Non défini', 'Non défini', 'Non défini'),
(51809, 50800, 'CP', 'Congés payés', 'Non défini', 'Non défini', 'Non défini', '06', 'CP', 'N', 'N', 'N', 'Non défini', 'Non défini', 'Non défini', 'Non défini', 'Non défini', 'Non défini', 'Non défini', 'Non défini', 'Non défini', 'Non défini', 'Non défini', 'Non défini', 'Non défini', 'Non défini', 'Non défini', 'N', 'Non défini', 'Non défini', 'Non défini', 'Non défini', 'Non défini', 'Non défini', 'Non défini', 'Non défini', 'Non défini', 'Non défini', 'Non défini', 'Non défini', 'Non défini', 'Non défini'),
(51810, 50800, 'CPC', 'CP Convention', 'Non défini', 'Non défini', 'Non défini', '06', 'CP', 'N', 'N', 'N', 'Non défini', 'Non défini', 'Non défini', 'Non défini', 'Non défini', 'Non défini', 'Non défini', 'Non défini', 'Non défini', 'Non défini', 'Non défini', 'Non défini', 'Non défini', 'Non défini', 'Non défini', 'N', 'Non défini', 'Non défini', 'Non défini', 'Non défini', 'Non défini', 'Non défini', 'Non défini', 'Non défini', 'Non défini', 'Non défini', 'Non défini', 'Non défini', 'Non défini', 'Non défini'),
(51811, 50800, 'CPE', 'Congé Parental d''éducation', 'Non défini', 'Non défini', 'Non défini', '18', 'PARENTAL', 'N', 'N', 'N', 'Non défini', 'Non défini', 'Non défini', 'Non défini', 'Non défini', 'Non défini', 'Non défini', 'Non défini', 'Non défini', 'Non défini', 'Non défini', 'Non défini', 'Non défini', 'Non défini', 'Non défini', 'O', 'Non défini', 'Non défini', 'Non défini', 'Non défini', 'Non défini', 'Non défini', 'Non défini', 'Non défini', 'Non défini', 'Non défini', 'Non défini', 'Non défini', 'Non défini', 'Non défini'),
(51812, 50800, 'CPM', 'Congé Parent Malade', 'Non défini', 'Non défini', 'Non défini', '10', 'FAMILLE', 'O', 'N', 'N', 'Non défini', 'Non défini', 'Non défini', 'Non défini', 'Non défini', 'Non défini', 'Non défini', 'Non défini', 'Non défini', 'Non défini', 'Non défini', 'Non défini', 'Non défini', 'Non défini', 'Non défini', 'N', 'Non défini', 'Non défini', 'Non défini', 'Non défini', 'Non défini', 'Non défini', 'Non défini', 'Non défini', 'Non défini', 'Non défini', 'Non défini', 'Non défini', 'Non défini', 'Non défini'),
(51813, 50800, 'CPP', 'Congé de Présence Parental', 'Non défini', 'Non défini', 'Non défini', '10', 'FAMILLE', 'N', 'N', 'N', 'Non défini', 'Non défini', 'Non défini', 'Non défini', 'Non défini', 'Non défini', 'Non défini', 'Non défini', 'Non défini', 'Non défini', 'Non défini', 'Non défini', 'Non défini', 'Non défini', 'Non défini', 'N', 'Non défini', 'Non défini', 'Non défini', 'Non défini', 'Non défini', 'Non défini', 'Non défini', 'Non défini', 'Non défini', 'Non défini', 'Non défini', 'Non défini', 'Non défini', 'Non défini'),
(51814, 50800, 'CPS', 'CONGE PAYE SUPPLEMENTAIRE', 'Non défini', 'Non défini', 'Non défini', '06', 'CP', 'N', 'N', 'N', 'Non défini', 'Non défini', 'Non défini', 'Non défini', 'Non défini', 'Non défini', 'Non défini', 'Non défini', 'Non défini', 'Non défini', 'Non défini', 'Non défini', 'Non défini', 'Non défini', 'Non défini', 'N', 'Non défini', 'Non défini', 'Non défini', 'Non défini', 'Non défini', 'Non défini', 'Non défini', 'Non défini', 'Non défini', 'Non défini', 'Non défini', 'Non défini', 'Non défini', 'Non défini'),
(51815, 50800, 'CPSS', 'Conges Payés sans solde', 'Non défini', 'Non défini', 'Non défini', '23', 'SANS SOLDE', 'N', 'O', 'N', 'Non défini', 'Non défini', 'Non défini', 'Non défini', 'Non défini', 'Non défini', 'Non défini', 'Non défini', 'Non défini', 'Non défini', 'Non défini', 'Non défini', 'Non défini', 'Non défini', 'Non défini', 'N', 'Non défini', 'Non défini', 'Non défini', 'Non défini', 'Non défini', 'Non défini', 'Non défini', 'Non défini', 'Non défini', 'Non défini', 'Non défini', 'Non défini', 'Non défini', 'Non défini'),
(51816, 50800, 'CS', 'Congé Supplémentaire Habillage', 'Non défini', 'Non défini', 'Non défini', '06', 'CP', 'N', 'N', 'N', 'Non défini', 'Non défini', 'Non défini', 'Non défini', 'Non défini', 'Non défini', 'Non défini', 'Non défini', 'Non défini', 'Non défini', 'Non défini', 'Non défini', 'Non défini', 'Non défini', 'Non défini', 'N', 'Non défini', 'Non défini', 'Non défini', 'Non défini', 'Non défini', 'Non défini', 'Non défini', 'Non défini', 'Non défini', 'Non défini', 'Non défini', 'Non défini', 'Non défini', 'Non défini'),
(51817, 50800, 'CSA', 'Congé Sabbatique', 'Non défini', 'Non défini', 'Non défini', '21', 'SABBATIQUE', 'N', 'N', 'N', 'Non défini', 'Non défini', 'Non défini', 'Non défini', 'Non défini', 'Non défini', 'Non défini', 'Non défini', 'Non défini', 'Non défini', 'Non défini', 'Non défini', 'Non défini', 'Non défini', 'Non défini', 'N', 'Non défini', 'Non défini', 'Non défini', 'Non défini', 'Non défini', 'Non défini', 'Non défini', 'Non défini', 'Non défini', 'Non défini', 'Non défini', 'Non défini', 'Non défini', 'Non défini'),
(51818, 50800, 'CSS', 'Congé sans Solde', 'Non défini', 'Non défini', 'Non défini', '23', 'SANS SOLDE', 'N', 'O', 'N', 'Non défini', 'Non défini', 'Non défini', 'Non défini', 'Non défini', 'Non défini', 'Non défini', 'Non défini', 'Non défini', 'Non défini', 'Non défini', 'Non défini', 'Non défini', 'Non défini', 'Non défini', 'N', 'Non défini', 'Non défini', 'Non défini', 'Non défini', 'Non défini', 'Non défini', 'Non défini', 'Non défini', 'Non défini', 'Non défini', 'Non défini', 'Non défini', 'Non défini', 'Non défini'),
(51819, 50800, 'DFR', 'Absence DIF Hors Temps Travail', 'Non défini', 'Non défini', 'Non défini', '08', 'DIF', 'N', 'O', 'N', 'Non défini', 'Non défini', 'Non défini', 'Non défini', 'Non défini', 'Non défini', 'Non défini', 'Non défini', 'Non défini', 'Non défini', 'Non défini', 'Non défini', 'Non défini', 'Non défini', 'Non défini', 'N', 'Non défini', 'Non défini', 'Non défini', 'Non défini', 'Non défini', 'Non défini', 'Non défini', 'Non défini', 'Non défini', 'Non défini', 'Non défini', 'Non défini', 'Non défini', 'Non défini'),
(51820, 50800, 'DFT', 'Absence DIF sur Temps de Travail', 'Non défini', 'Non défini', 'Non défini', '08', 'DIF/ FORMATION', 'N', 'O', 'N', 'Non défini', 'Non défini', 'Non défini', 'Non défini', 'Non défini', 'Non défini', 'Non défini', 'Non défini', 'Non défini', 'Non défini', 'Non défini', 'Non défini', 'Non défini', 'Non défini', 'Non défini', 'N', 'Non défini', 'Non défini', 'Non défini', 'Non défini', 'Non défini', 'Non défini', 'Non défini', 'Non défini', 'Non défini', 'Non défini', 'Non défini', 'Non défini', 'Non défini', 'Non défini'),
(51821, 50800, 'EF', 'Evènement Familial', 'Non défini', 'Non défini', 'Non défini', '09', 'EF', 'O', 'N', 'N', 'Non défini', 'Non défini', 'Non défini', 'Non défini', 'Non défini', 'Non défini', 'Non défini', 'Non défini', 'Non défini', 'Non défini', 'Non défini', 'Non défini', 'Non défini', 'Non défini', 'Non défini', 'O', 'Non défini', 'Non défini', 'Non défini', 'Non défini', 'Non défini', 'Non défini', 'Non défini', 'Non défini', 'Non défini', 'Non défini', 'Non défini', 'Non défini', 'Non défini', 'Non défini'),
(51822, 50800, 'EM', 'Enfant malade', 'Non défini', 'Non défini', 'Non défini', '14', 'MALADIE', 'O', 'N', 'N', 'Non défini', 'Non défini', 'Non défini', 'Non défini', 'Non défini', 'Non défini', 'Non défini', 'Non défini', 'Non défini', 'Non défini', 'Non défini', 'Non défini', 'Non défini', 'Non défini', 'Non défini', 'O', 'Non défini', 'Non défini', 'Non défini', 'Non défini', 'Non défini', 'Non défini', 'Non défini', 'Non défini', 'Non défini', 'Non défini', 'Non défini', 'Non défini', 'Non défini', 'Non défini'),
(51823, 50800, 'EMN', 'Congé Enfant Malade non rémunéré', 'Non défini', 'Non défini', 'Non défini', '14', 'MALADIE', 'O', 'N', 'N', 'Non défini', 'Non défini', 'Non défini', 'Non défini', 'Non défini', 'Non défini', 'Non défini', 'Non défini', 'Non défini', 'Non défini', 'Non défini', 'Non défini', 'Non défini', 'Non défini', 'Non défini', 'O', 'Non défini', 'Non défini', 'Non défini', 'Non défini', 'Non défini', 'Non défini', 'Non défini', 'Non défini', 'Non défini', 'Non défini', 'Non défini', 'Non défini', 'Non défini', 'Non défini'),
(51824, 50800, 'FM', 'Formation Militaire', 'Non défini', 'Non défini', 'Non défini', '05', 'CITOYEN', 'N', 'N', 'N', 'Non défini', 'Non défini', 'Non défini', 'Non défini', 'Non défini', 'Non défini', 'Non défini', 'Non défini', 'Non défini', 'Non défini', 'Non défini', 'Non défini', 'Non défini', 'Non défini', 'Non défini', 'N', 'Non défini', 'Non défini', 'Non défini', 'Non défini', 'Non défini', 'Non défini', 'Non défini', 'Non défini', 'Non défini', 'Non défini', 'Non défini', 'Non défini', 'Non défini', 'Non défini'),
(51825, 50800, 'GR', 'Absence Autorisée', 'Non défini', 'Non défini', 'Non défini', '03', 'AUTORISEE', 'N', 'N', 'N', 'Non défini', 'Non défini', 'Non défini', 'Non défini', 'Non défini', 'Non défini', 'Non défini', 'Non défini', 'Non défini', 'Non défini', 'Non défini', 'Non défini', 'Non défini', 'Non défini', 'Non défini', 'N', 'Non défini', 'Non défini', 'Non défini', 'Non défini', 'Non défini', 'Non défini', 'Non défini', 'Non défini', 'Non défini', 'Non défini', 'Non défini', 'Non défini', 'Non défini', 'Non défini'),
(51826, 50800, 'HOS', 'Hospitalisation', 'Non défini', 'Non défini', 'Non défini', '14', 'MALADIE', 'O', 'N', 'N', 'Non défini', 'Non défini', 'Non défini', 'Non défini', 'Non défini', 'Non défini', 'Non défini', 'Non défini', 'Non défini', 'Non défini', 'Non défini', 'Non défini', 'Non défini', 'Non défini', 'Non défini', 'N', 'Non défini', 'Non défini', 'Non défini', 'Non défini', 'Non défini', 'Non défini', 'Non défini', 'Non défini', 'Non défini', 'Non défini', 'Non défini', 'Non défini', 'Non défini', 'Non défini'),
(51827, 50800, 'HSA', 'Heures solidarité', 'Non défini', 'Non défini', 'Non défini', '24', 'SOLIDARITE', 'N', 'N', 'N', 'Non défini', 'Non défini', 'Non défini', 'Non défini', 'Non défini', 'Non défini', 'Non défini', 'Non défini', 'Non défini', 'Non défini', 'Non défini', 'Non défini', 'Non défini', 'Non défini', 'Non défini', 'N', 'Non défini', 'Non défini', 'Non défini', 'Non défini', 'Non défini', 'Non défini', 'Non défini', 'Non défini', 'Non défini', 'Non défini', 'Non défini', 'Non défini', 'Non défini', 'Non défini'),
(51828, 50800, 'IP', 'Inaptitude Physique non payée', 'Non défini', 'Non défini', 'Non défini', '13', 'INAPTITUDE', 'N', 'O', 'N', 'Non défini', 'Non défini', 'Non défini', 'Non défini', 'Non défini', 'Non défini', 'Non défini', 'Non défini', 'Non défini', 'Non défini', 'Non défini', 'Non défini', 'Non défini', 'Non défini', 'Non défini', 'O', 'Non défini', 'Non défini', 'Non défini', 'Non défini', 'Non défini', 'Non défini', 'Non défini', 'Non défini', 'Non défini', 'Non défini', 'Non défini', 'Non défini', 'Non défini', 'Non défini'),
(51829, 50800, 'IPP', 'Inaptitude Physique Payée', 'Non défini', 'Non défini', 'Non défini', '13', 'INAPTITUDE', 'N', 'O', 'N', 'Non défini', 'Non défini', 'Non défini', 'Non défini', 'Non défini', 'Non défini', 'Non défini', 'Non défini', 'Non défini', 'Non défini', 'Non défini', 'Non défini', 'Non défini', 'Non défini', 'Non défini', 'O', 'Non défini', 'Non défini', 'Non défini', 'Non défini', 'Non défini', 'Non défini', 'Non défini', 'Non défini', 'Non défini', 'Non défini', 'Non défini', 'Non défini', 'Non défini', 'Non défini'),
(51830, 50800, 'JF', 'Jour Férié', 'Non défini', 'Non défini', 'Non défini', '11', 'FERIE', 'N', 'N', 'N', 'Non défini', 'Non défini', 'Non défini', 'Non défini', 'Non défini', 'Non défini', 'Non défini', 'Non défini', 'Non défini', 'Non défini', 'Non défini', 'Non défini', 'Non défini', 'Non défini', 'Non défini', 'N', 'Non défini', 'Non défini', 'Non défini', 'Non défini', 'Non défini', 'Non défini', 'Non défini', 'Non défini', 'Non défini', 'Non défini', 'Non défini', 'Non défini', 'Non défini', 'Non défini'),
(51831, 50800, 'JFC', 'Jour Férié Chômé', 'Non défini', 'Non défini', 'Non défini', '11', 'FERIE', 'N', 'N', 'N', 'Non défini', 'Non défini', 'Non défini', 'Non défini', 'Non défini', 'Non défini', 'Non défini', 'Non défini', 'Non défini', 'Non défini', 'Non défini', 'Non défini', 'Non défini', 'Non défini', 'Non défini', 'N', 'Non défini', 'Non défini', 'Non défini', 'Non défini', 'Non défini', 'Non défini', 'Non défini', 'Non défini', 'Non défini', 'Non défini', 'Non défini', 'Non défini', 'Non défini', 'Non défini'),
(51832, 50800, 'JFG', 'Jour férié garanti', 'Non défini', 'Non défini', 'Non défini', '11', 'FERIE', 'N', 'N', 'N', 'Non défini', 'Non défini', 'Non défini', 'Non défini', 'Non défini', 'Non défini', 'Non défini', 'Non défini', 'Non défini', 'Non défini', 'Non défini', 'Non défini', 'Non défini', 'Non défini', 'Non défini', 'N', 'Non défini', 'Non défini', 'Non défini', 'Non défini', 'Non défini', 'Non défini', 'Non défini', 'Non défini', 'Non défini', 'Non défini', 'Non défini', 'Non défini', 'Non défini', 'Non défini'),
(51833, 50800, 'JSA', 'Journée de solidarité', 'Non défini', 'Non défini', 'Non défini', '24', 'SOLIDARITE', 'N', 'N', 'N', 'Non défini', 'Non défini', 'Non défini', 'Non défini', 'Non défini', 'Non défini', 'Non défini', 'Non défini', 'Non défini', 'Non défini', 'Non défini', 'Non défini', 'Non défini', 'Non défini', 'Non défini', 'N', 'Non défini', 'Non défini', 'Non défini', 'Non défini', 'Non défini', 'Non défini', 'Non défini', 'Non défini', 'Non défini', 'Non défini', 'Non défini', 'Non défini', 'Non défini', 'Non défini'),
(51834, 50800, 'MLP', 'Maladie professionnelle', 'Non défini', 'Non défini', 'Non défini', '15', 'MALADIE PRO', 'O', 'O', 'O', 'Non défini', 'Non défini', 'Non défini', 'Non défini', 'Non défini', 'Non défini', 'Non défini', 'Non défini', 'Non défini', 'Non défini', 'Non défini', 'Non défini', 'Non défini', 'Non défini', 'Non défini', 'O', 'Non défini', 'Non défini', 'Non défini', 'Non défini', 'Non défini', 'Non défini', 'Non défini', 'Non défini', 'Non défini', 'Non défini', 'Non défini', 'Non défini', 'Non défini', 'Non défini'),
(51835, 50800, 'MNP', 'Mise à Pied non payée', 'Non défini', 'Non défini', 'Non défini', '22', 'SANCTION', 'O', 'N', 'N', 'Non défini', 'Non défini', 'Non défini', 'Non défini', 'Non défini', 'Non défini', 'Non défini', 'Non défini', 'Non défini', 'Non défini', 'Non défini', 'Non défini', 'Non défini', 'Non défini', 'Non défini', 'N', 'Non défini', 'Non défini', 'Non défini', 'Non défini', 'Non défini', 'Non défini', 'Non défini', 'Non défini', 'Non défini', 'Non défini', 'Non défini', 'Non défini', 'Non défini', 'Non défini'),
(51836, 50800, 'MPP', 'Mise à pied payée', 'Non défini', 'Non défini', 'Non défini', '22', 'SANCTION', 'N', 'N', 'N', 'Non défini', 'Non défini', 'Non défini', 'Non défini', 'Non défini', 'Non défini', 'Non défini', 'Non défini', 'Non défini', 'Non défini', 'Non défini', 'Non défini', 'Non défini', 'Non défini', 'Non défini', 'N', 'Non défini', 'Non défini', 'Non défini', 'Non défini', 'Non défini', 'Non défini', 'Non défini', 'Non défini', 'Non défini', 'Non défini', 'Non défini', 'Non défini', 'Non défini', 'Non défini'),
(51837, 50800, 'MTT', 'NE PAS UTILISER Mi temps Thérapeutique reprise de données', 'Non défini', 'Non défini', 'Non défini', NULL, NULL, 'N', 'N', 'N', 'Non défini', 'Non défini', 'Non défini', 'Non défini', 'Non défini', 'Non défini', 'Non défini', 'Non défini', 'Non défini', 'Non défini', 'Non défini', 'Non défini', 'Non défini', 'Non défini', 'Non défini', 'N', 'Non défini', 'Non défini', 'Non défini', 'Non défini', 'Non défini', 'Non défini', 'Non défini', 'Non défini', 'Non défini', 'Non défini', 'Non défini', 'Non défini', 'Non défini', 'Non défini'),
(51838, 50800, 'PEC', 'Congé Plan Epargne', 'Non défini', 'Non défini', 'Non défini', '06', 'CP', 'N', 'N', 'N', 'Non défini', 'Non défini', 'Non défini', 'Non défini', 'Non défini', 'Non défini', 'Non défini', 'Non défini', 'Non défini', 'Non défini', 'Non défini', 'Non défini', 'Non défini', 'Non défini', 'Non défini', 'N', 'Non défini', 'Non défini', 'Non défini', 'Non défini', 'Non défini', 'Non défini', 'Non défini', 'Non défini', 'Non défini', 'Non défini', 'Non défini', 'Non défini', 'Non défini', 'Non défini'),
(51839, 50800, 'PM', 'Période Militaire', 'Non défini', 'Non défini', 'Non défini', '05', 'CITOYEN', 'N', 'N', 'N', 'Non défini', 'Non défini', 'Non défini', 'Non défini', 'Non défini', 'Non défini', 'Non défini', 'Non défini', 'Non défini', 'Non défini', 'Non défini', 'Non défini', 'Non défini', 'Non défini', 'Non défini', 'N', 'Non défini', 'Non défini', 'Non défini', 'Non défini', 'Non défini', 'Non défini', 'Non défini', 'Non défini', 'Non défini', 'Non défini', 'Non défini', 'Non défini', 'Non défini', 'Non défini'),
(51840, 50800, 'PNE', 'Préavis non effectué', 'Non défini', 'Non défini', 'Non défini', NULL, NULL, 'N', 'N', 'N', 'Non défini', 'Non défini', 'Non défini', 'Non défini', 'Non défini', 'Non défini', 'Non défini', 'Non défini', 'Non défini', 'Non défini', 'Non défini', 'Non défini', 'Non défini', 'Non défini', 'Non défini', 'N', 'Non défini', 'Non défini', 'Non défini', 'Non défini', 'Non défini', 'Non défini', 'Non défini', 'Non défini', 'Non défini', 'Non défini', 'Non défini', 'Non défini', 'Non défini', 'Non défini'),
(51841, 50800, 'RC', 'Repos compensateur', 'Non défini', 'Non défini', 'Non défini', '19', 'RECUPERATION', 'N', 'O', 'N', 'Non défini', 'Non défini', 'Non défini', 'Non défini', 'Non défini', 'Non défini', 'Non défini', 'Non défini', 'Non défini', 'Non défini', 'Non défini', 'Non défini', 'Non défini', 'Non défini', 'Non défini', 'O', 'Non défini', 'Non défini', 'Non défini', 'Non défini', 'Non défini', 'Non défini', 'Non défini', 'Non défini', 'Non défini', 'Non défini', 'Non défini', 'Non défini', 'Non défini', 'Non défini'),
(51842, 50800, 'RCR', 'RC de remplacement', 'Non défini', 'Non défini', 'Non défini', '19', 'RECUPERATION', 'N', 'N', 'N', 'Non défini', 'Non défini', 'Non défini', 'Non défini', 'Non défini', 'Non défini', 'Non défini', 'Non défini', 'Non défini', 'Non défini', 'Non défini', 'Non défini', 'Non défini', 'Non défini', 'Non défini', 'O', 'Non défini', 'Non défini', 'Non défini', 'Non défini', 'Non défini', 'Non défini', 'Non défini', 'Non défini', 'Non défini', 'Non défini', 'Non défini', 'Non défini', 'Non défini', 'Non défini'),
(51843, 50800, 'RE', 'Recherche Emploi', 'Non défini', 'Non défini', 'Non défini', NULL, NULL, 'N', 'N', 'N', 'Non défini', 'Non défini', 'Non défini', 'Non défini', 'Non défini', 'Non défini', 'Non défini', 'Non défini', 'Non défini', 'Non défini', 'Non défini', 'Non défini', 'Non défini', 'Non défini', 'Non défini', 'N', 'Non défini', 'Non défini', 'Non défini', 'Non défini', 'Non défini', 'Non défini', 'Non défini', 'Non défini', 'Non défini', 'Non défini', 'Non défini', 'Non défini', 'Non défini', 'Non défini'),
(51844, 50800, 'RET', 'Retard', 'Non défini', 'Non défini', 'Non défini', '20', 'RETARD', 'O', 'O', 'O', 'Non défini', 'Non défini', 'Non défini', 'Non défini', 'Non défini', 'Non défini', 'Non défini', 'Non défini', 'Non défini', 'Non défini', 'Non défini', 'Non défini', 'Non défini', 'Non défini', 'Non défini', 'N', 'Non défini', 'Non défini', 'Non défini', 'Non défini', 'Non défini', 'Non défini', 'Non défini', 'Non défini', 'Non défini', 'Non défini', 'Non défini', 'Non défini', 'Non défini', 'Non défini'),
(51845, 50800, 'RMA', 'Repos Maternité', 'Non défini', 'Non défini', 'Non défini', '16', 'MATERNITE', 'N', 'N', 'N', 'Non défini', 'Non défini', 'Non défini', 'Non défini', 'Non défini', 'Non défini', 'Non défini', 'Non défini', 'Non défini', 'Non défini', 'Non défini', 'Non défini', 'Non défini', 'Non défini', 'Non défini', 'N', 'Non défini', 'Non défini', 'Non défini', 'Non défini', 'Non défini', 'Non défini', 'Non défini', 'Non défini', 'Non défini', 'Non défini', 'Non défini', 'Non défini', 'Non défini', 'Non défini'),
(51846, 50800, 'RN', 'Repos h. nuit', 'Non défini', 'Non défini', 'Non défini', '19', 'RECUPERATION', 'N', 'N', 'N', 'Non défini', 'Non défini', 'Non défini', 'Non défini', 'Non défini', 'Non défini', 'Non défini', 'Non défini', 'Non défini', 'Non défini', 'Non défini', 'Non défini', 'Non défini', 'Non défini', 'Non défini', 'N', 'Non défini', 'Non défini', 'Non défini', 'Non défini', 'Non défini', 'Non défini', 'Non défini', 'Non défini', 'Non défini', 'Non défini', 'Non défini', 'Non défini', 'Non défini', 'Non défini'),
(51847, 50800, 'RTT', 'RTT', 'Non défini', 'Non défini', 'Non défini', '19', 'RECUPERATION', 'N', 'N', 'N', 'Non défini', 'Non défini', 'Non défini', 'Non défini', 'Non défini', 'Non défini', 'Non défini', 'Non défini', 'Non défini', 'Non défini', 'Non défini', 'Non défini', 'Non défini', 'Non défini', 'Non défini', 'N', 'Non défini', 'Non défini', 'Non défini', 'Non défini', 'Non défini', 'Non défini', 'Non défini', 'Non défini', 'Non défini', 'Non défini', 'Non défini', 'Non défini', 'Non défini', 'Non défini'),
(51848, 50800, 'STA', 'Stage', 'Non défini', 'Non défini', 'Non défini', '25', 'STAGE', 'N', 'O', 'N', 'Non défini', 'Non défini', 'Non défini', 'Non défini', 'Non défini', 'Non défini', 'Non défini', 'Non défini', 'Non défini', 'Non défini', 'Non défini', 'Non défini', 'Non défini', 'Non défini', 'Non défini', 'N', 'Non défini', 'Non défini', 'Non défini', 'Non défini', 'Non défini', 'Non défini', 'Non défini', 'Non défini', 'Non défini', 'Non défini', 'Non défini', 'Non défini', 'Non défini', 'Non défini'),
(51849, 50800, '001', 'Maladie', 'Non défini', 'Non défini', 'Non défini', '14', 'MALADIE', 'O', 'O', 'O', 'Non défini', 'Non défini', 'Non défini', 'Non défini', 'Non défini', 'Non défini', 'Non défini', 'Non défini', 'Non défini', 'Non défini', 'Non défini', 'Non défini', 'Non défini', 'Non défini', 'Non défini', 'O', 'Non défini', 'Non défini', 'Non défini', 'Non défini', 'Non défini', 'Non défini', 'Non défini', 'Non défini', 'Non défini', 'Non défini', 'Non défini', 'Non défini', 'Non défini', 'Non défini'),
(51850, 50800, '002', 'Accid travail', 'Non défini', 'Non défini', 'Non défini', '02', 'ACCIDENT TRAVAIL', 'O', 'O', 'O', 'Non défini', 'Non défini', 'Non défini', 'Non défini', 'Non défini', 'Non défini', 'Non défini', 'Non défini', 'Non défini', 'Non défini', 'Non défini', 'Non défini', 'Non défini', 'Non défini', 'Non défini', 'O', 'Non défini', 'Non défini', 'Non défini', 'Non défini', 'Non défini', 'Non défini', 'Non défini', 'Non défini', 'Non défini', 'Non défini', 'Non défini', 'Non défini', 'Non défini', 'Non défini'),
(51851, 50800, '003', 'Maternité', 'Non défini', 'Non défini', 'Non défini', '16', 'MATERNITE', 'N', 'N', 'N', 'Non défini', 'Non défini', 'Non défini', 'Non défini', 'Non défini', 'Non défini', 'Non défini', 'Non défini', 'Non défini', 'Non défini', 'Non défini', 'Non défini', 'Non défini', 'Non défini', 'Non défini', 'O', 'Non défini', 'Non défini', 'Non défini', 'Non défini', 'Non défini', 'Non défini', 'Non défini', 'Non défini', 'Non défini', 'Non défini', 'Non défini', 'Non défini', 'Non défini', 'Non défini'),
(51852, 50800, '004', 'Paternité', 'Non défini', 'Non défini', 'Non défini', '18', 'PARENTAL', 'N', 'N', 'N', 'Non défini', 'Non défini', 'Non défini', 'Non défini', 'Non défini', 'Non défini', 'Non défini', 'Non défini', 'Non défini', 'Non défini', 'Non défini', 'Non défini', 'Non défini', 'Non défini', 'Non défini', 'O', 'Non défini', 'Non défini', 'Non défini', 'Non défini', 'Non défini', 'Non défini', 'Non défini', 'Non défini', 'Non défini', 'Non défini', 'Non défini', 'Non défini', 'Non défini', 'Non défini'),
(51853, 50800, '200', 'Congés payés annuels normaux', 'Non défini', 'Non défini', 'Non défini', '06', 'CP', 'N', 'N', 'N', 'Non défini', 'Non défini', 'Non défini', 'Non défini', 'Non défini', 'Non défini', 'Non défini', 'Non défini', 'Non défini', 'Non défini', 'Non défini', 'Non défini', 'Non défini', 'Non défini', 'Non défini', 'N', 'Non défini', 'Non défini', 'Non défini', 'Non défini', 'Non défini', 'Non défini', 'Non défini', 'Non défini', 'Non défini', 'Non défini', 'Non défini', 'Non défini', 'Non défini', 'Non défini'),
(51854, 50800, '201', 'Congés payés anticipés', 'Non défini', 'Non défini', 'Non défini', '06', 'CP', 'N', 'N', 'N', 'Non défini', 'Non défini', 'Non défini', 'Non défini', 'Non défini', 'Non défini', 'Non défini', 'Non défini', 'Non défini', 'Non défini', 'Non défini', 'Non défini', 'Non défini', 'Non défini', 'Non défini', 'N', 'Non défini', 'Non défini', 'Non défini', 'Non défini', 'Non défini', 'Non défini', 'Non défini', 'Non défini', 'Non défini', 'Non défini', 'Non défini', 'Non défini', 'Non défini', 'Non défini'),
(51855, 50800, '202', 'Congés d ancienneté', 'Non défini', 'Non défini', 'Non défini', '06', 'CP', 'N', 'N', 'N', 'Non défini', 'Non défini', 'Non défini', 'Non défini', 'Non défini', 'Non défini', 'Non défini', 'Non défini', 'Non défini', 'Non défini', 'Non défini', 'Non défini', 'Non défini', 'Non défini', 'Non défini', 'N', 'Non défini', 'Non défini', 'Non défini', 'Non défini', 'Non défini', 'Non défini', 'Non défini', 'Non défini', 'Non défini', 'Non défini', 'Non défini', 'Non défini', 'Non défini', 'Non défini'),
(51856, 50800, '204', 'Congés de fractionnement', 'Non défini', 'Non défini', 'Non défini', '06', 'CP', 'N', 'N', 'N', 'Non défini', 'Non défini', 'Non défini', 'Non défini', 'Non défini', 'Non défini', 'Non défini', 'Non défini', 'Non défini', 'Non défini', 'Non défini', 'Non défini', 'Non défini', 'Non défini', 'Non défini', 'N', 'Non défini', 'Non défini', 'Non défini', 'Non défini', 'Non défini', 'Non défini', 'Non défini', 'Non défini', 'Non défini', 'Non défini', 'Non défini', 'Non défini', 'Non défini', 'Non défini'),
(51857, 50800, '500', 'Congé parental d''éducation', 'Non défini', 'Non défini', 'Non défini', '18', 'PARENTAL', 'N', 'N', 'N', 'Non défini', 'Non défini', 'Non défini', 'Non défini', 'Non défini', 'Non défini', 'Non défini', 'Non défini', 'Non défini', 'Non défini', 'Non défini', 'Non défini', 'Non défini', 'Non défini', 'Non défini', 'O', 'Non défini', 'Non défini', 'Non défini', 'Non défini', 'Non défini', 'Non défini', 'Non défini', 'Non défini', 'Non défini', 'Non défini', 'Non défini', 'Non défini', 'Non défini', 'Non défini'),
(51858, 50800, '600', 'Longue maladie', 'Non défini', 'Non défini', 'Non défini', '14', 'MALADIE', 'O', 'N', 'N', 'Non défini', 'Non défini', 'Non défini', 'Non défini', 'Non défini', 'Non défini', 'Non défini', 'Non défini', 'Non défini', 'Non défini', 'Non défini', 'Non défini', 'Non défini', 'Non défini', 'Non défini', 'O', 'Non défini', 'Non défini', 'Non défini', 'Non défini', 'Non défini', 'Non défini', 'Non défini', 'Non défini', 'Non défini', 'Non défini', 'Non défini', 'Non défini', 'Non défini', 'Non défini'),
(51859, 50802, 'CH', 'NE PAS UTILISER Changement statut (pour la reprise de données)', 'Non défini', 'Non défini', 'Non défini', NULL, NULL, NULL, NULL, NULL, 'Non défini', 'Non défini', 'Non défini', 'Non défini', 'Non défini', 'Non défini', 'Non défini', 'Non défini', 'Non défini', 'Non défini', 'Non défini', 'Non défini', 'Non défini', 'Non défini', 'Non défini', NULL, 'Non défini', 'Non défini', 'Non défini', 'Non défini', 'Non défini', 'Non défini', 'Non défini', 'Non défini', 'Non défini', 'Non défini', 'Non défini', 'Non défini', 'Non défini', 'Non défini'),
(51860, 50802, 'DC', 'DECES', 'Non défini', 'Non défini', 'Non défini', '01', 'DECES', '02', 'DECES', '03', 'Non défini', 'Non défini', 'Non défini', 'Non défini', 'Non défini', 'Non défini', 'Non défini', 'Non défini', 'Non défini', 'Non défini', 'Non défini', 'Non défini', 'Non défini', 'Non défini', 'Non défini', 'SALARIES', 'Non défini', 'Non défini', 'Non défini', 'Non défini', 'Non défini', 'Non défini', 'Non défini', 'Non défini', 'Non défini', 'Non défini', 'Non défini', 'Non défini', 'Non défini', 'Non défini'),
(51861, 50802, 'DV', 'DEMISSION', 'Non défini', 'Non défini', 'Non défini', '02', 'DEMISSION', '03', 'DEMISSION', '03', 'Non défini', 'Non défini', 'Non défini', 'Non défini', 'Non défini', 'Non défini', 'Non défini', 'Non défini', 'Non défini', 'Non défini', 'Non défini', 'Non défini', 'Non défini', 'Non défini', 'Non défini', 'SALARIE', 'Non défini', 'Non défini', 'Non défini', 'Non défini', 'Non défini', 'Non défini', 'Non défini', 'Non défini', 'Non défini', 'Non défini', 'Non défini', 'Non défini', 'Non défini', 'Non défini'),
(51862, 50802, 'EXT', 'PAIE EXTERNALISEE', 'Non défini', 'Non défini', 'Non défini', '15', 'PAIE EXTERNALISEE', '01', 'AUTRES DEPARTS (VENTE ETAB, PAY EXTERN...)', '01', 'Non défini', 'Non défini', 'Non défini', 'Non défini', 'Non défini', 'Non défini', 'Non défini', 'Non défini', 'Non défini', 'Non défini', 'Non défini', 'Non défini', 'Non défini', 'Non défini', 'Non défini', 'EMPLOYEUR', 'Non défini', 'Non défini', 'Non défini', 'Non défini', 'Non défini', 'Non défini', 'Non défini', 'Non défini', 'Non défini', 'Non défini', 'Non défini', 'Non défini', 'Non défini', 'Non défini'),
(51863, 50802, 'FC', 'FIN DE CDD', 'Non défini', 'Non défini', 'Non défini', '03', 'DEPART CDD', '06', 'FIN CDD', '01', 'Non défini', 'Non défini', 'Non défini', 'Non défini', 'Non défini', 'Non défini', 'Non défini', 'Non défini', 'Non défini', 'Non défini', 'Non défini', 'Non défini', 'Non défini', 'Non défini', 'Non défini', 'EMPLOYEUR', 'Non défini', 'Non défini', 'Non défini', 'Non défini', 'Non défini', 'Non défini', 'Non défini', 'Non défini', 'Non défini', 'Non défini', 'Non défini', 'Non défini', 'Non défini', 'Non défini'),
(51864, 50802, 'FCP', 'FIN DE CONTRAT DE PRESTATION (stage, AFPE, SAE .....)', 'Non défini', 'Non défini', 'Non défini', '05', 'FIN DE CONTRAT DE PRESTATION (stage, AFPE, SAE .....)', '01', 'AUTRES DEPARTS (VENTE ETAB, PAY EXTERN...)', '02', 'Non défini', 'Non défini', 'Non défini', 'Non défini', 'Non défini', 'Non défini', 'Non défini', 'Non défini', 'Non défini', 'Non défini', 'Non défini', 'Non défini', 'Non défini', 'Non défini', 'Non défini', 'INDETERMINEE', 'Non défini', 'Non défini', 'Non défini', 'Non défini', 'Non défini', 'Non défini', 'Non défini', 'Non défini', 'Non défini', 'Non défini', 'Non défini', 'Non défini', 'Non défini', 'Non défini'),
(51865, 50802, 'FDR', 'FIN DE CDD APRES CUMUL EMPLOI RETRAITE', 'Non défini', 'Non défini', 'Non défini', '03', 'DEPART CDD', '06', 'FIN CDD', '01', 'Non défini', 'Non défini', 'Non défini', 'Non défini', 'Non défini', 'Non défini', 'Non défini', 'Non défini', 'Non défini', 'Non défini', 'Non défini', 'Non défini', 'Non défini', 'Non défini', 'Non défini', 'EMPLOYEUR', 'Non défini', 'Non défini', 'Non défini', 'Non défini', 'Non défini', 'Non défini', 'Non défini', 'Non défini', 'Non défini', 'Non défini', 'Non défini', 'Non défini', 'Non défini', 'Non défini'),
(51866, 50802, 'FE', 'FIN DE PERIODE D''ESSAI EMPLOYEUR', 'Non défini', 'Non défini', 'Non défini', '06', 'FIN PE', '04', 'DEPART EN COURS DE PERIODE DE''ESSAI, RUPTURE DE CONTRAT', '01', 'Non défini', 'Non défini', 'Non défini', 'Non défini', 'Non défini', 'Non défini', 'Non défini', 'Non défini', 'Non défini', 'Non défini', 'Non défini', 'Non défini', 'Non défini', 'Non défini', 'Non défini', 'EMPLOYEUR', 'Non défini', 'Non défini', 'Non défini', 'Non défini', 'Non défini', 'Non défini', 'Non défini', 'Non défini', 'Non défini', 'Non défini', 'Non défini', 'Non défini', 'Non défini', 'Non défini'),
(51867, 50802, 'FG', 'LICENCIEMENT FAUTE GRAVE', 'Non défini', 'Non défini', 'Non défini', '08', 'LICENCIEMENT FAUTE GRAVE', '08', 'LICENCIEMENT HORS ECO ET RUPTURE CONVENTIONNELLE', '01', 'Non défini', 'Non défini', 'Non défini', 'Non défini', 'Non défini', 'Non défini', 'Non défini', 'Non défini', 'Non défini', 'Non défini', 'Non défini', 'Non défini', 'Non défini', 'Non défini', 'Non défini', 'EMPLOYEUR', 'Non défini', 'Non défini', 'Non défini', 'Non défini', 'Non défini', 'Non défini', 'Non défini', 'Non défini', 'Non défini', 'Non défini', 'Non défini', 'Non défini', 'Non défini', 'Non défini'),
(51868, 50802, 'FL', 'LICENCIEMENT FAUTE LOURDE', 'Non défini', 'Non défini', 'Non défini', '09', 'LICENCIEMENT FAUTE LOURDE', '08', 'LICENCIEMENT HORS ECO ET RUPTURE CONVENTIONNELLE', '01', 'Non défini', 'Non défini', 'Non défini', 'Non défini', 'Non défini', 'Non défini', 'Non défini', 'Non défini', 'Non défini', 'Non défini', 'Non défini', 'Non défini', 'Non défini', 'Non défini', 'Non défini', 'EMPLOYEUR', 'Non défini', 'Non défini', 'Non défini', 'Non défini', 'Non défini', 'Non défini', 'Non défini', 'Non défini', 'Non défini', 'Non défini', 'Non défini', 'Non défini', 'Non défini', 'Non défini'),
(51869, 50802, 'FS', 'FIN DE PERIODE D''ESSAI SALARIE', 'Non défini', 'Non défini', 'Non défini', '06', 'FIN PE', '04', 'DEPART EN COURS DE PERIODE DE''ESSAI, RUPTURE DE CONTRAT', '03', 'Non défini', 'Non défini', 'Non défini', 'Non défini', 'Non défini', 'Non défini', 'Non défini', 'Non défini', 'Non défini', 'Non défini', 'Non défini', 'Non défini', 'Non défini', 'Non défini', 'Non défini', 'SALARIE', 'Non défini', 'Non défini', 'Non défini', 'Non défini', 'Non défini', 'Non défini', 'Non défini', 'Non défini', 'Non défini', 'Non défini', 'Non défini', 'Non défini', 'Non défini', 'Non défini'),
(51870, 50802, 'FT', 'VENTE D'' ETABLISSEMENT AVEC REPRISE DU PERSONNEL', 'Non défini', 'Non défini', 'Non défini', '20', 'VENTE D'' ETABLISSEMENT AVEC REPRISE DU PERSONNEL', '01', 'AUTRES DEPARTS (VENTE ETAB, PAY EXTERN...)', '01', 'Non défini', 'Non défini', 'Non défini', 'Non défini', 'Non défini', 'Non défini', 'Non défini', 'Non défini', 'Non défini', 'Non défini', 'Non défini', 'Non défini', 'Non défini', 'Non défini', 'Non défini', 'EMPLOYEUR', 'Non défini', 'Non défini', 'Non défini', 'Non défini', 'Non défini', 'Non défini', 'Non défini', 'Non défini', 'Non défini', 'Non défini', 'Non défini', 'Non défini', 'Non défini', 'Non défini'),
(51871, 50802, 'IMP', 'LICENCIEMENT POUR INAPTITUDE SUITE A MALADIE PROFESSIONNELLE', 'Non défini', 'Non défini', 'Non défini', '11', 'LICENCIEMENT INAPTITUDE PROFESSIONNELLE', '08', 'LICENCIEMENT HORS ECO ET RUPTURE CONVENTIONNELLE', '01', 'Non défini', 'Non défini', 'Non défini', 'Non défini', 'Non défini', 'Non défini', 'Non défini', 'Non défini', 'Non défini', 'Non défini', 'Non défini', 'Non défini', 'Non défini', 'Non défini', 'Non défini', 'EMPLOYEUR', 'Non défini', 'Non défini', 'Non défini', 'Non défini', 'Non défini', 'Non défini', 'Non défini', 'Non défini', 'Non défini', 'Non défini', 'Non défini', 'Non défini', 'Non défini', 'Non défini'),
(51872, 50802, 'INA', 'LICENCIEMENT POUR INAPTITUDE PHYSIQUE SUITE A AT', 'Non défini', 'Non défini', 'Non défini', '11', 'LICENCIEMENT INAPTITUDE PROFESSIONNELLE', '08', 'LICENCIEMENT HORS ECO ET RUPTURE CONVENTIONNELLE', '01', 'Non défini', 'Non défini', 'Non défini', 'Non défini', 'Non défini', 'Non défini', 'Non défini', 'Non défini', 'Non défini', 'Non défini', 'Non défini', 'Non défini', 'Non défini', 'Non défini', 'Non défini', 'EMPLOYEUR', 'Non défini', 'Non défini', 'Non défini', 'Non défini', 'Non défini', 'Non défini', 'Non défini', 'Non défini', 'Non défini', 'Non défini', 'Non défini', 'Non défini', 'Non défini', 'Non défini'),
(51873, 50802, 'INM', 'LICENCIEMENT POUR INAPTITUDE PHYSIQUE SUITE A MALADIE', 'Non défini', 'Non défini', 'Non défini', '10', 'LICENCIEMENT INAPTITUDE', '08', 'LICENCIEMENT HORS ECO ET RUPTURE CONVENTIONNELLE', '01', 'Non défini', 'Non défini', 'Non défini', 'Non défini', 'Non défini', 'Non défini', 'Non défini', 'Non défini', 'Non défini', 'Non défini', 'Non défini', 'Non défini', 'Non défini', 'Non défini', 'Non défini', 'EMPLOYEUR', 'Non défini', 'Non défini', 'Non défini', 'Non défini', 'Non défini', 'Non défini', 'Non défini', 'Non défini', 'Non défini', 'Non défini', 'Non défini', 'Non défini', 'Non défini', 'Non défini'),
(51874, 50802, 'ITJ', 'LICENCIEMENT POUR INAPTITUDE SUITE A ACCIDENT DE TRAJET', 'Non défini', 'Non défini', 'Non défini', '11', 'LICENCIEMENT INAPTITUDE PROFESSIONNELLE', '08', 'LICENCIEMENT HORS ECO ET RUPTURE CONVENTIONNELLE', '01', 'Non défini', 'Non défini', 'Non défini', 'Non défini', 'Non défini', 'Non défini', 'Non défini', 'Non défini', 'Non défini', 'Non défini', 'Non défini', 'Non défini', 'Non défini', 'Non défini', 'Non défini', 'EMPLOYEUR', 'Non défini', 'Non défini', 'Non défini', 'Non défini', 'Non défini', 'Non défini', 'Non défini', 'Non défini', 'Non défini', 'Non défini', 'Non défini', 'Non défini', 'Non défini', 'Non défini'),
(51875, 50802, 'LE', 'LICENCIEMENT ECONOMIQUE', 'Non défini', 'Non défini', 'Non défini', '07', 'LICENCIEMENT ECONOMIQUE', '07', 'LICENCIEMENT ECONOMIQUE', '01', 'Non défini', 'Non défini', 'Non défini', 'Non défini', 'Non défini', 'Non défini', 'Non défini', 'Non défini', 'Non défini', 'Non défini', 'Non défini', 'Non défini', 'Non défini', 'Non défini', 'Non défini', 'EMPLOYEUR', 'Non défini', 'Non défini', 'Non défini', 'Non défini', 'Non défini', 'Non défini', 'Non défini', 'Non défini', 'Non défini', 'Non défini', 'Non défini', 'Non défini', 'Non défini', 'Non défini'),
(51876, 50802, 'LGE', 'MISE EN LOCATION GERANCE', 'Non défini', 'Non défini', 'Non défini', '14', 'MISE EN LOCATION GERANCE', '01', 'AUTRES DEPARTS (VENTE ETAB, PAY EXTERN...)', '01', 'Non défini', 'Non défini', 'Non défini', 'Non défini', 'Non défini', 'Non défini', 'Non défini', 'Non défini', 'Non défini', 'Non défini', 'Non défini', 'Non défini', 'Non défini', 'Non défini', 'Non défini', 'EMPLOYEUR', 'Non défini', 'Non défini', 'Non défini', 'Non défini', 'Non défini', 'Non défini', 'Non défini', 'Non défini', 'Non défini', 'Non défini', 'Non défini', 'Non défini', 'Non défini', 'Non défini');
INSERT INTO `QC1_REP_MTA_RULE` (`CODE_RULE`, `CODE_EXTENSION`, `SRC_ATTR_01_VALUE`, `SRC_ATTR_02_VALUE`, `SRC_ATTR_03_VALUE`, `SRC_ATTR_04_VALUE`, `SRC_ATTR_05_VALUE`, `EXT_ATTR_01_VALUE`, `EXT_ATTR_02_VALUE`, `EXT_ATTR_03_VALUE`, `EXT_ATTR_04_VALUE`, `EXT_ATTR_05_VALUE`, `SRC_ATTR_06_VALUE`, `SRC_ATTR_07_VALUE`, `SRC_ATTR_08_VALUE`, `SRC_ATTR_09_VALUE`, `SRC_ATTR_10_VALUE`, `SRC_ATTR_11_VALUE`, `SRC_ATTR_12_VALUE`, `SRC_ATTR_13_VALUE`, `SRC_ATTR_14_VALUE`, `SRC_ATTR_15_VALUE`, `SRC_ATTR_16_VALUE`, `SRC_ATTR_17_VALUE`, `SRC_ATTR_18_VALUE`, `SRC_ATTR_19_VALUE`, `SRC_ATTR_20_VALUE`, `EXT_ATTR_06_VALUE`, `EXT_ATTR_07_VALUE`, `EXT_ATTR_08_VALUE`, `EXT_ATTR_09_VALUE`, `EXT_ATTR_10_VALUE`, `EXT_ATTR_11_VALUE`, `EXT_ATTR_12_VALUE`, `EXT_ATTR_13_VALUE`, `EXT_ATTR_14_VALUE`, `EXT_ATTR_15_VALUE`, `EXT_ATTR_16_VALUE`, `EXT_ATTR_17_VALUE`, `EXT_ATTR_18_VALUE`, `EXT_ATTR_19_VALUE`, `EXT_ATTR_20_VALUE`) VALUES
(51877, 50802, 'LI', 'LICENCIEMENT POUR CAUSE REELLE ET SERIEUSE', 'Non défini', 'Non défini', 'Non défini', '12', 'LICENCIEMENT POUR CAUSE REELLE ET SERIEUSE', '08', 'LICENCIEMENT HORS ECO ET RUPTURE CONVENTIONNELLE', '01', 'Non défini', 'Non défini', 'Non défini', 'Non défini', 'Non défini', 'Non défini', 'Non défini', 'Non défini', 'Non défini', 'Non défini', 'Non défini', 'Non défini', 'Non défini', 'Non défini', 'Non défini', 'EMPLOYEUR', 'Non défini', 'Non défini', 'Non défini', 'Non défini', 'Non défini', 'Non défini', 'Non défini', 'Non défini', 'Non défini', 'Non défini', 'Non défini', 'Non défini', 'Non défini', 'Non défini'),
(51878, 50802, 'LNR', 'LICENCIEMENT POUR NON RENOUVELLEMENT DE TITRE', 'Non défini', 'Non défini', 'Non défini', '13', 'LICENCIEMENT POUR NON RENOUVELLEMENT DE TITRE', '08', 'LICENCIEMENT HORS ECO ET RUPTURE CONVENTIONNELLE', '01', 'Non défini', 'Non défini', 'Non défini', 'Non défini', 'Non défini', 'Non défini', 'Non défini', 'Non défini', 'Non défini', 'Non défini', 'Non défini', 'Non défini', 'Non défini', 'Non défini', 'Non défini', 'EMPLOYEUR', 'Non défini', 'Non défini', 'Non défini', 'Non défini', 'Non défini', 'Non défini', 'Non défini', 'Non défini', 'Non défini', 'Non défini', 'Non défini', 'Non défini', 'Non défini', 'Non défini'),
(51879, 50802, 'MU', 'NE PAS UTILISER Mutation d''établissement (reprise de données)', 'Non défini', 'Non défini', 'Non défini', NULL, NULL, NULL, NULL, NULL, 'Non défini', 'Non défini', 'Non défini', 'Non défini', 'Non défini', 'Non défini', 'Non défini', 'Non défini', 'Non défini', 'Non défini', 'Non défini', 'Non défini', 'Non défini', 'Non défini', 'Non défini', NULL, 'Non défini', 'Non défini', 'Non défini', 'Non défini', 'Non défini', 'Non défini', 'Non défini', 'Non défini', 'Non défini', 'Non défini', 'Non défini', 'Non défini', 'Non défini', 'Non défini'),
(51880, 50802, 'RAP', 'RUPTURE CONTRAT APPRENTISSAGE', 'Non défini', 'Non défini', 'Non défini', '18', 'RUPTURE CONTRAT APPRENTISSAGE', '04', 'DEPART EN COURS DE PERIODE DE''ESSAI, RUPTURE DE CONTRAT', '02', 'Non défini', 'Non défini', 'Non défini', 'Non défini', 'Non défini', 'Non défini', 'Non défini', 'Non défini', 'Non défini', 'Non défini', 'Non défini', 'Non défini', 'Non défini', 'Non défini', 'Non défini', 'INDETERMINEE', 'Non défini', 'Non défini', 'Non défini', 'Non défini', 'Non défini', 'Non défini', 'Non défini', 'Non défini', 'Non défini', 'Non défini', 'Non défini', 'Non défini', 'Non défini', 'Non défini'),
(51881, 50802, 'RC', 'RUPTURE DU CDD PAR LE SALARIE', 'Non défini', 'Non défini', 'Non défini', '03', 'DEPART CDD', '04', 'DEPART EN COURS DE PERIODE DE''ESSAI, RUPTURE DE CONTRAT', '03', 'Non défini', 'Non défini', 'Non défini', 'Non défini', 'Non défini', 'Non défini', 'Non défini', 'Non défini', 'Non défini', 'Non défini', 'Non défini', 'Non défini', 'Non défini', 'Non défini', 'Non défini', 'SALARIE', 'Non défini', 'Non défini', 'Non défini', 'Non défini', 'Non défini', 'Non défini', 'Non défini', 'Non défini', 'Non défini', 'Non défini', 'Non défini', 'Non défini', 'Non défini', 'Non défini'),
(51882, 50802, 'RCV', 'RUPTURE CONVENTIONNELLE', 'Non défini', 'Non défini', 'Non défini', '19', 'RUPTURE CONVENTIONNELLE', '08', 'LICENCIEMENT HORS ECO ET RUPTURE CONVENTIONNELLE', '02', 'Non défini', 'Non défini', 'Non défini', 'Non défini', 'Non défini', 'Non défini', 'Non défini', 'Non défini', 'Non défini', 'Non défini', 'Non défini', 'Non défini', 'Non défini', 'Non défini', 'Non défini', 'INDETERMINEE', 'Non défini', 'Non défini', 'Non défini', 'Non défini', 'Non défini', 'Non défini', 'Non défini', 'Non défini', 'Non défini', 'Non défini', 'Non défini', 'Non défini', 'Non défini', 'Non défini'),
(51883, 50802, 'RT', 'DEPART EN RETRAITE', 'Non défini', 'Non défini', 'Non défini', '17', 'RETRAITE', '05', 'DEPART EN RETRAITE', '03', 'Non défini', 'Non défini', 'Non défini', 'Non défini', 'Non défini', 'Non défini', 'Non défini', 'Non défini', 'Non défini', 'Non défini', 'Non défini', 'Non défini', 'Non défini', 'Non défini', 'Non défini', 'SALARIE', 'Non défini', 'Non défini', 'Non défini', 'Non défini', 'Non défini', 'Non défini', 'Non défini', 'Non défini', 'Non défini', 'Non défini', 'Non défini', 'Non défini', 'Non défini', 'Non défini'),
(51884, 50802, 'RTE', 'MISE A LA RETRAITE PAR L''EMPLOYEUR', 'Non défini', 'Non défini', 'Non défini', '17', 'RETRAITE', '05', 'DEPART EN RETRAITE', '01', 'Non défini', 'Non défini', 'Non défini', 'Non défini', 'Non défini', 'Non défini', 'Non défini', 'Non défini', 'Non défini', 'Non défini', 'Non défini', 'Non défini', 'Non défini', 'Non défini', 'Non défini', 'EMPLOYEUR', 'Non défini', 'Non défini', 'Non défini', 'Non défini', 'Non défini', 'Non défini', 'Non défini', 'Non défini', 'Non défini', 'Non défini', 'Non défini', 'Non défini', 'Non défini', 'Non défini'),
(51885, 50802, NULL, NULL, 'Non défini', 'Non défini', 'Non défini', NULL, NULL, NULL, NULL, NULL, 'Non défini', 'Non défini', 'Non défini', 'Non défini', 'Non défini', 'Non défini', 'Non défini', 'Non défini', 'Non défini', 'Non défini', 'Non défini', 'Non défini', 'Non défini', 'Non défini', 'Non défini', NULL, 'Non défini', 'Non défini', 'Non défini', 'Non défini', 'Non défini', 'Non défini', 'Non défini', 'Non défini', 'Non défini', 'Non défini', 'Non défini', 'Non défini', 'Non défini', 'Non défini'),
(52190, 50797, '006-Niveau 001 (code)', '007-Niveau 001', NULL, NULL, NULL, '086-Champ libre 041', '087-Champ libre 042', NULL, NULL, NULL, NULL, NULL, NULL, NULL, NULL, NULL, NULL, NULL, NULL, NULL, NULL, NULL, NULL, NULL, NULL, NULL, NULL, NULL, NULL, NULL, NULL, NULL, NULL, NULL, NULL, NULL, NULL, NULL, NULL, NULL),
(52191, 50797, '01', 'SAS FLUNCH', NULL, NULL, NULL, 'Non défini', 'Non défini', NULL, NULL, NULL, NULL, NULL, NULL, NULL, NULL, NULL, NULL, NULL, NULL, NULL, NULL, NULL, NULL, NULL, NULL, NULL, NULL, NULL, NULL, NULL, NULL, NULL, NULL, NULL, NULL, NULL, NULL, NULL, NULL, NULL),
(52192, 50797, '01003', 'SARL FLUNCH LORIENT', NULL, NULL, NULL, '01', 'FLUNCH', NULL, NULL, NULL, NULL, NULL, NULL, NULL, NULL, NULL, NULL, NULL, NULL, NULL, NULL, NULL, NULL, NULL, NULL, NULL, NULL, NULL, NULL, NULL, NULL, NULL, NULL, NULL, NULL, NULL, NULL, NULL, NULL, NULL),
(52193, 50797, '01004', 'SARL FLUNCH ROUEN CENTRE', NULL, NULL, NULL, '01', 'FLUNCH', NULL, NULL, NULL, NULL, NULL, NULL, NULL, NULL, NULL, NULL, NULL, NULL, NULL, NULL, NULL, NULL, NULL, NULL, NULL, NULL, NULL, NULL, NULL, NULL, NULL, NULL, NULL, NULL, NULL, NULL, NULL, NULL, NULL),
(52194, 50797, '01008', 'SARL FLUNCH COLMAR', NULL, NULL, NULL, '01', 'FLUNCH', NULL, NULL, NULL, NULL, NULL, NULL, NULL, NULL, NULL, NULL, NULL, NULL, NULL, NULL, NULL, NULL, NULL, NULL, NULL, NULL, NULL, NULL, NULL, NULL, NULL, NULL, NULL, NULL, NULL, NULL, NULL, NULL, NULL),
(52195, 50797, '01009', 'SARL FLUNCH REIMS CERNAY', NULL, NULL, NULL, '01', 'FLUNCH', NULL, NULL, NULL, NULL, NULL, NULL, NULL, NULL, NULL, NULL, NULL, NULL, NULL, NULL, NULL, NULL, NULL, NULL, NULL, NULL, NULL, NULL, NULL, NULL, NULL, NULL, NULL, NULL, NULL, NULL, NULL, NULL, NULL),
(52196, 50797, '01012', 'SARL FLUNCH ST NAZAIRE TRIGNAC', NULL, NULL, NULL, '01', 'FLUNCH', NULL, NULL, NULL, NULL, NULL, NULL, NULL, NULL, NULL, NULL, NULL, NULL, NULL, NULL, NULL, NULL, NULL, NULL, NULL, NULL, NULL, NULL, NULL, NULL, NULL, NULL, NULL, NULL, NULL, NULL, NULL, NULL, NULL),
(52197, 50797, '01016', 'SARL FLUNCH BREST IROISE', NULL, NULL, NULL, '01', 'FLUNCH', NULL, NULL, NULL, NULL, NULL, NULL, NULL, NULL, NULL, NULL, NULL, NULL, NULL, NULL, NULL, NULL, NULL, NULL, NULL, NULL, NULL, NULL, NULL, NULL, NULL, NULL, NULL, NULL, NULL, NULL, NULL, NULL, NULL),
(52198, 50797, '01017', 'SARL FLUNCH BRETIGNY', NULL, NULL, NULL, '01', 'FLUNCH', NULL, NULL, NULL, NULL, NULL, NULL, NULL, NULL, NULL, NULL, NULL, NULL, NULL, NULL, NULL, NULL, NULL, NULL, NULL, NULL, NULL, NULL, NULL, NULL, NULL, NULL, NULL, NULL, NULL, NULL, NULL, NULL, NULL),
(52199, 50797, '01019', 'SARL FLUNCH LE MANS LA MILESSE', NULL, NULL, NULL, '01', 'FLUNCH', NULL, NULL, NULL, NULL, NULL, NULL, NULL, NULL, NULL, NULL, NULL, NULL, NULL, NULL, NULL, NULL, NULL, NULL, NULL, NULL, NULL, NULL, NULL, NULL, NULL, NULL, NULL, NULL, NULL, NULL, NULL, NULL, NULL),
(52200, 50797, '01020', 'SARL FLUNCH PARIS CAULAINCOURT', NULL, NULL, NULL, '01', 'FLUNCH', NULL, NULL, NULL, NULL, NULL, NULL, NULL, NULL, NULL, NULL, NULL, NULL, NULL, NULL, NULL, NULL, NULL, NULL, NULL, NULL, NULL, NULL, NULL, NULL, NULL, NULL, NULL, NULL, NULL, NULL, NULL, NULL, NULL),
(52201, 50797, '01022', 'SARL FLUNCH BAYONNE', NULL, NULL, NULL, '01', 'FLUNCH', NULL, NULL, NULL, NULL, NULL, NULL, NULL, NULL, NULL, NULL, NULL, NULL, NULL, NULL, NULL, NULL, NULL, NULL, NULL, NULL, NULL, NULL, NULL, NULL, NULL, NULL, NULL, NULL, NULL, NULL, NULL, NULL, NULL),
(52202, 50797, '01023', 'SARL FLUNCH TOULOUSE LABEGE', NULL, NULL, NULL, '01', 'FLUNCH', NULL, NULL, NULL, NULL, NULL, NULL, NULL, NULL, NULL, NULL, NULL, NULL, NULL, NULL, NULL, NULL, NULL, NULL, NULL, NULL, NULL, NULL, NULL, NULL, NULL, NULL, NULL, NULL, NULL, NULL, NULL, NULL, NULL),
(52203, 50797, '01025', 'SARL FLUNCH LIMOGES REPUBLIQUE', NULL, NULL, NULL, '01', 'FLUNCH', NULL, NULL, NULL, NULL, NULL, NULL, NULL, NULL, NULL, NULL, NULL, NULL, NULL, NULL, NULL, NULL, NULL, NULL, NULL, NULL, NULL, NULL, NULL, NULL, NULL, NULL, NULL, NULL, NULL, NULL, NULL, NULL, NULL),
(52204, 50797, '01027', 'SARL FLUNCH BELFORT', NULL, NULL, NULL, '01', 'FLUNCH', NULL, NULL, NULL, NULL, NULL, NULL, NULL, NULL, NULL, NULL, NULL, NULL, NULL, NULL, NULL, NULL, NULL, NULL, NULL, NULL, NULL, NULL, NULL, NULL, NULL, NULL, NULL, NULL, NULL, NULL, NULL, NULL, NULL),
(52205, 50797, '01028', 'SARL FLUNCH VALENCIENNES CENTRE', NULL, NULL, NULL, '01', 'FLUNCH', NULL, NULL, NULL, NULL, NULL, NULL, NULL, NULL, NULL, NULL, NULL, NULL, NULL, NULL, NULL, NULL, NULL, NULL, NULL, NULL, NULL, NULL, NULL, NULL, NULL, NULL, NULL, NULL, NULL, NULL, NULL, NULL, NULL),
(52206, 50797, '01029', 'SARL FLUNCH ANNECY', NULL, NULL, NULL, '01', 'FLUNCH', NULL, NULL, NULL, NULL, NULL, NULL, NULL, NULL, NULL, NULL, NULL, NULL, NULL, NULL, NULL, NULL, NULL, NULL, NULL, NULL, NULL, NULL, NULL, NULL, NULL, NULL, NULL, NULL, NULL, NULL, NULL, NULL, NULL),
(52207, 50797, '01032', 'SARL FLUNCH ANGOULEME', NULL, NULL, NULL, '01', 'FLUNCH', NULL, NULL, NULL, NULL, NULL, NULL, NULL, NULL, NULL, NULL, NULL, NULL, NULL, NULL, NULL, NULL, NULL, NULL, NULL, NULL, NULL, NULL, NULL, NULL, NULL, NULL, NULL, NULL, NULL, NULL, NULL, NULL, NULL),
(52208, 50797, '01035', 'SARL FLUNCH PERIGUEUX', NULL, NULL, NULL, '01', 'FLUNCH', NULL, NULL, NULL, NULL, NULL, NULL, NULL, NULL, NULL, NULL, NULL, NULL, NULL, NULL, NULL, NULL, NULL, NULL, NULL, NULL, NULL, NULL, NULL, NULL, NULL, NULL, NULL, NULL, NULL, NULL, NULL, NULL, NULL),
(52209, 50797, '01036', 'SARL FLUNCH BETHUNE', NULL, NULL, NULL, '01', 'FLUNCH', NULL, NULL, NULL, NULL, NULL, NULL, NULL, NULL, NULL, NULL, NULL, NULL, NULL, NULL, NULL, NULL, NULL, NULL, NULL, NULL, NULL, NULL, NULL, NULL, NULL, NULL, NULL, NULL, NULL, NULL, NULL, NULL, NULL),
(52210, 50797, '01041', 'SARL FLUNCH ENGLOS', NULL, NULL, NULL, '01', 'FLUNCH', NULL, NULL, NULL, NULL, NULL, NULL, NULL, NULL, NULL, NULL, NULL, NULL, NULL, NULL, NULL, NULL, NULL, NULL, NULL, NULL, NULL, NULL, NULL, NULL, NULL, NULL, NULL, NULL, NULL, NULL, NULL, NULL, NULL),
(52211, 50797, '01042', 'SARL FLUNCH VALENCIENNES PETITE FORET', NULL, NULL, NULL, '01', 'FLUNCH', NULL, NULL, NULL, NULL, NULL, NULL, NULL, NULL, NULL, NULL, NULL, NULL, NULL, NULL, NULL, NULL, NULL, NULL, NULL, NULL, NULL, NULL, NULL, NULL, NULL, NULL, NULL, NULL, NULL, NULL, NULL, NULL, NULL),
(52212, 50797, '01043', 'SARL FLUNCH NOYELLES', NULL, NULL, NULL, '01', 'FLUNCH', NULL, NULL, NULL, NULL, NULL, NULL, NULL, NULL, NULL, NULL, NULL, NULL, NULL, NULL, NULL, NULL, NULL, NULL, NULL, NULL, NULL, NULL, NULL, NULL, NULL, NULL, NULL, NULL, NULL, NULL, NULL, NULL, NULL),
(52213, 50797, '01044', 'SARL FLUNCH LEERS', NULL, NULL, NULL, '01', 'FLUNCH', NULL, NULL, NULL, NULL, NULL, NULL, NULL, NULL, NULL, NULL, NULL, NULL, NULL, NULL, NULL, NULL, NULL, NULL, NULL, NULL, NULL, NULL, NULL, NULL, NULL, NULL, NULL, NULL, NULL, NULL, NULL, NULL, NULL),
(52214, 50797, '01045', 'SARL FLUNCH RONCQ', NULL, NULL, NULL, '01', 'FLUNCH', NULL, NULL, NULL, NULL, NULL, NULL, NULL, NULL, NULL, NULL, NULL, NULL, NULL, NULL, NULL, NULL, NULL, NULL, NULL, NULL, NULL, NULL, NULL, NULL, NULL, NULL, NULL, NULL, NULL, NULL, NULL, NULL, NULL),
(52215, 50797, '01046', 'SARL FLUNCH BOULOGNE', NULL, NULL, NULL, '01', 'FLUNCH', NULL, NULL, NULL, NULL, NULL, NULL, NULL, NULL, NULL, NULL, NULL, NULL, NULL, NULL, NULL, NULL, NULL, NULL, NULL, NULL, NULL, NULL, NULL, NULL, NULL, NULL, NULL, NULL, NULL, NULL, NULL, NULL, NULL),
(52216, 50797, '01047', 'SARL FLUNCH LE HAVRE GRAND CAP', NULL, NULL, NULL, '01', 'FLUNCH', NULL, NULL, NULL, NULL, NULL, NULL, NULL, NULL, NULL, NULL, NULL, NULL, NULL, NULL, NULL, NULL, NULL, NULL, NULL, NULL, NULL, NULL, NULL, NULL, NULL, NULL, NULL, NULL, NULL, NULL, NULL, NULL, NULL),
(52217, 50797, '01048', 'SARL FLUNCH FONTENAY', NULL, NULL, NULL, '01', 'FLUNCH', NULL, NULL, NULL, NULL, NULL, NULL, NULL, NULL, NULL, NULL, NULL, NULL, NULL, NULL, NULL, NULL, NULL, NULL, NULL, NULL, NULL, NULL, NULL, NULL, NULL, NULL, NULL, NULL, NULL, NULL, NULL, NULL, NULL),
(52218, 50797, '01049', 'SARL FLUNCH MAUBEUGE', NULL, NULL, NULL, '01', 'FLUNCH', NULL, NULL, NULL, NULL, NULL, NULL, NULL, NULL, NULL, NULL, NULL, NULL, NULL, NULL, NULL, NULL, NULL, NULL, NULL, NULL, NULL, NULL, NULL, NULL, NULL, NULL, NULL, NULL, NULL, NULL, NULL, NULL, NULL),
(52219, 50797, '01050', 'SARL FLUNCH ROUEN BARENTIN', NULL, NULL, NULL, '01', 'FLUNCH', NULL, NULL, NULL, NULL, NULL, NULL, NULL, NULL, NULL, NULL, NULL, NULL, NULL, NULL, NULL, NULL, NULL, NULL, NULL, NULL, NULL, NULL, NULL, NULL, NULL, NULL, NULL, NULL, NULL, NULL, NULL, NULL, NULL),
(52220, 50797, '01052', 'SARL FLUNCH DUNKERQUE', NULL, NULL, NULL, '01', 'FLUNCH', NULL, NULL, NULL, NULL, NULL, NULL, NULL, NULL, NULL, NULL, NULL, NULL, NULL, NULL, NULL, NULL, NULL, NULL, NULL, NULL, NULL, NULL, NULL, NULL, NULL, NULL, NULL, NULL, NULL, NULL, NULL, NULL, NULL),
(52221, 50797, '01053', 'SARL FLUNCH ORLEANS ST JEAN', NULL, NULL, NULL, '01', 'FLUNCH', NULL, NULL, NULL, NULL, NULL, NULL, NULL, NULL, NULL, NULL, NULL, NULL, NULL, NULL, NULL, NULL, NULL, NULL, NULL, NULL, NULL, NULL, NULL, NULL, NULL, NULL, NULL, NULL, NULL, NULL, NULL, NULL, NULL),
(52222, 50797, '01054', 'SARL FLUNCH AVIGNON LE PONTET', NULL, NULL, NULL, '01', 'FLUNCH', NULL, NULL, NULL, NULL, NULL, NULL, NULL, NULL, NULL, NULL, NULL, NULL, NULL, NULL, NULL, NULL, NULL, NULL, NULL, NULL, NULL, NULL, NULL, NULL, NULL, NULL, NULL, NULL, NULL, NULL, NULL, NULL, NULL),
(52223, 50797, '01055', 'SARL FLUNCH NANCY ST SEBASTIEN', NULL, NULL, NULL, '01', 'FLUNCH', NULL, NULL, NULL, NULL, NULL, NULL, NULL, NULL, NULL, NULL, NULL, NULL, NULL, NULL, NULL, NULL, NULL, NULL, NULL, NULL, NULL, NULL, NULL, NULL, NULL, NULL, NULL, NULL, NULL, NULL, NULL, NULL, NULL),
(52224, 50797, '01056', 'SARL FLUNCH MARSEILLE VITROLLES', NULL, NULL, NULL, '01', 'FLUNCH', NULL, NULL, NULL, NULL, NULL, NULL, NULL, NULL, NULL, NULL, NULL, NULL, NULL, NULL, NULL, NULL, NULL, NULL, NULL, NULL, NULL, NULL, NULL, NULL, NULL, NULL, NULL, NULL, NULL, NULL, NULL, NULL, NULL),
(52225, 50797, '01058', 'SARL FLUNCH LYON  ECULLY', NULL, NULL, NULL, '01', 'FLUNCH', NULL, NULL, NULL, NULL, NULL, NULL, NULL, NULL, NULL, NULL, NULL, NULL, NULL, NULL, NULL, NULL, NULL, NULL, NULL, NULL, NULL, NULL, NULL, NULL, NULL, NULL, NULL, NULL, NULL, NULL, NULL, NULL, NULL),
(52226, 50797, '01061', 'SARL FLUNCH COMPIEGNE', NULL, NULL, NULL, '01', 'FLUNCH', NULL, NULL, NULL, NULL, NULL, NULL, NULL, NULL, NULL, NULL, NULL, NULL, NULL, NULL, NULL, NULL, NULL, NULL, NULL, NULL, NULL, NULL, NULL, NULL, NULL, NULL, NULL, NULL, NULL, NULL, NULL, NULL, NULL),
(52227, 50797, '01062', 'SARL FLUNCH PLAISIR', NULL, NULL, NULL, '01', 'FLUNCH', NULL, NULL, NULL, NULL, NULL, NULL, NULL, NULL, NULL, NULL, NULL, NULL, NULL, NULL, NULL, NULL, NULL, NULL, NULL, NULL, NULL, NULL, NULL, NULL, NULL, NULL, NULL, NULL, NULL, NULL, NULL, NULL, NULL),
(52228, 50797, '01063', 'SARL FLUNCH TROYES', NULL, NULL, NULL, '01', 'FLUNCH', NULL, NULL, NULL, NULL, NULL, NULL, NULL, NULL, NULL, NULL, NULL, NULL, NULL, NULL, NULL, NULL, NULL, NULL, NULL, NULL, NULL, NULL, NULL, NULL, NULL, NULL, NULL, NULL, NULL, NULL, NULL, NULL, NULL),
(52229, 50797, '01064', 'SARL FLUNCH ANTIBES', NULL, NULL, NULL, '01', 'FLUNCH', NULL, NULL, NULL, NULL, NULL, NULL, NULL, NULL, NULL, NULL, NULL, NULL, NULL, NULL, NULL, NULL, NULL, NULL, NULL, NULL, NULL, NULL, NULL, NULL, NULL, NULL, NULL, NULL, NULL, NULL, NULL, NULL, NULL),
(52230, 50797, '01065', 'SARL FLUNCH MANTES', NULL, NULL, NULL, '01', 'FLUNCH', NULL, NULL, NULL, NULL, NULL, NULL, NULL, NULL, NULL, NULL, NULL, NULL, NULL, NULL, NULL, NULL, NULL, NULL, NULL, NULL, NULL, NULL, NULL, NULL, NULL, NULL, NULL, NULL, NULL, NULL, NULL, NULL, NULL),
(52231, 50797, '01067', 'SARL FLUNCH TOULOUSE PORTET', NULL, NULL, NULL, '01', 'FLUNCH', NULL, NULL, NULL, NULL, NULL, NULL, NULL, NULL, NULL, NULL, NULL, NULL, NULL, NULL, NULL, NULL, NULL, NULL, NULL, NULL, NULL, NULL, NULL, NULL, NULL, NULL, NULL, NULL, NULL, NULL, NULL, NULL, NULL),
(52232, 50797, '01068', 'SARL FLUNCH RAMBOUILLET', NULL, NULL, NULL, '01', 'FLUNCH', NULL, NULL, NULL, NULL, NULL, NULL, NULL, NULL, NULL, NULL, NULL, NULL, NULL, NULL, NULL, NULL, NULL, NULL, NULL, NULL, NULL, NULL, NULL, NULL, NULL, NULL, NULL, NULL, NULL, NULL, NULL, NULL, NULL),
(52233, 50797, '01069', 'SARL FLUNCH ORLEANS OLIVET', NULL, NULL, NULL, '01', 'FLUNCH', NULL, NULL, NULL, NULL, NULL, NULL, NULL, NULL, NULL, NULL, NULL, NULL, NULL, NULL, NULL, NULL, NULL, NULL, NULL, NULL, NULL, NULL, NULL, NULL, NULL, NULL, NULL, NULL, NULL, NULL, NULL, NULL, NULL),
(52234, 50797, '01070', 'SARL FLUNCH GIVORS', NULL, NULL, NULL, '01', 'FLUNCH', NULL, NULL, NULL, NULL, NULL, NULL, NULL, NULL, NULL, NULL, NULL, NULL, NULL, NULL, NULL, NULL, NULL, NULL, NULL, NULL, NULL, NULL, NULL, NULL, NULL, NULL, NULL, NULL, NULL, NULL, NULL, NULL, NULL),
(52235, 50797, '01071', 'SARL FLUNCH CAEN', NULL, NULL, NULL, '01', 'FLUNCH', NULL, NULL, NULL, NULL, NULL, NULL, NULL, NULL, NULL, NULL, NULL, NULL, NULL, NULL, NULL, NULL, NULL, NULL, NULL, NULL, NULL, NULL, NULL, NULL, NULL, NULL, NULL, NULL, NULL, NULL, NULL, NULL, NULL),
(52236, 50797, '01072', 'SARL FLUNCH STRASBOURG HAUTEPIERRE', NULL, NULL, NULL, '01', 'FLUNCH', NULL, NULL, NULL, NULL, NULL, NULL, NULL, NULL, NULL, NULL, NULL, NULL, NULL, NULL, NULL, NULL, NULL, NULL, NULL, NULL, NULL, NULL, NULL, NULL, NULL, NULL, NULL, NULL, NULL, NULL, NULL, NULL, NULL),
(52237, 50797, '01074', 'SARL FLUNCH MELUN CESSON', NULL, NULL, NULL, '01', 'FLUNCH', NULL, NULL, NULL, NULL, NULL, NULL, NULL, NULL, NULL, NULL, NULL, NULL, NULL, NULL, NULL, NULL, NULL, NULL, NULL, NULL, NULL, NULL, NULL, NULL, NULL, NULL, NULL, NULL, NULL, NULL, NULL, NULL, NULL),
(52238, 50797, '01075', 'SARL FLUNCH PERPIGNAN', NULL, NULL, NULL, '01', 'FLUNCH', NULL, NULL, NULL, NULL, NULL, NULL, NULL, NULL, NULL, NULL, NULL, NULL, NULL, NULL, NULL, NULL, NULL, NULL, NULL, NULL, NULL, NULL, NULL, NULL, NULL, NULL, NULL, NULL, NULL, NULL, NULL, NULL, NULL),
(52239, 50797, '01077', 'SARL FLUNCH LENS', NULL, NULL, NULL, '01', 'FLUNCH', NULL, NULL, NULL, NULL, NULL, NULL, NULL, NULL, NULL, NULL, NULL, NULL, NULL, NULL, NULL, NULL, NULL, NULL, NULL, NULL, NULL, NULL, NULL, NULL, NULL, NULL, NULL, NULL, NULL, NULL, NULL, NULL, NULL),
(52240, 50797, '01078', 'SARL FLUNCH MARTIGUES', NULL, NULL, NULL, '01', 'FLUNCH', NULL, NULL, NULL, NULL, NULL, NULL, NULL, NULL, NULL, NULL, NULL, NULL, NULL, NULL, NULL, NULL, NULL, NULL, NULL, NULL, NULL, NULL, NULL, NULL, NULL, NULL, NULL, NULL, NULL, NULL, NULL, NULL, NULL),
(52241, 50797, '01079', 'SARL FLUNCH CHALONS', NULL, NULL, NULL, '01', 'FLUNCH', NULL, NULL, NULL, NULL, NULL, NULL, NULL, NULL, NULL, NULL, NULL, NULL, NULL, NULL, NULL, NULL, NULL, NULL, NULL, NULL, NULL, NULL, NULL, NULL, NULL, NULL, NULL, NULL, NULL, NULL, NULL, NULL, NULL),
(52242, 50797, '01080', 'SARL FLUNCH NICE LINGOSTIERE', NULL, NULL, NULL, '01', 'FLUNCH', NULL, NULL, NULL, NULL, NULL, NULL, NULL, NULL, NULL, NULL, NULL, NULL, NULL, NULL, NULL, NULL, NULL, NULL, NULL, NULL, NULL, NULL, NULL, NULL, NULL, NULL, NULL, NULL, NULL, NULL, NULL, NULL, NULL),
(52243, 50797, '01081', 'SARL FLUNCH NICE TRINITE', NULL, NULL, NULL, '01', 'FLUNCH', NULL, NULL, NULL, NULL, NULL, NULL, NULL, NULL, NULL, NULL, NULL, NULL, NULL, NULL, NULL, NULL, NULL, NULL, NULL, NULL, NULL, NULL, NULL, NULL, NULL, NULL, NULL, NULL, NULL, NULL, NULL, NULL, NULL),
(52244, 50797, '01082', 'SARL FLUNCH LILLE ETOILE', NULL, NULL, NULL, '01', 'FLUNCH', NULL, NULL, NULL, NULL, NULL, NULL, NULL, NULL, NULL, NULL, NULL, NULL, NULL, NULL, NULL, NULL, NULL, NULL, NULL, NULL, NULL, NULL, NULL, NULL, NULL, NULL, NULL, NULL, NULL, NULL, NULL, NULL, NULL),
(52245, 50797, '01084', 'SARL FLUNCH MULHOUSE', NULL, NULL, NULL, '01', 'FLUNCH', NULL, NULL, NULL, NULL, NULL, NULL, NULL, NULL, NULL, NULL, NULL, NULL, NULL, NULL, NULL, NULL, NULL, NULL, NULL, NULL, NULL, NULL, NULL, NULL, NULL, NULL, NULL, NULL, NULL, NULL, NULL, NULL, NULL),
(52246, 50797, '01086', 'SARL FLUNCH AULNAY', NULL, NULL, NULL, '01', 'FLUNCH', NULL, NULL, NULL, NULL, NULL, NULL, NULL, NULL, NULL, NULL, NULL, NULL, NULL, NULL, NULL, NULL, NULL, NULL, NULL, NULL, NULL, NULL, NULL, NULL, NULL, NULL, NULL, NULL, NULL, NULL, NULL, NULL, NULL),
(52247, 50797, '01087', 'SARL FLUNCH BORDEAUX MERIGNAC', NULL, NULL, NULL, '01', 'FLUNCH', NULL, NULL, NULL, NULL, NULL, NULL, NULL, NULL, NULL, NULL, NULL, NULL, NULL, NULL, NULL, NULL, NULL, NULL, NULL, NULL, NULL, NULL, NULL, NULL, NULL, NULL, NULL, NULL, NULL, NULL, NULL, NULL, NULL),
(52248, 50797, '01088', 'SARL FLUNCH BORDEAUX MERIADECK', NULL, NULL, NULL, '01', 'FLUNCH', NULL, NULL, NULL, NULL, NULL, NULL, NULL, NULL, NULL, NULL, NULL, NULL, NULL, NULL, NULL, NULL, NULL, NULL, NULL, NULL, NULL, NULL, NULL, NULL, NULL, NULL, NULL, NULL, NULL, NULL, NULL, NULL, NULL),
(52249, 50797, '01091', 'SARL FLUNCH AVIGNON RASPAIL', NULL, NULL, NULL, '01', 'FLUNCH', NULL, NULL, NULL, NULL, NULL, NULL, NULL, NULL, NULL, NULL, NULL, NULL, NULL, NULL, NULL, NULL, NULL, NULL, NULL, NULL, NULL, NULL, NULL, NULL, NULL, NULL, NULL, NULL, NULL, NULL, NULL, NULL, NULL),
(52250, 50797, '01092', 'SARL FLUNCH BORDEAUX LE LAC', NULL, NULL, NULL, '01', 'FLUNCH', NULL, NULL, NULL, NULL, NULL, NULL, NULL, NULL, NULL, NULL, NULL, NULL, NULL, NULL, NULL, NULL, NULL, NULL, NULL, NULL, NULL, NULL, NULL, NULL, NULL, NULL, NULL, NULL, NULL, NULL, NULL, NULL, NULL),
(52251, 50797, '01093', 'SARL FLUNCH CHAMBERY CENTRE', NULL, NULL, NULL, '01', 'FLUNCH', NULL, NULL, NULL, NULL, NULL, NULL, NULL, NULL, NULL, NULL, NULL, NULL, NULL, NULL, NULL, NULL, NULL, NULL, NULL, NULL, NULL, NULL, NULL, NULL, NULL, NULL, NULL, NULL, NULL, NULL, NULL, NULL, NULL),
(52252, 50797, '01094', 'SARL FLUNCH LYON  ST PRIEST', NULL, NULL, NULL, '01', 'FLUNCH', NULL, NULL, NULL, NULL, NULL, NULL, NULL, NULL, NULL, NULL, NULL, NULL, NULL, NULL, NULL, NULL, NULL, NULL, NULL, NULL, NULL, NULL, NULL, NULL, NULL, NULL, NULL, NULL, NULL, NULL, NULL, NULL, NULL),
(52253, 50797, '01095', 'SARL FLUNCH METZ CENTRE', NULL, NULL, NULL, '01', 'FLUNCH', NULL, NULL, NULL, NULL, NULL, NULL, NULL, NULL, NULL, NULL, NULL, NULL, NULL, NULL, NULL, NULL, NULL, NULL, NULL, NULL, NULL, NULL, NULL, NULL, NULL, NULL, NULL, NULL, NULL, NULL, NULL, NULL, NULL),
(52254, 50797, '01096', 'SARL FLUNCH PONTOISE CERGY', NULL, NULL, NULL, '01', 'FLUNCH', NULL, NULL, NULL, NULL, NULL, NULL, NULL, NULL, NULL, NULL, NULL, NULL, NULL, NULL, NULL, NULL, NULL, NULL, NULL, NULL, NULL, NULL, NULL, NULL, NULL, NULL, NULL, NULL, NULL, NULL, NULL, NULL, NULL),
(52255, 50797, '01112', 'SARL FLUNCH CAMBRAI', NULL, NULL, NULL, '01', 'FLUNCH', NULL, NULL, NULL, NULL, NULL, NULL, NULL, NULL, NULL, NULL, NULL, NULL, NULL, NULL, NULL, NULL, NULL, NULL, NULL, NULL, NULL, NULL, NULL, NULL, NULL, NULL, NULL, NULL, NULL, NULL, NULL, NULL, NULL),
(52256, 50797, '01114', 'SARL FLUNCH DIJON QUETIGNY', NULL, NULL, NULL, '01', 'FLUNCH', NULL, NULL, NULL, NULL, NULL, NULL, NULL, NULL, NULL, NULL, NULL, NULL, NULL, NULL, NULL, NULL, NULL, NULL, NULL, NULL, NULL, NULL, NULL, NULL, NULL, NULL, NULL, NULL, NULL, NULL, NULL, NULL, NULL),
(52257, 50797, '01115', 'SARL FLUNCH BOURGES', NULL, NULL, NULL, '01', 'FLUNCH', NULL, NULL, NULL, NULL, NULL, NULL, NULL, NULL, NULL, NULL, NULL, NULL, NULL, NULL, NULL, NULL, NULL, NULL, NULL, NULL, NULL, NULL, NULL, NULL, NULL, NULL, NULL, NULL, NULL, NULL, NULL, NULL, NULL),
(52258, 50797, '01117', 'SARL FLUNCH GRENOBLE SAINT EGREVE', NULL, NULL, NULL, '01', 'FLUNCH', NULL, NULL, NULL, NULL, NULL, NULL, NULL, NULL, NULL, NULL, NULL, NULL, NULL, NULL, NULL, NULL, NULL, NULL, NULL, NULL, NULL, NULL, NULL, NULL, NULL, NULL, NULL, NULL, NULL, NULL, NULL, NULL, NULL),
(52259, 50797, '01118', 'SARL FLUNCH LYON  LIMONEST', NULL, NULL, NULL, '01', 'FLUNCH', NULL, NULL, NULL, NULL, NULL, NULL, NULL, NULL, NULL, NULL, NULL, NULL, NULL, NULL, NULL, NULL, NULL, NULL, NULL, NULL, NULL, NULL, NULL, NULL, NULL, NULL, NULL, NULL, NULL, NULL, NULL, NULL, NULL),
(52260, 50797, '01122', 'SARL FLUNCH ST BRICE', NULL, NULL, NULL, '01', 'FLUNCH', NULL, NULL, NULL, NULL, NULL, NULL, NULL, NULL, NULL, NULL, NULL, NULL, NULL, NULL, NULL, NULL, NULL, NULL, NULL, NULL, NULL, NULL, NULL, NULL, NULL, NULL, NULL, NULL, NULL, NULL, NULL, NULL, NULL),
(52261, 50797, '01127', 'SARL FLUNCH LIEVIN', NULL, NULL, NULL, '01', 'FLUNCH', NULL, NULL, NULL, NULL, NULL, NULL, NULL, NULL, NULL, NULL, NULL, NULL, NULL, NULL, NULL, NULL, NULL, NULL, NULL, NULL, NULL, NULL, NULL, NULL, NULL, NULL, NULL, NULL, NULL, NULL, NULL, NULL, NULL),
(52262, 50797, '01128', 'SARL FLUNCH CHOLET', NULL, NULL, NULL, '01', 'FLUNCH', NULL, NULL, NULL, NULL, NULL, NULL, NULL, NULL, NULL, NULL, NULL, NULL, NULL, NULL, NULL, NULL, NULL, NULL, NULL, NULL, NULL, NULL, NULL, NULL, NULL, NULL, NULL, NULL, NULL, NULL, NULL, NULL, NULL),
(52263, 50797, '01129', 'SARL FLUNCH OLLIOULES', NULL, NULL, NULL, '01', 'FLUNCH', NULL, NULL, NULL, NULL, NULL, NULL, NULL, NULL, NULL, NULL, NULL, NULL, NULL, NULL, NULL, NULL, NULL, NULL, NULL, NULL, NULL, NULL, NULL, NULL, NULL, NULL, NULL, NULL, NULL, NULL, NULL, NULL, NULL),
(52264, 50797, '01131', 'SARL FLUNCH NANTES REZE', NULL, NULL, NULL, '01', 'FLUNCH', NULL, NULL, NULL, NULL, NULL, NULL, NULL, NULL, NULL, NULL, NULL, NULL, NULL, NULL, NULL, NULL, NULL, NULL, NULL, NULL, NULL, NULL, NULL, NULL, NULL, NULL, NULL, NULL, NULL, NULL, NULL, NULL, NULL),
(52265, 50797, '01132', 'SARL FLUNCH MAUREPAS', NULL, NULL, NULL, '01', 'FLUNCH', NULL, NULL, NULL, NULL, NULL, NULL, NULL, NULL, NULL, NULL, NULL, NULL, NULL, NULL, NULL, NULL, NULL, NULL, NULL, NULL, NULL, NULL, NULL, NULL, NULL, NULL, NULL, NULL, NULL, NULL, NULL, NULL, NULL),
(52266, 50797, '01134', 'SARL FLUNCH MONTLUCON', NULL, NULL, NULL, '01', 'FLUNCH', NULL, NULL, NULL, NULL, NULL, NULL, NULL, NULL, NULL, NULL, NULL, NULL, NULL, NULL, NULL, NULL, NULL, NULL, NULL, NULL, NULL, NULL, NULL, NULL, NULL, NULL, NULL, NULL, NULL, NULL, NULL, NULL, NULL),
(52267, 50797, '01135', 'SARL FLUNCH VILLENEUVE 2', NULL, NULL, NULL, '01', 'FLUNCH', NULL, NULL, NULL, NULL, NULL, NULL, NULL, NULL, NULL, NULL, NULL, NULL, NULL, NULL, NULL, NULL, NULL, NULL, NULL, NULL, NULL, NULL, NULL, NULL, NULL, NULL, NULL, NULL, NULL, NULL, NULL, NULL, NULL),
(52268, 50797, '01136', 'SARL FLUNCH LILLE GARE', NULL, NULL, NULL, '01', 'FLUNCH', NULL, NULL, NULL, NULL, NULL, NULL, NULL, NULL, NULL, NULL, NULL, NULL, NULL, NULL, NULL, NULL, NULL, NULL, NULL, NULL, NULL, NULL, NULL, NULL, NULL, NULL, NULL, NULL, NULL, NULL, NULL, NULL, NULL),
(52269, 50797, '01137', 'SARL FLUNCH NANTES ST SEBASTIEN', NULL, NULL, NULL, '01', 'FLUNCH', NULL, NULL, NULL, NULL, NULL, NULL, NULL, NULL, NULL, NULL, NULL, NULL, NULL, NULL, NULL, NULL, NULL, NULL, NULL, NULL, NULL, NULL, NULL, NULL, NULL, NULL, NULL, NULL, NULL, NULL, NULL, NULL, NULL),
(52270, 50797, '01142', 'SARL FLUNCH METZ SEMECOURT', NULL, NULL, NULL, '01', 'FLUNCH', NULL, NULL, NULL, NULL, NULL, NULL, NULL, NULL, NULL, NULL, NULL, NULL, NULL, NULL, NULL, NULL, NULL, NULL, NULL, NULL, NULL, NULL, NULL, NULL, NULL, NULL, NULL, NULL, NULL, NULL, NULL, NULL, NULL),
(52271, 50797, '01143', 'SARL FLUNCH AVIGNON MISTRAL', NULL, NULL, NULL, '01', 'FLUNCH', NULL, NULL, NULL, NULL, NULL, NULL, NULL, NULL, NULL, NULL, NULL, NULL, NULL, NULL, NULL, NULL, NULL, NULL, NULL, NULL, NULL, NULL, NULL, NULL, NULL, NULL, NULL, NULL, NULL, NULL, NULL, NULL, NULL),
(52272, 50797, '01144', 'SARL FLUNCH TOURS ST PIERRE', NULL, NULL, NULL, '01', 'FLUNCH', NULL, NULL, NULL, NULL, NULL, NULL, NULL, NULL, NULL, NULL, NULL, NULL, NULL, NULL, NULL, NULL, NULL, NULL, NULL, NULL, NULL, NULL, NULL, NULL, NULL, NULL, NULL, NULL, NULL, NULL, NULL, NULL, NULL),
(52273, 50797, '01145', 'SARL FLUNCH TOULOUSE BLAGNAC', NULL, NULL, NULL, '01', 'FLUNCH', NULL, NULL, NULL, NULL, NULL, NULL, NULL, NULL, NULL, NULL, NULL, NULL, NULL, NULL, NULL, NULL, NULL, NULL, NULL, NULL, NULL, NULL, NULL, NULL, NULL, NULL, NULL, NULL, NULL, NULL, NULL, NULL, NULL),
(52274, 50797, '01146', 'SARL FLUNCH CALAIS COQUELLES', NULL, NULL, NULL, '01', 'FLUNCH', NULL, NULL, NULL, NULL, NULL, NULL, NULL, NULL, NULL, NULL, NULL, NULL, NULL, NULL, NULL, NULL, NULL, NULL, NULL, NULL, NULL, NULL, NULL, NULL, NULL, NULL, NULL, NULL, NULL, NULL, NULL, NULL, NULL),
(52275, 50797, '01147', 'SARL FLUNCH FACHES', NULL, NULL, NULL, '01', 'FLUNCH', NULL, NULL, NULL, NULL, NULL, NULL, NULL, NULL, NULL, NULL, NULL, NULL, NULL, NULL, NULL, NULL, NULL, NULL, NULL, NULL, NULL, NULL, NULL, NULL, NULL, NULL, NULL, NULL, NULL, NULL, NULL, NULL, NULL),
(52276, 50797, '01148', 'SARL FLUNCH AMIENS GLISY', NULL, NULL, NULL, '01', 'FLUNCH', NULL, NULL, NULL, NULL, NULL, NULL, NULL, NULL, NULL, NULL, NULL, NULL, NULL, NULL, NULL, NULL, NULL, NULL, NULL, NULL, NULL, NULL, NULL, NULL, NULL, NULL, NULL, NULL, NULL, NULL, NULL, NULL, NULL),
(52277, 50797, '01152', 'SARL FLUNCH MONTPELLIER PEROLS', NULL, NULL, NULL, '01', 'FLUNCH', NULL, NULL, NULL, NULL, NULL, NULL, NULL, NULL, NULL, NULL, NULL, NULL, NULL, NULL, NULL, NULL, NULL, NULL, NULL, NULL, NULL, NULL, NULL, NULL, NULL, NULL, NULL, NULL, NULL, NULL, NULL, NULL, NULL),
(52278, 50797, '01154', 'SARL FLUNCH THIONVILLE', NULL, NULL, NULL, '01', 'FLUNCH', NULL, NULL, NULL, NULL, NULL, NULL, NULL, NULL, NULL, NULL, NULL, NULL, NULL, NULL, NULL, NULL, NULL, NULL, NULL, NULL, NULL, NULL, NULL, NULL, NULL, NULL, NULL, NULL, NULL, NULL, NULL, NULL, NULL),
(52279, 50797, '01156', 'SARL FLUNCH NANCY  TOMBLAINE', NULL, NULL, NULL, '01', 'FLUNCH', NULL, NULL, NULL, NULL, NULL, NULL, NULL, NULL, NULL, NULL, NULL, NULL, NULL, NULL, NULL, NULL, NULL, NULL, NULL, NULL, NULL, NULL, NULL, NULL, NULL, NULL, NULL, NULL, NULL, NULL, NULL, NULL, NULL),
(52280, 50797, '01157', 'SARL FLUNCH FRANCONVILLE', NULL, NULL, NULL, '01', 'FLUNCH', NULL, NULL, NULL, NULL, NULL, NULL, NULL, NULL, NULL, NULL, NULL, NULL, NULL, NULL, NULL, NULL, NULL, NULL, NULL, NULL, NULL, NULL, NULL, NULL, NULL, NULL, NULL, NULL, NULL, NULL, NULL, NULL, NULL),
(52281, 50797, '01158', 'SARL FLUNCH CHAMBERY CHAMNORD', NULL, NULL, NULL, '01', 'FLUNCH', NULL, NULL, NULL, NULL, NULL, NULL, NULL, NULL, NULL, NULL, NULL, NULL, NULL, NULL, NULL, NULL, NULL, NULL, NULL, NULL, NULL, NULL, NULL, NULL, NULL, NULL, NULL, NULL, NULL, NULL, NULL, NULL, NULL),
(52282, 50797, '01160', 'SARL FLUNCH SAINT BRIEUC', NULL, NULL, NULL, '01', 'FLUNCH', NULL, NULL, NULL, NULL, NULL, NULL, NULL, NULL, NULL, NULL, NULL, NULL, NULL, NULL, NULL, NULL, NULL, NULL, NULL, NULL, NULL, NULL, NULL, NULL, NULL, NULL, NULL, NULL, NULL, NULL, NULL, NULL, NULL),
(52283, 50797, '01162', 'SARL FLUNCH LYON VENISSIEUX', NULL, NULL, NULL, '01', 'FLUNCH', NULL, NULL, NULL, NULL, NULL, NULL, NULL, NULL, NULL, NULL, NULL, NULL, NULL, NULL, NULL, NULL, NULL, NULL, NULL, NULL, NULL, NULL, NULL, NULL, NULL, NULL, NULL, NULL, NULL, NULL, NULL, NULL, NULL),
(52284, 50797, '01163', 'SARL FLUNCH LE MANS CENTRE SUD', NULL, NULL, NULL, '01', 'FLUNCH', NULL, NULL, NULL, NULL, NULL, NULL, NULL, NULL, NULL, NULL, NULL, NULL, NULL, NULL, NULL, NULL, NULL, NULL, NULL, NULL, NULL, NULL, NULL, NULL, NULL, NULL, NULL, NULL, NULL, NULL, NULL, NULL, NULL),
(52285, 50797, '01165', 'SARL FLUNCH RENNES', NULL, NULL, NULL, '01', 'FLUNCH', NULL, NULL, NULL, NULL, NULL, NULL, NULL, NULL, NULL, NULL, NULL, NULL, NULL, NULL, NULL, NULL, NULL, NULL, NULL, NULL, NULL, NULL, NULL, NULL, NULL, NULL, NULL, NULL, NULL, NULL, NULL, NULL, NULL),
(52286, 50797, '01167', 'SARL FLUNCH REIMS TINQUEUX', NULL, NULL, NULL, '01', 'FLUNCH', NULL, NULL, NULL, NULL, NULL, NULL, NULL, NULL, NULL, NULL, NULL, NULL, NULL, NULL, NULL, NULL, NULL, NULL, NULL, NULL, NULL, NULL, NULL, NULL, NULL, NULL, NULL, NULL, NULL, NULL, NULL, NULL, NULL),
(52287, 50797, '01169', 'SARL FLUNCH BORDEAUX BOULIAC', NULL, NULL, NULL, '01', 'FLUNCH', NULL, NULL, NULL, NULL, NULL, NULL, NULL, NULL, NULL, NULL, NULL, NULL, NULL, NULL, NULL, NULL, NULL, NULL, NULL, NULL, NULL, NULL, NULL, NULL, NULL, NULL, NULL, NULL, NULL, NULL, NULL, NULL, NULL),
(52288, 50797, '01171', 'SARL FLUNCH THIAIS', NULL, NULL, NULL, '01', 'FLUNCH', NULL, NULL, NULL, NULL, NULL, NULL, NULL, NULL, NULL, NULL, NULL, NULL, NULL, NULL, NULL, NULL, NULL, NULL, NULL, NULL, NULL, NULL, NULL, NULL, NULL, NULL, NULL, NULL, NULL, NULL, NULL, NULL, NULL),
(52289, 50797, '01172', 'SARL FLUNCH PARIS BEAUBOURG', NULL, NULL, NULL, '01', 'FLUNCH', NULL, NULL, NULL, NULL, NULL, NULL, NULL, NULL, NULL, NULL, NULL, NULL, NULL, NULL, NULL, NULL, NULL, NULL, NULL, NULL, NULL, NULL, NULL, NULL, NULL, NULL, NULL, NULL, NULL, NULL, NULL, NULL, NULL),
(52290, 50797, '01175', 'SARL FLUNCH PAU', NULL, NULL, NULL, '01', 'FLUNCH', NULL, NULL, NULL, NULL, NULL, NULL, NULL, NULL, NULL, NULL, NULL, NULL, NULL, NULL, NULL, NULL, NULL, NULL, NULL, NULL, NULL, NULL, NULL, NULL, NULL, NULL, NULL, NULL, NULL, NULL, NULL, NULL, NULL),
(52291, 50797, '01176', 'SARL FLUNCH AULNOY LEZ VALENCIENNES', NULL, NULL, NULL, '01', 'FLUNCH', NULL, NULL, NULL, NULL, NULL, NULL, NULL, NULL, NULL, NULL, NULL, NULL, NULL, NULL, NULL, NULL, NULL, NULL, NULL, NULL, NULL, NULL, NULL, NULL, NULL, NULL, NULL, NULL, NULL, NULL, NULL, NULL, NULL),
(52292, 50797, '01178', 'SARL FLUNCH POITIERS SUD', NULL, NULL, NULL, '01', 'FLUNCH', NULL, NULL, NULL, NULL, NULL, NULL, NULL, NULL, NULL, NULL, NULL, NULL, NULL, NULL, NULL, NULL, NULL, NULL, NULL, NULL, NULL, NULL, NULL, NULL, NULL, NULL, NULL, NULL, NULL, NULL, NULL, NULL, NULL),
(52293, 50797, '01179', 'SARL FLUNCH VALENCE GUILHERAND', NULL, NULL, NULL, '01', 'FLUNCH', NULL, NULL, NULL, NULL, NULL, NULL, NULL, NULL, NULL, NULL, NULL, NULL, NULL, NULL, NULL, NULL, NULL, NULL, NULL, NULL, NULL, NULL, NULL, NULL, NULL, NULL, NULL, NULL, NULL, NULL, NULL, NULL, NULL),
(52294, 50797, '01180', 'SARL FLUNCH MONTBELIARD', NULL, NULL, NULL, '01', 'FLUNCH', NULL, NULL, NULL, NULL, NULL, NULL, NULL, NULL, NULL, NULL, NULL, NULL, NULL, NULL, NULL, NULL, NULL, NULL, NULL, NULL, NULL, NULL, NULL, NULL, NULL, NULL, NULL, NULL, NULL, NULL, NULL, NULL, NULL),
(52295, 50797, '01181', 'SARL FLUNCH CALUIRE', NULL, NULL, NULL, '01', 'FLUNCH', NULL, NULL, NULL, NULL, NULL, NULL, NULL, NULL, NULL, NULL, NULL, NULL, NULL, NULL, NULL, NULL, NULL, NULL, NULL, NULL, NULL, NULL, NULL, NULL, NULL, NULL, NULL, NULL, NULL, NULL, NULL, NULL, NULL),
(52296, 50797, '01182', 'SARL FLUNCH LONGWY MONT SAINT MARTIN', NULL, NULL, NULL, '01', 'FLUNCH', NULL, NULL, NULL, NULL, NULL, NULL, NULL, NULL, NULL, NULL, NULL, NULL, NULL, NULL, NULL, NULL, NULL, NULL, NULL, NULL, NULL, NULL, NULL, NULL, NULL, NULL, NULL, NULL, NULL, NULL, NULL, NULL, NULL),
(52297, 50797, '01185', 'SARL FLUNCH BIGANOS', NULL, NULL, NULL, '01', 'FLUNCH', NULL, NULL, NULL, NULL, NULL, NULL, NULL, NULL, NULL, NULL, NULL, NULL, NULL, NULL, NULL, NULL, NULL, NULL, NULL, NULL, NULL, NULL, NULL, NULL, NULL, NULL, NULL, NULL, NULL, NULL, NULL, NULL, NULL),
(52298, 50797, '01187', 'SARL FLUNCH MONTARGIS', NULL, NULL, NULL, '01', 'FLUNCH', NULL, NULL, NULL, NULL, NULL, NULL, NULL, NULL, NULL, NULL, NULL, NULL, NULL, NULL, NULL, NULL, NULL, NULL, NULL, NULL, NULL, NULL, NULL, NULL, NULL, NULL, NULL, NULL, NULL, NULL, NULL, NULL, NULL),
(52299, 50797, '01188', 'SARL FLUNCH MARSANNAY LA COTE', NULL, NULL, NULL, '01', 'FLUNCH', NULL, NULL, NULL, NULL, NULL, NULL, NULL, NULL, NULL, NULL, NULL, NULL, NULL, NULL, NULL, NULL, NULL, NULL, NULL, NULL, NULL, NULL, NULL, NULL, NULL, NULL, NULL, NULL, NULL, NULL, NULL, NULL, NULL),
(52300, 50797, '01191', 'SARL FLUNCH ANGERS ST SERGE', NULL, NULL, NULL, '01', 'FLUNCH', NULL, NULL, NULL, NULL, NULL, NULL, NULL, NULL, NULL, NULL, NULL, NULL, NULL, NULL, NULL, NULL, NULL, NULL, NULL, NULL, NULL, NULL, NULL, NULL, NULL, NULL, NULL, NULL, NULL, NULL, NULL, NULL, NULL),
(52301, 50797, '01192', 'SARL FLUNCH RODEZ', NULL, NULL, NULL, '01', 'FLUNCH', NULL, NULL, NULL, NULL, NULL, NULL, NULL, NULL, NULL, NULL, NULL, NULL, NULL, NULL, NULL, NULL, NULL, NULL, NULL, NULL, NULL, NULL, NULL, NULL, NULL, NULL, NULL, NULL, NULL, NULL, NULL, NULL, NULL),
(52302, 50797, '01193', 'SARL FLUNCH CHATELLERAULT', NULL, NULL, NULL, '01', 'FLUNCH', NULL, NULL, NULL, NULL, NULL, NULL, NULL, NULL, NULL, NULL, NULL, NULL, NULL, NULL, NULL, NULL, NULL, NULL, NULL, NULL, NULL, NULL, NULL, NULL, NULL, NULL, NULL, NULL, NULL, NULL, NULL, NULL, NULL),
(52303, 50797, '01200', 'SARL FLUNCH BEZIERS', NULL, NULL, NULL, '01', 'FLUNCH', NULL, NULL, NULL, NULL, NULL, NULL, NULL, NULL, NULL, NULL, NULL, NULL, NULL, NULL, NULL, NULL, NULL, NULL, NULL, NULL, NULL, NULL, NULL, NULL, NULL, NULL, NULL, NULL, NULL, NULL, NULL, NULL, NULL),
(52304, 50797, '01202', 'SARL FLUNCH LE PUY', NULL, NULL, NULL, '01', 'FLUNCH', NULL, NULL, NULL, NULL, NULL, NULL, NULL, NULL, NULL, NULL, NULL, NULL, NULL, NULL, NULL, NULL, NULL, NULL, NULL, NULL, NULL, NULL, NULL, NULL, NULL, NULL, NULL, NULL, NULL, NULL, NULL, NULL, NULL),
(52305, 50797, '01204', 'SARL FLUNCH LYON  ST GENIS', NULL, NULL, NULL, '01', 'FLUNCH', NULL, NULL, NULL, NULL, NULL, NULL, NULL, NULL, NULL, NULL, NULL, NULL, NULL, NULL, NULL, NULL, NULL, NULL, NULL, NULL, NULL, NULL, NULL, NULL, NULL, NULL, NULL, NULL, NULL, NULL, NULL, NULL, NULL),
(52306, 50797, '01205', 'SARL FLUNCH MACON', NULL, NULL, NULL, '01', 'FLUNCH', NULL, NULL, NULL, NULL, NULL, NULL, NULL, NULL, NULL, NULL, NULL, NULL, NULL, NULL, NULL, NULL, NULL, NULL, NULL, NULL, NULL, NULL, NULL, NULL, NULL, NULL, NULL, NULL, NULL, NULL, NULL, NULL, NULL),
(52307, 50797, '01207', 'SARL FLUNCH COGNAC', NULL, NULL, NULL, '01', 'FLUNCH', NULL, NULL, NULL, NULL, NULL, NULL, NULL, NULL, NULL, NULL, NULL, NULL, NULL, NULL, NULL, NULL, NULL, NULL, NULL, NULL, NULL, NULL, NULL, NULL, NULL, NULL, NULL, NULL, NULL, NULL, NULL, NULL, NULL),
(52308, 50797, '01208', 'SARL FLUNCH TOULOUSE GRAMONT', NULL, NULL, NULL, '01', 'FLUNCH', NULL, NULL, NULL, NULL, NULL, NULL, NULL, NULL, NULL, NULL, NULL, NULL, NULL, NULL, NULL, NULL, NULL, NULL, NULL, NULL, NULL, NULL, NULL, NULL, NULL, NULL, NULL, NULL, NULL, NULL, NULL, NULL, NULL),
(52309, 50797, '01209', 'SARL FLUNCH CHATEAUROUX', NULL, NULL, NULL, '01', 'FLUNCH', NULL, NULL, NULL, NULL, NULL, NULL, NULL, NULL, NULL, NULL, NULL, NULL, NULL, NULL, NULL, NULL, NULL, NULL, NULL, NULL, NULL, NULL, NULL, NULL, NULL, NULL, NULL, NULL, NULL, NULL, NULL, NULL, NULL),
(52310, 50797, '01210', 'SARL FLUNCH TOURS CHAMBRAY', NULL, NULL, NULL, '01', 'FLUNCH', NULL, NULL, NULL, NULL, NULL, NULL, NULL, NULL, NULL, NULL, NULL, NULL, NULL, NULL, NULL, NULL, NULL, NULL, NULL, NULL, NULL, NULL, NULL, NULL, NULL, NULL, NULL, NULL, NULL, NULL, NULL, NULL, NULL),
(52311, 50797, '01211', 'SARL FLUNCH TOURS NORD', NULL, NULL, NULL, '01', 'FLUNCH', NULL, NULL, NULL, NULL, NULL, NULL, NULL, NULL, NULL, NULL, NULL, NULL, NULL, NULL, NULL, NULL, NULL, NULL, NULL, NULL, NULL, NULL, NULL, NULL, NULL, NULL, NULL, NULL, NULL, NULL, NULL, NULL, NULL),
(52312, 50797, '01212', 'SARL FLUNCH VILLENEUVE SUR LOT', NULL, NULL, NULL, '01', 'FLUNCH', NULL, NULL, NULL, NULL, NULL, NULL, NULL, NULL, NULL, NULL, NULL, NULL, NULL, NULL, NULL, NULL, NULL, NULL, NULL, NULL, NULL, NULL, NULL, NULL, NULL, NULL, NULL, NULL, NULL, NULL, NULL, NULL, NULL),
(52313, 50797, '01213', 'SARL FLUNCH GIEN', NULL, NULL, NULL, '01', 'FLUNCH', NULL, NULL, NULL, NULL, NULL, NULL, NULL, NULL, NULL, NULL, NULL, NULL, NULL, NULL, NULL, NULL, NULL, NULL, NULL, NULL, NULL, NULL, NULL, NULL, NULL, NULL, NULL, NULL, NULL, NULL, NULL, NULL, NULL),
(52314, 50797, '01214', 'SARL FLUNCH BLOIS', NULL, NULL, NULL, '01', 'FLUNCH', NULL, NULL, NULL, NULL, NULL, NULL, NULL, NULL, NULL, NULL, NULL, NULL, NULL, NULL, NULL, NULL, NULL, NULL, NULL, NULL, NULL, NULL, NULL, NULL, NULL, NULL, NULL, NULL, NULL, NULL, NULL, NULL, NULL),
(52315, 50797, '01216', 'SARL FLUNCH AMIENS DURY', NULL, NULL, NULL, '01', 'FLUNCH', NULL, NULL, NULL, NULL, NULL, NULL, NULL, NULL, NULL, NULL, NULL, NULL, NULL, NULL, NULL, NULL, NULL, NULL, NULL, NULL, NULL, NULL, NULL, NULL, NULL, NULL, NULL, NULL, NULL, NULL, NULL, NULL, NULL),
(52316, 50797, '01217', 'SARL FLUNCH ST QUENTIN', NULL, NULL, NULL, '01', 'FLUNCH', NULL, NULL, NULL, NULL, NULL, NULL, NULL, NULL, NULL, NULL, NULL, NULL, NULL, NULL, NULL, NULL, NULL, NULL, NULL, NULL, NULL, NULL, NULL, NULL, NULL, NULL, NULL, NULL, NULL, NULL, NULL, NULL, NULL),
(52317, 50797, '01218', 'SARL FLUNCH ARRAS', NULL, NULL, NULL, '01', 'FLUNCH', NULL, NULL, NULL, NULL, NULL, NULL, NULL, NULL, NULL, NULL, NULL, NULL, NULL, NULL, NULL, NULL, NULL, NULL, NULL, NULL, NULL, NULL, NULL, NULL, NULL, NULL, NULL, NULL, NULL, NULL, NULL, NULL, NULL),
(52318, 50797, '01219', 'SARL FLUNCH MERS LES BAINS', NULL, NULL, NULL, '01', 'FLUNCH', NULL, NULL, NULL, NULL, NULL, NULL, NULL, NULL, NULL, NULL, NULL, NULL, NULL, NULL, NULL, NULL, NULL, NULL, NULL, NULL, NULL, NULL, NULL, NULL, NULL, NULL, NULL, NULL, NULL, NULL, NULL, NULL, NULL),
(52319, 50797, '01220', 'SARL FLUNCH LE HAVRE MONTIVILLIERS', NULL, NULL, NULL, '01', 'FLUNCH', NULL, NULL, NULL, NULL, NULL, NULL, NULL, NULL, NULL, NULL, NULL, NULL, NULL, NULL, NULL, NULL, NULL, NULL, NULL, NULL, NULL, NULL, NULL, NULL, NULL, NULL, NULL, NULL, NULL, NULL, NULL, NULL, NULL),
(52320, 50797, '01221', 'SARL FLUNCH DIEPPE', NULL, NULL, NULL, '01', 'FLUNCH', NULL, NULL, NULL, NULL, NULL, NULL, NULL, NULL, NULL, NULL, NULL, NULL, NULL, NULL, NULL, NULL, NULL, NULL, NULL, NULL, NULL, NULL, NULL, NULL, NULL, NULL, NULL, NULL, NULL, NULL, NULL, NULL, NULL),
(52321, 50797, '01222', 'SARL FLUNCH ST OMER', NULL, NULL, NULL, '01', 'FLUNCH', NULL, NULL, NULL, NULL, NULL, NULL, NULL, NULL, NULL, NULL, NULL, NULL, NULL, NULL, NULL, NULL, NULL, NULL, NULL, NULL, NULL, NULL, NULL, NULL, NULL, NULL, NULL, NULL, NULL, NULL, NULL, NULL, NULL),
(52322, 50797, '01223', 'SARL FLUNCH DOUAI', NULL, NULL, NULL, '01', 'FLUNCH', NULL, NULL, NULL, NULL, NULL, NULL, NULL, NULL, NULL, NULL, NULL, NULL, NULL, NULL, NULL, NULL, NULL, NULL, NULL, NULL, NULL, NULL, NULL, NULL, NULL, NULL, NULL, NULL, NULL, NULL, NULL, NULL, NULL),
(52323, 50797, '01225', 'SARL FLUNCH PONTOISE OSNY', NULL, NULL, NULL, '01', 'FLUNCH', NULL, NULL, NULL, NULL, NULL, NULL, NULL, NULL, NULL, NULL, NULL, NULL, NULL, NULL, NULL, NULL, NULL, NULL, NULL, NULL, NULL, NULL, NULL, NULL, NULL, NULL, NULL, NULL, NULL, NULL, NULL, NULL, NULL),
(52324, 50797, '01226', 'SARL FLUNCH CALAIS OUEST', NULL, NULL, NULL, '01', 'FLUNCH', NULL, NULL, NULL, NULL, NULL, NULL, NULL, NULL, NULL, NULL, NULL, NULL, NULL, NULL, NULL, NULL, NULL, NULL, NULL, NULL, NULL, NULL, NULL, NULL, NULL, NULL, NULL, NULL, NULL, NULL, NULL, NULL, NULL),
(52325, 50797, '01228', 'SARL FLUNCH TULLE', NULL, NULL, NULL, '01', 'FLUNCH', NULL, NULL, NULL, NULL, NULL, NULL, NULL, NULL, NULL, NULL, NULL, NULL, NULL, NULL, NULL, NULL, NULL, NULL, NULL, NULL, NULL, NULL, NULL, NULL, NULL, NULL, NULL, NULL, NULL, NULL, NULL, NULL, NULL),
(52326, 50797, '01229', 'SARL FLUNCH CLERMONT CENTRE', NULL, NULL, NULL, '01', 'FLUNCH', NULL, NULL, NULL, NULL, NULL, NULL, NULL, NULL, NULL, NULL, NULL, NULL, NULL, NULL, NULL, NULL, NULL, NULL, NULL, NULL, NULL, NULL, NULL, NULL, NULL, NULL, NULL, NULL, NULL, NULL, NULL, NULL, NULL),
(52327, 50797, '01230', 'SARL FLUNCH AURILLAC', NULL, NULL, NULL, '01', 'FLUNCH', NULL, NULL, NULL, NULL, NULL, NULL, NULL, NULL, NULL, NULL, NULL, NULL, NULL, NULL, NULL, NULL, NULL, NULL, NULL, NULL, NULL, NULL, NULL, NULL, NULL, NULL, NULL, NULL, NULL, NULL, NULL, NULL, NULL),
(52328, 50797, '01231', 'SARL FLUNCH NANCY LAXOU', NULL, NULL, NULL, '01', 'FLUNCH', NULL, NULL, NULL, NULL, NULL, NULL, NULL, NULL, NULL, NULL, NULL, NULL, NULL, NULL, NULL, NULL, NULL, NULL, NULL, NULL, NULL, NULL, NULL, NULL, NULL, NULL, NULL, NULL, NULL, NULL, NULL, NULL, NULL),
(52329, 50797, '01236', 'SARL FLUNCH STRASBOURG SCHWEIGHOUSE', NULL, NULL, NULL, '01', 'FLUNCH', NULL, NULL, NULL, NULL, NULL, NULL, NULL, NULL, NULL, NULL, NULL, NULL, NULL, NULL, NULL, NULL, NULL, NULL, NULL, NULL, NULL, NULL, NULL, NULL, NULL, NULL, NULL, NULL, NULL, NULL, NULL, NULL, NULL),
(52330, 50797, '01237', 'SARL FLUNCH STRASBOURG ILLKIRCH', NULL, NULL, NULL, '01', 'FLUNCH', NULL, NULL, NULL, NULL, NULL, NULL, NULL, NULL, NULL, NULL, NULL, NULL, NULL, NULL, NULL, NULL, NULL, NULL, NULL, NULL, NULL, NULL, NULL, NULL, NULL, NULL, NULL, NULL, NULL, NULL, NULL, NULL, NULL),
(52331, 50797, '01239', 'SARL FLUNCH LA ROCHELLE', NULL, NULL, NULL, '01', 'FLUNCH', NULL, NULL, NULL, NULL, NULL, NULL, NULL, NULL, NULL, NULL, NULL, NULL, NULL, NULL, NULL, NULL, NULL, NULL, NULL, NULL, NULL, NULL, NULL, NULL, NULL, NULL, NULL, NULL, NULL, NULL, NULL, NULL, NULL),
(52332, 50797, '01240', 'SARL FLUNCH CLERMONT NORD', NULL, NULL, NULL, '01', 'FLUNCH', NULL, NULL, NULL, NULL, NULL, NULL, NULL, NULL, NULL, NULL, NULL, NULL, NULL, NULL, NULL, NULL, NULL, NULL, NULL, NULL, NULL, NULL, NULL, NULL, NULL, NULL, NULL, NULL, NULL, NULL, NULL, NULL, NULL),
(52333, 50797, '01241', 'SARL FLUNCH NEVERS', NULL, NULL, NULL, '01', 'FLUNCH', NULL, NULL, NULL, NULL, NULL, NULL, NULL, NULL, NULL, NULL, NULL, NULL, NULL, NULL, NULL, NULL, NULL, NULL, NULL, NULL, NULL, NULL, NULL, NULL, NULL, NULL, NULL, NULL, NULL, NULL, NULL, NULL, NULL),
(52334, 50797, '01242', 'SARL FLUNCH CAVAILLON', NULL, NULL, NULL, '01', 'FLUNCH', NULL, NULL, NULL, NULL, NULL, NULL, NULL, NULL, NULL, NULL, NULL, NULL, NULL, NULL, NULL, NULL, NULL, NULL, NULL, NULL, NULL, NULL, NULL, NULL, NULL, NULL, NULL, NULL, NULL, NULL, NULL, NULL, NULL),
(52335, 50797, '01243', 'SARL FLUNCH BOLLENE', NULL, NULL, NULL, '01', 'FLUNCH', NULL, NULL, NULL, NULL, NULL, NULL, NULL, NULL, NULL, NULL, NULL, NULL, NULL, NULL, NULL, NULL, NULL, NULL, NULL, NULL, NULL, NULL, NULL, NULL, NULL, NULL, NULL, NULL, NULL, NULL, NULL, NULL, NULL),
(52336, 50797, '01244', 'SARL FLUNCH ST ISIDORE', NULL, NULL, NULL, '01', 'FLUNCH', NULL, NULL, NULL, NULL, NULL, NULL, NULL, NULL, NULL, NULL, NULL, NULL, NULL, NULL, NULL, NULL, NULL, NULL, NULL, NULL, NULL, NULL, NULL, NULL, NULL, NULL, NULL, NULL, NULL, NULL, NULL, NULL, NULL),
(52337, 50797, '01245', 'SARL FLUNCH ATHIS MONS', NULL, NULL, NULL, '01', 'FLUNCH', NULL, NULL, NULL, NULL, NULL, NULL, NULL, NULL, NULL, NULL, NULL, NULL, NULL, NULL, NULL, NULL, NULL, NULL, NULL, NULL, NULL, NULL, NULL, NULL, NULL, NULL, NULL, NULL, NULL, NULL, NULL, NULL, NULL),
(52338, 50797, '01246', 'SARL FLUNCH BOURG EN BRESSE', NULL, NULL, NULL, '01', 'FLUNCH', NULL, NULL, NULL, NULL, NULL, NULL, NULL, NULL, NULL, NULL, NULL, NULL, NULL, NULL, NULL, NULL, NULL, NULL, NULL, NULL, NULL, NULL, NULL, NULL, NULL, NULL, NULL, NULL, NULL, NULL, NULL, NULL, NULL),
(52339, 50797, '01247', 'SARL FLUNCH BREST KERGARADEC', NULL, NULL, NULL, '01', 'FLUNCH', NULL, NULL, NULL, NULL, NULL, NULL, NULL, NULL, NULL, NULL, NULL, NULL, NULL, NULL, NULL, NULL, NULL, NULL, NULL, NULL, NULL, NULL, NULL, NULL, NULL, NULL, NULL, NULL, NULL, NULL, NULL, NULL, NULL),
(52340, 50797, '01248', 'SARL FLUNCH NANTES', NULL, NULL, NULL, '01', 'FLUNCH', NULL, NULL, NULL, NULL, NULL, NULL, NULL, NULL, NULL, NULL, NULL, NULL, NULL, NULL, NULL, NULL, NULL, NULL, NULL, NULL, NULL, NULL, NULL, NULL, NULL, NULL, NULL, NULL, NULL, NULL, NULL, NULL, NULL),
(52341, 50797, '01249', 'SARL FLUNCH CHAMBERY BASSENS', NULL, NULL, NULL, '01', 'FLUNCH', NULL, NULL, NULL, NULL, NULL, NULL, NULL, NULL, NULL, NULL, NULL, NULL, NULL, NULL, NULL, NULL, NULL, NULL, NULL, NULL, NULL, NULL, NULL, NULL, NULL, NULL, NULL, NULL, NULL, NULL, NULL, NULL, NULL),
(52342, 50797, '01250', 'SARL FLUNCH VARENNES SUR SEINE', NULL, NULL, NULL, '01', 'FLUNCH', NULL, NULL, NULL, NULL, NULL, NULL, NULL, NULL, NULL, NULL, NULL, NULL, NULL, NULL, NULL, NULL, NULL, NULL, NULL, NULL, NULL, NULL, NULL, NULL, NULL, NULL, NULL, NULL, NULL, NULL, NULL, NULL, NULL);
INSERT INTO `QC1_REP_MTA_RULE` (`CODE_RULE`, `CODE_EXTENSION`, `SRC_ATTR_01_VALUE`, `SRC_ATTR_02_VALUE`, `SRC_ATTR_03_VALUE`, `SRC_ATTR_04_VALUE`, `SRC_ATTR_05_VALUE`, `EXT_ATTR_01_VALUE`, `EXT_ATTR_02_VALUE`, `EXT_ATTR_03_VALUE`, `EXT_ATTR_04_VALUE`, `EXT_ATTR_05_VALUE`, `SRC_ATTR_06_VALUE`, `SRC_ATTR_07_VALUE`, `SRC_ATTR_08_VALUE`, `SRC_ATTR_09_VALUE`, `SRC_ATTR_10_VALUE`, `SRC_ATTR_11_VALUE`, `SRC_ATTR_12_VALUE`, `SRC_ATTR_13_VALUE`, `SRC_ATTR_14_VALUE`, `SRC_ATTR_15_VALUE`, `SRC_ATTR_16_VALUE`, `SRC_ATTR_17_VALUE`, `SRC_ATTR_18_VALUE`, `SRC_ATTR_19_VALUE`, `SRC_ATTR_20_VALUE`, `EXT_ATTR_06_VALUE`, `EXT_ATTR_07_VALUE`, `EXT_ATTR_08_VALUE`, `EXT_ATTR_09_VALUE`, `EXT_ATTR_10_VALUE`, `EXT_ATTR_11_VALUE`, `EXT_ATTR_12_VALUE`, `EXT_ATTR_13_VALUE`, `EXT_ATTR_14_VALUE`, `EXT_ATTR_15_VALUE`, `EXT_ATTR_16_VALUE`, `EXT_ATTR_17_VALUE`, `EXT_ATTR_18_VALUE`, `EXT_ATTR_19_VALUE`, `EXT_ATTR_20_VALUE`) VALUES
(52343, 50797, '01251', 'SARL FLUNCH LIMOGES NORD', NULL, NULL, NULL, '01', 'FLUNCH', NULL, NULL, NULL, NULL, NULL, NULL, NULL, NULL, NULL, NULL, NULL, NULL, NULL, NULL, NULL, NULL, NULL, NULL, NULL, NULL, NULL, NULL, NULL, NULL, NULL, NULL, NULL, NULL, NULL, NULL, NULL, NULL, NULL),
(52344, 50797, '01252', 'SARL FLUNCH BRIVE LA GAILLARDE', NULL, NULL, NULL, '01', 'FLUNCH', NULL, NULL, NULL, NULL, NULL, NULL, NULL, NULL, NULL, NULL, NULL, NULL, NULL, NULL, NULL, NULL, NULL, NULL, NULL, NULL, NULL, NULL, NULL, NULL, NULL, NULL, NULL, NULL, NULL, NULL, NULL, NULL, NULL),
(52345, 50797, '01253', 'SARL FLUNCH VILLEBON SUR YVETTE', NULL, NULL, NULL, '01', 'FLUNCH', NULL, NULL, NULL, NULL, NULL, NULL, NULL, NULL, NULL, NULL, NULL, NULL, NULL, NULL, NULL, NULL, NULL, NULL, NULL, NULL, NULL, NULL, NULL, NULL, NULL, NULL, NULL, NULL, NULL, NULL, NULL, NULL, NULL),
(52346, 50797, '01254', 'SARL FLUNCH MONTIGNY LE BRETONNEUX', NULL, NULL, NULL, '01', 'FLUNCH', NULL, NULL, NULL, NULL, NULL, NULL, NULL, NULL, NULL, NULL, NULL, NULL, NULL, NULL, NULL, NULL, NULL, NULL, NULL, NULL, NULL, NULL, NULL, NULL, NULL, NULL, NULL, NULL, NULL, NULL, NULL, NULL, NULL),
(52347, 50797, '01255', 'SARL FLUNCH CHATEAUROUX CAP SUD', NULL, NULL, NULL, '01', 'FLUNCH', NULL, NULL, NULL, NULL, NULL, NULL, NULL, NULL, NULL, NULL, NULL, NULL, NULL, NULL, NULL, NULL, NULL, NULL, NULL, NULL, NULL, NULL, NULL, NULL, NULL, NULL, NULL, NULL, NULL, NULL, NULL, NULL, NULL),
(52348, 50797, '01256', 'SARL FLUNCH MOULINS', NULL, NULL, NULL, '01', 'FLUNCH', NULL, NULL, NULL, NULL, NULL, NULL, NULL, NULL, NULL, NULL, NULL, NULL, NULL, NULL, NULL, NULL, NULL, NULL, NULL, NULL, NULL, NULL, NULL, NULL, NULL, NULL, NULL, NULL, NULL, NULL, NULL, NULL, NULL),
(52349, 50797, '01258', 'SARL FLUNCH BOURTZWILLER', NULL, NULL, NULL, '01', 'FLUNCH', NULL, NULL, NULL, NULL, NULL, NULL, NULL, NULL, NULL, NULL, NULL, NULL, NULL, NULL, NULL, NULL, NULL, NULL, NULL, NULL, NULL, NULL, NULL, NULL, NULL, NULL, NULL, NULL, NULL, NULL, NULL, NULL, NULL),
(52350, 50797, '01259', 'SARL FLUNCH BOURGOIN JALLIEU', NULL, NULL, NULL, '01', 'FLUNCH', NULL, NULL, NULL, NULL, NULL, NULL, NULL, NULL, NULL, NULL, NULL, NULL, NULL, NULL, NULL, NULL, NULL, NULL, NULL, NULL, NULL, NULL, NULL, NULL, NULL, NULL, NULL, NULL, NULL, NULL, NULL, NULL, NULL),
(52351, 50797, '01260', 'SARL FLUNCH CLERMONT PARDIEU', NULL, NULL, NULL, '01', 'FLUNCH', NULL, NULL, NULL, NULL, NULL, NULL, NULL, NULL, NULL, NULL, NULL, NULL, NULL, NULL, NULL, NULL, NULL, NULL, NULL, NULL, NULL, NULL, NULL, NULL, NULL, NULL, NULL, NULL, NULL, NULL, NULL, NULL, NULL),
(52352, 50797, '01998', 'SAS FLUNCH RESTAURANTS', NULL, NULL, NULL, '01', 'FLUNCH', NULL, NULL, NULL, NULL, NULL, NULL, NULL, NULL, NULL, NULL, NULL, NULL, NULL, NULL, NULL, NULL, NULL, NULL, NULL, NULL, NULL, NULL, NULL, NULL, NULL, NULL, NULL, NULL, NULL, NULL, NULL, NULL, NULL),
(52353, 50797, '02', 'SAS PIZZA PAI', NULL, NULL, NULL, 'Non défini', 'Non défini', NULL, NULL, NULL, NULL, NULL, NULL, NULL, NULL, NULL, NULL, NULL, NULL, NULL, NULL, NULL, NULL, NULL, NULL, NULL, NULL, NULL, NULL, NULL, NULL, NULL, NULL, NULL, NULL, NULL, NULL, NULL, NULL, NULL),
(52354, 50797, '022', 'SAS PIZZA PAI CIE', NULL, NULL, NULL, 'Non défini', 'Non défini', NULL, NULL, NULL, NULL, NULL, NULL, NULL, NULL, NULL, NULL, NULL, NULL, NULL, NULL, NULL, NULL, NULL, NULL, NULL, NULL, NULL, NULL, NULL, NULL, NULL, NULL, NULL, NULL, NULL, NULL, NULL, NULL, NULL),
(52355, 50797, '05', 'SAS AMARINE', NULL, NULL, NULL, 'Non défini', 'Non défini', NULL, NULL, NULL, NULL, NULL, NULL, NULL, NULL, NULL, NULL, NULL, NULL, NULL, NULL, NULL, NULL, NULL, NULL, NULL, NULL, NULL, NULL, NULL, NULL, NULL, NULL, NULL, NULL, NULL, NULL, NULL, NULL, NULL),
(52356, 50797, '06', 'PETIT CUISINIER', NULL, NULL, NULL, 'Non défini', 'Non défini', NULL, NULL, NULL, NULL, NULL, NULL, NULL, NULL, NULL, NULL, NULL, NULL, NULL, NULL, NULL, NULL, NULL, NULL, NULL, NULL, NULL, NULL, NULL, NULL, NULL, NULL, NULL, NULL, NULL, NULL, NULL, NULL, NULL),
(52357, 50797, '09', 'SAS AGAPES SERVICES', NULL, NULL, NULL, 'Non défini', 'Non défini', NULL, NULL, NULL, NULL, NULL, NULL, NULL, NULL, NULL, NULL, NULL, NULL, NULL, NULL, NULL, NULL, NULL, NULL, NULL, NULL, NULL, NULL, NULL, NULL, NULL, NULL, NULL, NULL, NULL, NULL, NULL, NULL, NULL),
(52358, 50797, '098', 'SA AGAPES', NULL, NULL, NULL, 'Non défini', 'Non défini', NULL, NULL, NULL, NULL, NULL, NULL, NULL, NULL, NULL, NULL, NULL, NULL, NULL, NULL, NULL, NULL, NULL, NULL, NULL, NULL, NULL, NULL, NULL, NULL, NULL, NULL, NULL, NULL, NULL, NULL, NULL, NULL, NULL),
(52359, 50797, '22001', 'SARL IL RISTORANTE MARQUETTE LEZ LILLE', NULL, NULL, NULL, '02', 'AUTRES', NULL, NULL, NULL, NULL, NULL, NULL, NULL, NULL, NULL, NULL, NULL, NULL, NULL, NULL, NULL, NULL, NULL, NULL, NULL, NULL, NULL, NULL, NULL, NULL, NULL, NULL, NULL, NULL, NULL, NULL, NULL, NULL, NULL),
(52360, 50797, '22002', 'SARL IL RISTORANTE CAEN', NULL, NULL, NULL, 'Non défini', 'Non défini', NULL, NULL, NULL, NULL, NULL, NULL, NULL, NULL, NULL, NULL, NULL, NULL, NULL, NULL, NULL, NULL, NULL, NULL, NULL, NULL, NULL, NULL, NULL, NULL, NULL, NULL, NULL, NULL, NULL, NULL, NULL, NULL, NULL),
(52361, 50797, '22003', 'SARL IL RISTORANTE NOYELLES', NULL, NULL, NULL, 'Non défini', 'Non défini', NULL, NULL, NULL, NULL, NULL, NULL, NULL, NULL, NULL, NULL, NULL, NULL, NULL, NULL, NULL, NULL, NULL, NULL, NULL, NULL, NULL, NULL, NULL, NULL, NULL, NULL, NULL, NULL, NULL, NULL, NULL, NULL, NULL),
(52362, 50797, '23', 'SARL FLUNCH BOLLENE', NULL, NULL, NULL, 'Non défini', 'Non défini', NULL, NULL, NULL, NULL, NULL, NULL, NULL, NULL, NULL, NULL, NULL, NULL, NULL, NULL, NULL, NULL, NULL, NULL, NULL, NULL, NULL, NULL, NULL, NULL, NULL, NULL, NULL, NULL, NULL, NULL, NULL, NULL, NULL),
(52363, 50797, '24', 'SARL AMARINE V2', NULL, NULL, NULL, 'Non défini', 'Non défini', NULL, NULL, NULL, NULL, NULL, NULL, NULL, NULL, NULL, NULL, NULL, NULL, NULL, NULL, NULL, NULL, NULL, NULL, NULL, NULL, NULL, NULL, NULL, NULL, NULL, NULL, NULL, NULL, NULL, NULL, NULL, NULL, NULL),
(52364, 50797, '25', 'SARL AMARINE ENGLOS', NULL, NULL, NULL, 'Non défini', 'Non défini', NULL, NULL, NULL, NULL, NULL, NULL, NULL, NULL, NULL, NULL, NULL, NULL, NULL, NULL, NULL, NULL, NULL, NULL, NULL, NULL, NULL, NULL, NULL, NULL, NULL, NULL, NULL, NULL, NULL, NULL, NULL, NULL, NULL),
(52365, 50797, '26', 'SARL AMARINE BORDEAUX LE LAC', NULL, NULL, NULL, 'Non défini', 'Non défini', NULL, NULL, NULL, NULL, NULL, NULL, NULL, NULL, NULL, NULL, NULL, NULL, NULL, NULL, NULL, NULL, NULL, NULL, NULL, NULL, NULL, NULL, NULL, NULL, NULL, NULL, NULL, NULL, NULL, NULL, NULL, NULL, NULL),
(52366, 50797, '27', 'SARL AMARINE LE PONTET', NULL, NULL, NULL, 'Non défini', 'Non défini', NULL, NULL, NULL, NULL, NULL, NULL, NULL, NULL, NULL, NULL, NULL, NULL, NULL, NULL, NULL, NULL, NULL, NULL, NULL, NULL, NULL, NULL, NULL, NULL, NULL, NULL, NULL, NULL, NULL, NULL, NULL, NULL, NULL),
(52367, 50797, '28', 'SARL AMARINE ST PRIEST', NULL, NULL, NULL, 'Non défini', 'Non défini', NULL, NULL, NULL, NULL, NULL, NULL, NULL, NULL, NULL, NULL, NULL, NULL, NULL, NULL, NULL, NULL, NULL, NULL, NULL, NULL, NULL, NULL, NULL, NULL, NULL, NULL, NULL, NULL, NULL, NULL, NULL, NULL, NULL),
(52368, 50797, '29', 'SARL AMARINE BOULOGNE', NULL, NULL, NULL, 'Non défini', 'Non défini', NULL, NULL, NULL, NULL, NULL, NULL, NULL, NULL, NULL, NULL, NULL, NULL, NULL, NULL, NULL, NULL, NULL, NULL, NULL, NULL, NULL, NULL, NULL, NULL, NULL, NULL, NULL, NULL, NULL, NULL, NULL, NULL, NULL),
(52369, 50797, '30', 'SARL AMARINE ST HERBLAIN', NULL, NULL, NULL, 'Non défini', 'Non défini', NULL, NULL, NULL, NULL, NULL, NULL, NULL, NULL, NULL, NULL, NULL, NULL, NULL, NULL, NULL, NULL, NULL, NULL, NULL, NULL, NULL, NULL, NULL, NULL, NULL, NULL, NULL, NULL, NULL, NULL, NULL, NULL, NULL),
(52370, 50797, '31', 'SARL AMARINE COMPIEGNE', NULL, NULL, NULL, 'Non défini', 'Non défini', NULL, NULL, NULL, NULL, NULL, NULL, NULL, NULL, NULL, NULL, NULL, NULL, NULL, NULL, NULL, NULL, NULL, NULL, NULL, NULL, NULL, NULL, NULL, NULL, NULL, NULL, NULL, NULL, NULL, NULL, NULL, NULL, NULL),
(52371, 50797, '32', 'SARL AMARINE VELIZY', NULL, NULL, NULL, 'Non défini', 'Non défini', NULL, NULL, NULL, NULL, NULL, NULL, NULL, NULL, NULL, NULL, NULL, NULL, NULL, NULL, NULL, NULL, NULL, NULL, NULL, NULL, NULL, NULL, NULL, NULL, NULL, NULL, NULL, NULL, NULL, NULL, NULL, NULL, NULL),
(52372, 50797, '33', 'SARL AMARINE MERIGNAC', NULL, NULL, NULL, 'Non défini', 'Non défini', NULL, NULL, NULL, NULL, NULL, NULL, NULL, NULL, NULL, NULL, NULL, NULL, NULL, NULL, NULL, NULL, NULL, NULL, NULL, NULL, NULL, NULL, NULL, NULL, NULL, NULL, NULL, NULL, NULL, NULL, NULL, NULL, NULL),
(52373, 50797, '34', 'SARL AMARINE WASQUEHAL', NULL, NULL, NULL, 'Non défini', 'Non défini', NULL, NULL, NULL, NULL, NULL, NULL, NULL, NULL, NULL, NULL, NULL, NULL, NULL, NULL, NULL, NULL, NULL, NULL, NULL, NULL, NULL, NULL, NULL, NULL, NULL, NULL, NULL, NULL, NULL, NULL, NULL, NULL, NULL),
(52374, 50797, '35', 'SARL AMARINE SERVICES', NULL, NULL, NULL, 'Non défini', 'Non défini', NULL, NULL, NULL, NULL, NULL, NULL, NULL, NULL, NULL, NULL, NULL, NULL, NULL, NULL, NULL, NULL, NULL, NULL, NULL, NULL, NULL, NULL, NULL, NULL, NULL, NULL, NULL, NULL, NULL, NULL, NULL, NULL, NULL),
(52375, 50797, '36', 'SARL FLUNCH NICE ST ISIDORE', NULL, NULL, NULL, 'Non défini', 'Non défini', NULL, NULL, NULL, NULL, NULL, NULL, NULL, NULL, NULL, NULL, NULL, NULL, NULL, NULL, NULL, NULL, NULL, NULL, NULL, NULL, NULL, NULL, NULL, NULL, NULL, NULL, NULL, NULL, NULL, NULL, NULL, NULL, NULL),
(52376, 50797, '37', 'SARL IL RISTO QUETIGNY', NULL, NULL, NULL, 'Non défini', 'Non défini', NULL, NULL, NULL, NULL, NULL, NULL, NULL, NULL, NULL, NULL, NULL, NULL, NULL, NULL, NULL, NULL, NULL, NULL, NULL, NULL, NULL, NULL, NULL, NULL, NULL, NULL, NULL, NULL, NULL, NULL, NULL, NULL, NULL),
(52377, 50797, '38', 'SARL IL RISTO SERVICES', NULL, NULL, NULL, 'Non défini', 'Non défini', NULL, NULL, NULL, NULL, NULL, NULL, NULL, NULL, NULL, NULL, NULL, NULL, NULL, NULL, NULL, NULL, NULL, NULL, NULL, NULL, NULL, NULL, NULL, NULL, NULL, NULL, NULL, NULL, NULL, NULL, NULL, NULL, NULL),
(52378, 50797, '39', 'SARL IL RISTO ORLEANS', NULL, NULL, NULL, 'Non défini', 'Non défini', NULL, NULL, NULL, NULL, NULL, NULL, NULL, NULL, NULL, NULL, NULL, NULL, NULL, NULL, NULL, NULL, NULL, NULL, NULL, NULL, NULL, NULL, NULL, NULL, NULL, NULL, NULL, NULL, NULL, NULL, NULL, NULL, NULL),
(52379, 50797, '40001', 'SARL AMARINE PERPIGNAN', NULL, NULL, NULL, 'Non défini', 'Non défini', NULL, NULL, NULL, NULL, NULL, NULL, NULL, NULL, NULL, NULL, NULL, NULL, NULL, NULL, NULL, NULL, NULL, NULL, NULL, NULL, NULL, NULL, NULL, NULL, NULL, NULL, NULL, NULL, NULL, NULL, NULL, NULL, NULL),
(52380, 50797, '41', 'SARL AGAPES I', NULL, NULL, NULL, 'Non défini', 'Non défini', NULL, NULL, NULL, NULL, NULL, NULL, NULL, NULL, NULL, NULL, NULL, NULL, NULL, NULL, NULL, NULL, NULL, NULL, NULL, NULL, NULL, NULL, NULL, NULL, NULL, NULL, NULL, NULL, NULL, NULL, NULL, NULL, NULL),
(52381, 50797, '42', 'SAS SOGOOD', NULL, NULL, NULL, 'Non défini', 'Non défini', NULL, NULL, NULL, NULL, NULL, NULL, NULL, NULL, NULL, NULL, NULL, NULL, NULL, NULL, NULL, NULL, NULL, NULL, NULL, NULL, NULL, NULL, NULL, NULL, NULL, NULL, NULL, NULL, NULL, NULL, NULL, NULL, NULL),
(52382, 50797, '43', 'SARL SALAD&CO', NULL, NULL, NULL, 'Non défini', 'Non défini', NULL, NULL, NULL, NULL, NULL, NULL, NULL, NULL, NULL, NULL, NULL, NULL, NULL, NULL, NULL, NULL, NULL, NULL, NULL, NULL, NULL, NULL, NULL, NULL, NULL, NULL, NULL, NULL, NULL, NULL, NULL, NULL, NULL),
(52383, 50797, '43001', 'SARL SALAD&CO HERON', NULL, NULL, NULL, '02', 'AUTRES', NULL, NULL, NULL, NULL, NULL, NULL, NULL, NULL, NULL, NULL, NULL, NULL, NULL, NULL, NULL, NULL, NULL, NULL, NULL, NULL, NULL, NULL, NULL, NULL, NULL, NULL, NULL, NULL, NULL, NULL, NULL, NULL, NULL),
(52384, 50797, '43002', 'SARL SALAD&CO LOMME', NULL, NULL, NULL, 'Non défini', 'Non défini', NULL, NULL, NULL, NULL, NULL, NULL, NULL, NULL, NULL, NULL, NULL, NULL, NULL, NULL, NULL, NULL, NULL, NULL, NULL, NULL, NULL, NULL, NULL, NULL, NULL, NULL, NULL, NULL, NULL, NULL, NULL, NULL, NULL),
(52385, 50797, '43003', 'SARL SALAD&CO NOYELLES', NULL, NULL, NULL, 'Non défini', 'Non défini', NULL, NULL, NULL, NULL, NULL, NULL, NULL, NULL, NULL, NULL, NULL, NULL, NULL, NULL, NULL, NULL, NULL, NULL, NULL, NULL, NULL, NULL, NULL, NULL, NULL, NULL, NULL, NULL, NULL, NULL, NULL, NULL, NULL),
(52386, 50797, '43998', 'SAS SALAD&CO', NULL, NULL, NULL, '02', 'AUTRES', NULL, NULL, NULL, NULL, NULL, NULL, NULL, NULL, NULL, NULL, NULL, NULL, NULL, NULL, NULL, NULL, NULL, NULL, NULL, NULL, NULL, NULL, NULL, NULL, NULL, NULL, NULL, NULL, NULL, NULL, NULL, NULL, NULL),
(52387, 50797, '44', 'SARL FLUNCH 7 EST', NULL, NULL, NULL, 'Non défini', 'Non défini', NULL, NULL, NULL, NULL, NULL, NULL, NULL, NULL, NULL, NULL, NULL, NULL, NULL, NULL, NULL, NULL, NULL, NULL, NULL, NULL, NULL, NULL, NULL, NULL, NULL, NULL, NULL, NULL, NULL, NULL, NULL, NULL, NULL),
(52388, 50797, '45', 'SARL AGAPES III', NULL, NULL, NULL, 'Non défini', 'Non défini', NULL, NULL, NULL, NULL, NULL, NULL, NULL, NULL, NULL, NULL, NULL, NULL, NULL, NULL, NULL, NULL, NULL, NULL, NULL, NULL, NULL, NULL, NULL, NULL, NULL, NULL, NULL, NULL, NULL, NULL, NULL, NULL, NULL),
(52389, 50797, '46', 'SARL IL RISTO LILLE', NULL, NULL, NULL, 'Non défini', 'Non défini', NULL, NULL, NULL, NULL, NULL, NULL, NULL, NULL, NULL, NULL, NULL, NULL, NULL, NULL, NULL, NULL, NULL, NULL, NULL, NULL, NULL, NULL, NULL, NULL, NULL, NULL, NULL, NULL, NULL, NULL, NULL, NULL, NULL),
(52390, 50797, '47', 'SAS IL RISTO TOURS', NULL, NULL, NULL, 'Non défini', 'Non défini', NULL, NULL, NULL, NULL, NULL, NULL, NULL, NULL, NULL, NULL, NULL, NULL, NULL, NULL, NULL, NULL, NULL, NULL, NULL, NULL, NULL, NULL, NULL, NULL, NULL, NULL, NULL, NULL, NULL, NULL, NULL, NULL, NULL),
(52391, 50797, '48001', 'SARL KIOSQUE CIE', NULL, NULL, NULL, 'Non défini', 'Non défini', NULL, NULL, NULL, NULL, NULL, NULL, NULL, NULL, NULL, NULL, NULL, NULL, NULL, NULL, NULL, NULL, NULL, NULL, NULL, NULL, NULL, NULL, NULL, NULL, NULL, NULL, NULL, NULL, NULL, NULL, NULL, NULL, NULL),
(52392, 50797, '48002', 'KIOSQUE ST QUENTIN', NULL, NULL, NULL, 'Non défini', 'Non défini', NULL, NULL, NULL, NULL, NULL, NULL, NULL, NULL, NULL, NULL, NULL, NULL, NULL, NULL, NULL, NULL, NULL, NULL, NULL, NULL, NULL, NULL, NULL, NULL, NULL, NULL, NULL, NULL, NULL, NULL, NULL, NULL, NULL),
(52393, 50797, '49', 'SAS IL RISTORANTE', NULL, NULL, NULL, 'Non défini', 'Non défini', NULL, NULL, NULL, NULL, NULL, NULL, NULL, NULL, NULL, NULL, NULL, NULL, NULL, NULL, NULL, NULL, NULL, NULL, NULL, NULL, NULL, NULL, NULL, NULL, NULL, NULL, NULL, NULL, NULL, NULL, NULL, NULL, NULL),
(52394, 50797, '50', 'EVASION CULINAIRE', NULL, NULL, NULL, 'Non défini', 'Non défini', NULL, NULL, NULL, NULL, NULL, NULL, NULL, NULL, NULL, NULL, NULL, NULL, NULL, NULL, NULL, NULL, NULL, NULL, NULL, NULL, NULL, NULL, NULL, NULL, NULL, NULL, NULL, NULL, NULL, NULL, NULL, NULL, NULL),
(52395, 50797, '51', 'EVASION CULINAIRE PRODUCTION', NULL, NULL, NULL, 'Non défini', 'Non défini', NULL, NULL, NULL, NULL, NULL, NULL, NULL, NULL, NULL, NULL, NULL, NULL, NULL, NULL, NULL, NULL, NULL, NULL, NULL, NULL, NULL, NULL, NULL, NULL, NULL, NULL, NULL, NULL, NULL, NULL, NULL, NULL, NULL),
(52396, 50797, '52', 'EVASION CULINAIRE BOUTIQUE', NULL, NULL, NULL, 'Non défini', 'Non défini', NULL, NULL, NULL, NULL, NULL, NULL, NULL, NULL, NULL, NULL, NULL, NULL, NULL, NULL, NULL, NULL, NULL, NULL, NULL, NULL, NULL, NULL, NULL, NULL, NULL, NULL, NULL, NULL, NULL, NULL, NULL, NULL, NULL),
(52397, 50797, '53', 'SARL EVASION CULINAIRE SERVICES', NULL, NULL, NULL, 'Non défini', 'Non défini', NULL, NULL, NULL, NULL, NULL, NULL, NULL, NULL, NULL, NULL, NULL, NULL, NULL, NULL, NULL, NULL, NULL, NULL, NULL, NULL, NULL, NULL, NULL, NULL, NULL, NULL, NULL, NULL, NULL, NULL, NULL, NULL, NULL),
(52398, 50797, '54', 'SAS BRASSERIES, BISTROTS DE FRANCE', NULL, NULL, NULL, 'Non défini', 'Non défini', NULL, NULL, NULL, NULL, NULL, NULL, NULL, NULL, NULL, NULL, NULL, NULL, NULL, NULL, NULL, NULL, NULL, NULL, NULL, NULL, NULL, NULL, NULL, NULL, NULL, NULL, NULL, NULL, NULL, NULL, NULL, NULL, NULL),
(52399, 50797, '55001', 'SARL FLUNCH TRAITEUR', NULL, NULL, NULL, 'Non défini', 'Non défini', NULL, NULL, NULL, NULL, NULL, NULL, NULL, NULL, NULL, NULL, NULL, NULL, NULL, NULL, NULL, NULL, NULL, NULL, NULL, NULL, NULL, NULL, NULL, NULL, NULL, NULL, NULL, NULL, NULL, NULL, NULL, NULL, NULL),
(52400, 50797, '55002', 'SARL FLUNCH TRAITEUR MONTIGNY', NULL, NULL, NULL, 'Non défini', 'Non défini', NULL, NULL, NULL, NULL, NULL, NULL, NULL, NULL, NULL, NULL, NULL, NULL, NULL, NULL, NULL, NULL, NULL, NULL, NULL, NULL, NULL, NULL, NULL, NULL, NULL, NULL, NULL, NULL, NULL, NULL, NULL, NULL, NULL),
(52401, 50797, '56001', 'SARL AGAPES V CREUTZWALD', NULL, NULL, NULL, 'Non défini', 'Non défini', NULL, NULL, NULL, NULL, NULL, NULL, NULL, NULL, NULL, NULL, NULL, NULL, NULL, NULL, NULL, NULL, NULL, NULL, NULL, NULL, NULL, NULL, NULL, NULL, NULL, NULL, NULL, NULL, NULL, NULL, NULL, NULL, NULL),
(52402, 50797, '57001', 'SARL PIZZA PAI LILLE BETHUNE', NULL, NULL, NULL, 'Non défini', 'Non défini', NULL, NULL, NULL, NULL, NULL, NULL, NULL, NULL, NULL, NULL, NULL, NULL, NULL, NULL, NULL, NULL, NULL, NULL, NULL, NULL, NULL, NULL, NULL, NULL, NULL, NULL, NULL, NULL, NULL, NULL, NULL, NULL, NULL),
(52403, 50797, '57002', 'SARL PIZZA PAI LAMPERTHEIM', NULL, NULL, NULL, 'Non défini', 'Non défini', NULL, NULL, NULL, NULL, NULL, NULL, NULL, NULL, NULL, NULL, NULL, NULL, NULL, NULL, NULL, NULL, NULL, NULL, NULL, NULL, NULL, NULL, NULL, NULL, NULL, NULL, NULL, NULL, NULL, NULL, NULL, NULL, NULL),
(52404, 50797, '57003', 'SARL PIZZA PAI AUBAGNE', NULL, NULL, NULL, 'Non défini', 'Non défini', NULL, NULL, NULL, NULL, NULL, NULL, NULL, NULL, NULL, NULL, NULL, NULL, NULL, NULL, NULL, NULL, NULL, NULL, NULL, NULL, NULL, NULL, NULL, NULL, NULL, NULL, NULL, NULL, NULL, NULL, NULL, NULL, NULL),
(52405, 50797, '57004', 'SARL PIZZA PAI LE MANS', NULL, NULL, NULL, 'Non défini', 'Non défini', NULL, NULL, NULL, NULL, NULL, NULL, NULL, NULL, NULL, NULL, NULL, NULL, NULL, NULL, NULL, NULL, NULL, NULL, NULL, NULL, NULL, NULL, NULL, NULL, NULL, NULL, NULL, NULL, NULL, NULL, NULL, NULL, NULL),
(52406, 50797, '57005', 'SAS PIZZA PAI LG', NULL, NULL, NULL, 'Non défini', 'Non défini', NULL, NULL, NULL, NULL, NULL, NULL, NULL, NULL, NULL, NULL, NULL, NULL, NULL, NULL, NULL, NULL, NULL, NULL, NULL, NULL, NULL, NULL, NULL, NULL, NULL, NULL, NULL, NULL, NULL, NULL, NULL, NULL, NULL),
(52407, 50797, '58001', 'SARL AGAPES VII', NULL, NULL, NULL, 'Non défini', 'Non défini', NULL, NULL, NULL, NULL, NULL, NULL, NULL, NULL, NULL, NULL, NULL, NULL, NULL, NULL, NULL, NULL, NULL, NULL, NULL, NULL, NULL, NULL, NULL, NULL, NULL, NULL, NULL, NULL, NULL, NULL, NULL, NULL, NULL),
(52408, 50797, '60001', 'SA LES BRASSEURS LILLE', NULL, NULL, NULL, 'Non défini', 'Non défini', NULL, NULL, NULL, NULL, NULL, NULL, NULL, NULL, NULL, NULL, NULL, NULL, NULL, NULL, NULL, NULL, NULL, NULL, NULL, NULL, NULL, NULL, NULL, NULL, NULL, NULL, NULL, NULL, NULL, NULL, NULL, NULL, NULL),
(52409, 50797, '60002', 'SARL L3B PETITE FORET B', NULL, NULL, NULL, 'Non défini', 'Non défini', NULL, NULL, NULL, NULL, NULL, NULL, NULL, NULL, NULL, NULL, NULL, NULL, NULL, NULL, NULL, NULL, NULL, NULL, NULL, NULL, NULL, NULL, NULL, NULL, NULL, NULL, NULL, NULL, NULL, NULL, NULL, NULL, NULL),
(52410, 50797, '60003', 'SARL NIM B', NULL, NULL, NULL, 'Non défini', 'Non défini', NULL, NULL, NULL, NULL, NULL, NULL, NULL, NULL, NULL, NULL, NULL, NULL, NULL, NULL, NULL, NULL, NULL, NULL, NULL, NULL, NULL, NULL, NULL, NULL, NULL, NULL, NULL, NULL, NULL, NULL, NULL, NULL, NULL),
(52411, 50797, '60004', 'SARL ORLEANS B', NULL, NULL, NULL, 'Non défini', 'Non défini', NULL, NULL, NULL, NULL, NULL, NULL, NULL, NULL, NULL, NULL, NULL, NULL, NULL, NULL, NULL, NULL, NULL, NULL, NULL, NULL, NULL, NULL, NULL, NULL, NULL, NULL, NULL, NULL, NULL, NULL, NULL, NULL, NULL),
(52412, 50797, '60005', 'ENGLOS B', NULL, NULL, NULL, 'Non défini', 'Non défini', NULL, NULL, NULL, NULL, NULL, NULL, NULL, NULL, NULL, NULL, NULL, NULL, NULL, NULL, NULL, NULL, NULL, NULL, NULL, NULL, NULL, NULL, NULL, NULL, NULL, NULL, NULL, NULL, NULL, NULL, NULL, NULL, NULL),
(52413, 50797, '60006', 'SARL ERA 3B', NULL, NULL, NULL, 'Non défini', 'Non défini', NULL, NULL, NULL, NULL, NULL, NULL, NULL, NULL, NULL, NULL, NULL, NULL, NULL, NULL, NULL, NULL, NULL, NULL, NULL, NULL, NULL, NULL, NULL, NULL, NULL, NULL, NULL, NULL, NULL, NULL, NULL, NULL, NULL),
(52414, 50797, '60007', 'SARL AUGNY 3B', NULL, NULL, NULL, 'Non défini', 'Non défini', NULL, NULL, NULL, NULL, NULL, NULL, NULL, NULL, NULL, NULL, NULL, NULL, NULL, NULL, NULL, NULL, NULL, NULL, NULL, NULL, NULL, NULL, NULL, NULL, NULL, NULL, NULL, NULL, NULL, NULL, NULL, NULL, NULL),
(52415, 50797, '60008', 'SARL SEBA 3B', NULL, NULL, NULL, 'Non défini', 'Non défini', NULL, NULL, NULL, NULL, NULL, NULL, NULL, NULL, NULL, NULL, NULL, NULL, NULL, NULL, NULL, NULL, NULL, NULL, NULL, NULL, NULL, NULL, NULL, NULL, NULL, NULL, NULL, NULL, NULL, NULL, NULL, NULL, NULL),
(52416, 50797, '60009', 'SARL LOBRA', NULL, NULL, NULL, 'Non défini', 'Non défini', NULL, NULL, NULL, NULL, NULL, NULL, NULL, NULL, NULL, NULL, NULL, NULL, NULL, NULL, NULL, NULL, NULL, NULL, NULL, NULL, NULL, NULL, NULL, NULL, NULL, NULL, NULL, NULL, NULL, NULL, NULL, NULL, NULL),
(52417, 50797, '60010', 'SARL BRONCQ 3B', NULL, NULL, NULL, 'Non défini', 'Non défini', NULL, NULL, NULL, NULL, NULL, NULL, NULL, NULL, NULL, NULL, NULL, NULL, NULL, NULL, NULL, NULL, NULL, NULL, NULL, NULL, NULL, NULL, NULL, NULL, NULL, NULL, NULL, NULL, NULL, NULL, NULL, NULL, NULL),
(52418, 50797, '60011', 'SARL SF 3B', NULL, NULL, NULL, 'Non défini', 'Non défini', NULL, NULL, NULL, NULL, NULL, NULL, NULL, NULL, NULL, NULL, NULL, NULL, NULL, NULL, NULL, NULL, NULL, NULL, NULL, NULL, NULL, NULL, NULL, NULL, NULL, NULL, NULL, NULL, NULL, NULL, NULL, NULL, NULL),
(52419, 50797, '60012', 'L PONTET B', NULL, NULL, NULL, 'Non défini', 'Non défini', NULL, NULL, NULL, NULL, NULL, NULL, NULL, NULL, NULL, NULL, NULL, NULL, NULL, NULL, NULL, NULL, NULL, NULL, NULL, NULL, NULL, NULL, NULL, NULL, NULL, NULL, NULL, NULL, NULL, NULL, NULL, NULL, NULL),
(52420, 50797, '60013', 'SARL PRIEST 3B', NULL, NULL, NULL, 'Non défini', 'Non défini', NULL, NULL, NULL, NULL, NULL, NULL, NULL, NULL, NULL, NULL, NULL, NULL, NULL, NULL, NULL, NULL, NULL, NULL, NULL, NULL, NULL, NULL, NULL, NULL, NULL, NULL, NULL, NULL, NULL, NULL, NULL, NULL, NULL),
(52421, 50797, '60998', 'SAS LES 3 BRASSEURS SERV CENT', NULL, NULL, NULL, 'Non défini', 'Non défini', NULL, NULL, NULL, NULL, NULL, NULL, NULL, NULL, NULL, NULL, NULL, NULL, NULL, NULL, NULL, NULL, NULL, NULL, NULL, NULL, NULL, NULL, NULL, NULL, NULL, NULL, NULL, NULL, NULL, NULL, NULL, NULL, NULL),
(52422, 50797, '61001', 'GRENOBLE B', NULL, NULL, NULL, 'Non défini', 'Non défini', NULL, NULL, NULL, NULL, NULL, NULL, NULL, NULL, NULL, NULL, NULL, NULL, NULL, NULL, NULL, NULL, NULL, NULL, NULL, NULL, NULL, NULL, NULL, NULL, NULL, NULL, NULL, NULL, NULL, NULL, NULL, NULL, NULL),
(52423, 50797, '62001', 'SAS BRANOGA', NULL, NULL, NULL, 'Non défini', 'Non défini', NULL, NULL, NULL, NULL, NULL, NULL, NULL, NULL, NULL, NULL, NULL, NULL, NULL, NULL, NULL, NULL, NULL, NULL, NULL, NULL, NULL, NULL, NULL, NULL, NULL, NULL, NULL, NULL, NULL, NULL, NULL, NULL, NULL),
(52424, 50797, '63001', 'SARL GRAN1', NULL, NULL, NULL, 'Non défini', 'Non défini', NULL, NULL, NULL, NULL, NULL, NULL, NULL, NULL, NULL, NULL, NULL, NULL, NULL, NULL, NULL, NULL, NULL, NULL, NULL, NULL, NULL, NULL, NULL, NULL, NULL, NULL, NULL, NULL, NULL, NULL, NULL, NULL, NULL),
(52425, 50797, '63002', 'SARL GRAN2', NULL, NULL, NULL, 'Non défini', 'Non défini', NULL, NULL, NULL, NULL, NULL, NULL, NULL, NULL, NULL, NULL, NULL, NULL, NULL, NULL, NULL, NULL, NULL, NULL, NULL, NULL, NULL, NULL, NULL, NULL, NULL, NULL, NULL, NULL, NULL, NULL, NULL, NULL, NULL),
(52426, 50797, '64001', 'SARL BOEUF TOURS 37', NULL, NULL, NULL, 'Non défini', 'Non défini', NULL, NULL, NULL, NULL, NULL, NULL, NULL, NULL, NULL, NULL, NULL, NULL, NULL, NULL, NULL, NULL, NULL, NULL, NULL, NULL, NULL, NULL, NULL, NULL, NULL, NULL, NULL, NULL, NULL, NULL, NULL, NULL, NULL),
(52427, 50797, '64002', 'SARL GESTCOM', NULL, NULL, NULL, 'Non défini', 'Non défini', NULL, NULL, NULL, NULL, NULL, NULL, NULL, NULL, NULL, NULL, NULL, NULL, NULL, NULL, NULL, NULL, NULL, NULL, NULL, NULL, NULL, NULL, NULL, NULL, NULL, NULL, NULL, NULL, NULL, NULL, NULL, NULL, NULL),
(52428, 50797, '65001', 'SARL BA 93', NULL, NULL, NULL, 'Non défini', 'Non défini', NULL, NULL, NULL, NULL, NULL, NULL, NULL, NULL, NULL, NULL, NULL, NULL, NULL, NULL, NULL, NULL, NULL, NULL, NULL, NULL, NULL, NULL, NULL, NULL, NULL, NULL, NULL, NULL, NULL, NULL, NULL, NULL, NULL),
(52429, 50797, '66001', 'SAS BDB FRANCE', NULL, NULL, NULL, 'Non défini', 'Non défini', NULL, NULL, NULL, NULL, NULL, NULL, NULL, NULL, NULL, NULL, NULL, NULL, NULL, NULL, NULL, NULL, NULL, NULL, NULL, NULL, NULL, NULL, NULL, NULL, NULL, NULL, NULL, NULL, NULL, NULL, NULL, NULL, NULL),
(52430, 50797, '67998', 'SAS TRADIPLUS', NULL, NULL, NULL, 'Non défini', 'Non défini', NULL, NULL, NULL, NULL, NULL, NULL, NULL, NULL, NULL, NULL, NULL, NULL, NULL, NULL, NULL, NULL, NULL, NULL, NULL, NULL, NULL, NULL, NULL, NULL, NULL, NULL, NULL, NULL, NULL, NULL, NULL, NULL, NULL),
(52431, 50797, '68001', 'SAS LE COMPTOIR ITALIEN', NULL, NULL, NULL, 'Non défini', 'Non défini', NULL, NULL, NULL, NULL, NULL, NULL, NULL, NULL, NULL, NULL, NULL, NULL, NULL, NULL, NULL, NULL, NULL, NULL, NULL, NULL, NULL, NULL, NULL, NULL, NULL, NULL, NULL, NULL, NULL, NULL, NULL, NULL, NULL),
(52432, 50797, '88', 'CHARCUTERIE VALLEE DE LA BRUCHE', NULL, NULL, NULL, 'Non défini', 'Non défini', NULL, NULL, NULL, NULL, NULL, NULL, NULL, NULL, NULL, NULL, NULL, NULL, NULL, NULL, NULL, NULL, NULL, NULL, NULL, NULL, NULL, NULL, NULL, NULL, NULL, NULL, NULL, NULL, NULL, NULL, NULL, NULL, NULL),
(52433, 50797, '99', 'FRANCHISES OU ETRANGERS', NULL, NULL, NULL, 'Non défini', 'Non défini', NULL, NULL, NULL, NULL, NULL, NULL, NULL, NULL, NULL, NULL, NULL, NULL, NULL, NULL, NULL, NULL, NULL, NULL, NULL, NULL, NULL, NULL, NULL, NULL, NULL, NULL, NULL, NULL, NULL, NULL, NULL, NULL, NULL),
(52434, 50799, '004-Classification (code)', '005-Classification', NULL, NULL, NULL, 'aaaa', 'bbbb', NULL, NULL, NULL, NULL, NULL, NULL, NULL, NULL, NULL, NULL, NULL, NULL, NULL, NULL, NULL, NULL, NULL, NULL, NULL, NULL, NULL, NULL, NULL, NULL, NULL, NULL, NULL, NULL, NULL, NULL, NULL, NULL, NULL),
(52435, 50799, 'A', 'AGENT DE MAITRISE', NULL, NULL, NULL, 'ENCAD', 'Encadrement', NULL, NULL, NULL, NULL, NULL, NULL, NULL, NULL, NULL, NULL, NULL, NULL, NULL, NULL, NULL, NULL, NULL, NULL, NULL, NULL, NULL, NULL, NULL, NULL, NULL, NULL, NULL, NULL, NULL, NULL, NULL, NULL, NULL),
(52436, 50799, 'C', 'CADRE', NULL, NULL, NULL, 'ENCAD', 'Encadrement', NULL, NULL, NULL, NULL, NULL, NULL, NULL, NULL, NULL, NULL, NULL, NULL, NULL, NULL, NULL, NULL, NULL, NULL, NULL, NULL, NULL, NULL, NULL, NULL, NULL, NULL, NULL, NULL, NULL, NULL, NULL, NULL, NULL),
(52437, 50799, 'xxx', 'xxx', NULL, NULL, NULL, 'xxx', 'xxx', NULL, NULL, NULL, NULL, NULL, NULL, NULL, NULL, NULL, NULL, NULL, NULL, NULL, NULL, NULL, NULL, NULL, NULL, NULL, NULL, NULL, NULL, NULL, NULL, NULL, NULL, NULL, NULL, NULL, NULL, NULL, NULL, NULL),
(52457, 50798, 'ADE', 'CONTRAT ADE', NULL, NULL, NULL, NULL, NULL, NULL, NULL, NULL, NULL, NULL, NULL, NULL, NULL, NULL, NULL, NULL, NULL, NULL, NULL, NULL, NULL, NULL, NULL, NULL, NULL, NULL, NULL, NULL, NULL, NULL, NULL, NULL, NULL, NULL, NULL, NULL, NULL, NULL),
(52458, 50798, 'ADEI', 'AIDE DEGRESSIVE A L EMPLOI (CDI)', NULL, NULL, NULL, 'N', 'O', NULL, NULL, NULL, NULL, NULL, NULL, NULL, NULL, NULL, NULL, NULL, NULL, NULL, NULL, NULL, NULL, NULL, NULL, NULL, NULL, NULL, NULL, NULL, NULL, NULL, NULL, NULL, NULL, NULL, NULL, NULL, NULL, NULL),
(52459, 50798, 'CAP', 'CONTRAT APPRENTISSAGE', NULL, NULL, NULL, 'O', 'N', NULL, NULL, NULL, NULL, NULL, NULL, NULL, NULL, NULL, NULL, NULL, NULL, NULL, NULL, NULL, NULL, NULL, NULL, NULL, NULL, NULL, NULL, NULL, NULL, NULL, NULL, NULL, NULL, NULL, NULL, NULL, NULL, NULL),
(52460, 50798, 'CDD', 'CONTRAT A DUREE DETERMINEE', NULL, NULL, NULL, 'N', 'N', NULL, NULL, NULL, NULL, NULL, NULL, NULL, NULL, NULL, NULL, NULL, NULL, NULL, NULL, NULL, NULL, NULL, NULL, NULL, NULL, NULL, NULL, NULL, NULL, NULL, NULL, NULL, NULL, NULL, NULL, NULL, NULL, NULL),
(52461, 50798, 'CDI', 'CONTRAT A DUREE INDETERMINEE', NULL, NULL, NULL, 'N', 'N', NULL, NULL, NULL, NULL, NULL, NULL, NULL, NULL, NULL, NULL, NULL, NULL, NULL, NULL, NULL, NULL, NULL, NULL, NULL, NULL, NULL, NULL, NULL, NULL, NULL, NULL, NULL, NULL, NULL, NULL, NULL, NULL, NULL),
(52462, 50798, 'CIED', 'CONTRAT UNIQUE INSERTION (CDD)', NULL, NULL, NULL, 'N', 'O', NULL, NULL, NULL, NULL, NULL, NULL, NULL, NULL, NULL, NULL, NULL, NULL, NULL, NULL, NULL, NULL, NULL, NULL, NULL, NULL, NULL, NULL, NULL, NULL, NULL, NULL, NULL, NULL, NULL, NULL, NULL, NULL, NULL),
(52463, 50798, 'CIEI', 'CONTRAT UNIQUE INSERTION (CDI)', NULL, NULL, NULL, 'N', 'O', NULL, NULL, NULL, NULL, NULL, NULL, NULL, NULL, NULL, NULL, NULL, NULL, NULL, NULL, NULL, NULL, NULL, NULL, NULL, NULL, NULL, NULL, NULL, NULL, NULL, NULL, NULL, NULL, NULL, NULL, NULL, NULL, NULL),
(52464, 50798, 'CIRI', 'CONTRAT INSERTION REVENU MINIMUM ACTIVITE (CDI)', NULL, NULL, NULL, 'N', 'O', NULL, NULL, NULL, NULL, NULL, NULL, NULL, NULL, NULL, NULL, NULL, NULL, NULL, NULL, NULL, NULL, NULL, NULL, NULL, NULL, NULL, NULL, NULL, NULL, NULL, NULL, NULL, NULL, NULL, NULL, NULL, NULL, NULL),
(52465, 50798, 'CIRM', 'CONTRAT INSERTION REVENU MINIMUM ACTIVITE (CDD)', NULL, NULL, NULL, 'N', 'O', NULL, NULL, NULL, NULL, NULL, NULL, NULL, NULL, NULL, NULL, NULL, NULL, NULL, NULL, NULL, NULL, NULL, NULL, NULL, NULL, NULL, NULL, NULL, NULL, NULL, NULL, NULL, NULL, NULL, NULL, NULL, NULL, NULL),
(52466, 50798, 'CISA', 'CONTRAT SUITE A ALTERNANCE  (CDI)', NULL, NULL, NULL, 'N', 'N', NULL, NULL, NULL, NULL, NULL, NULL, NULL, NULL, NULL, NULL, NULL, NULL, NULL, NULL, NULL, NULL, NULL, NULL, NULL, NULL, NULL, NULL, NULL, NULL, NULL, NULL, NULL, NULL, NULL, NULL, NULL, NULL, NULL),
(52467, 50798, 'CODJ', 'CONTRAT JEUNE', NULL, NULL, NULL, 'N', 'O', NULL, NULL, NULL, NULL, NULL, NULL, NULL, NULL, NULL, NULL, NULL, NULL, NULL, NULL, NULL, NULL, NULL, NULL, NULL, NULL, NULL, NULL, NULL, NULL, NULL, NULL, NULL, NULL, NULL, NULL, NULL, NULL, NULL),
(52468, 50798, 'PRD1', 'PROFESSIONNALISATION DUREE DET. (NIVEAU INF. BAC PRO)', NULL, NULL, NULL, 'O', 'N', NULL, NULL, NULL, NULL, NULL, NULL, NULL, NULL, NULL, NULL, NULL, NULL, NULL, NULL, NULL, NULL, NULL, NULL, NULL, NULL, NULL, NULL, NULL, NULL, NULL, NULL, NULL, NULL, NULL, NULL, NULL, NULL, NULL),
(52469, 50798, 'PRD2', 'PROFESSIONNALISATION DUREE DET. (NIVEAU SUP. OU EGAL BAC PRO)', NULL, NULL, NULL, 'O', 'N', NULL, NULL, NULL, NULL, NULL, NULL, NULL, NULL, NULL, NULL, NULL, NULL, NULL, NULL, NULL, NULL, NULL, NULL, NULL, NULL, NULL, NULL, NULL, NULL, NULL, NULL, NULL, NULL, NULL, NULL, NULL, NULL, NULL),
(52470, 50798, 'PRI1', 'PROFESSIONNALISATION DUREE IND. (NIVEAU INF. BAC PRO)', NULL, NULL, NULL, 'O', 'N', NULL, NULL, NULL, NULL, NULL, NULL, NULL, NULL, NULL, NULL, NULL, NULL, NULL, NULL, NULL, NULL, NULL, NULL, NULL, NULL, NULL, NULL, NULL, NULL, NULL, NULL, NULL, NULL, NULL, NULL, NULL, NULL, NULL),
(52471, 50798, 'PRI2', 'PROFESSIONNALISATION DUREE IND. (NIVEAU SUP. OU EGAL BAC PRO)', NULL, NULL, NULL, 'O', 'N', NULL, NULL, NULL, NULL, NULL, NULL, NULL, NULL, NULL, NULL, NULL, NULL, NULL, NULL, NULL, NULL, NULL, NULL, NULL, NULL, NULL, NULL, NULL, NULL, NULL, NULL, NULL, NULL, NULL, NULL, NULL, NULL, NULL),
(52472, 50798, 'STA', 'STAGIAIRE', NULL, NULL, NULL, 'O', 'N', NULL, NULL, NULL, NULL, NULL, NULL, NULL, NULL, NULL, NULL, NULL, NULL, NULL, NULL, NULL, NULL, NULL, NULL, NULL, NULL, NULL, NULL, NULL, NULL, NULL, NULL, NULL, NULL, NULL, NULL, NULL, NULL, NULL),
(52473, 50798, 'STA2', 'Stagiaire de plus de 3 mois ??', NULL, NULL, NULL, 'O', 'N', NULL, NULL, NULL, NULL, NULL, NULL, NULL, NULL, NULL, NULL, NULL, NULL, NULL, NULL, NULL, NULL, NULL, NULL, NULL, NULL, NULL, NULL, NULL, NULL, NULL, NULL, NULL, NULL, NULL, NULL, NULL, NULL, NULL),
(52474, 50798, NULL, NULL, NULL, NULL, NULL, 'Non défini', 'Non défini', NULL, NULL, NULL, NULL, NULL, NULL, NULL, NULL, NULL, NULL, NULL, NULL, NULL, NULL, NULL, NULL, NULL, NULL, NULL, NULL, NULL, NULL, NULL, NULL, NULL, NULL, NULL, NULL, NULL, NULL, NULL, NULL, NULL);

-- --------------------------------------------------------

--
-- Structure de la table `QC1_REP_PRI_DEFINITION`
--

CREATE TABLE IF NOT EXISTS `QC1_REP_PRI_DEFINITION` (
  `CODE_INDICATOR` double default NULL,
  `CODE_PR_RULE` varchar(20) default NULL,
  `CODE_PR_ITEM` varchar(40) default NULL,
  `SIGN` double default NULL,
  `FLG_NUMBER` double default NULL,
  `FLG_RATE_EMPLOYEE` double default NULL,
  `FLG_RATE_EMPLOYER` double default NULL,
  `FLG_AMOUNT_EMPLOYEE` double default NULL,
  `FLG_AMOUNT_EMPLOYER` double default NULL
) ENGINE=InnoDB DEFAULT CHARSET=utf8;

--
-- Contenu de la table `QC1_REP_PRI_DEFINITION`
--

INSERT INTO `QC1_REP_PRI_DEFINITION` (`CODE_INDICATOR`, `CODE_PR_RULE`, `CODE_PR_ITEM`, `SIGN`, `FLG_NUMBER`, `FLG_RATE_EMPLOYEE`, `FLG_RATE_EMPLOYER`, `FLG_AMOUNT_EMPLOYEE`, `FLG_AMOUNT_EMPLOYER`) VALUES
(4, NULL, 'CFR_HEURES_COMPL', NULL, NULL, NULL, NULL, NULL, NULL),
(4, NULL, 'CFR_HEURES_COMPL_105', NULL, NULL, NULL, NULL, NULL, NULL),
(4, NULL, 'CFR_HEURES_COMPL_MAJO', NULL, NULL, NULL, NULL, NULL, NULL),
(4, NULL, 'CFR_HEURES_NUIT', NULL, NULL, NULL, NULL, NULL, NULL),
(7, NULL, 'SCO_NET', NULL, NULL, NULL, NULL, NULL, NULL),
(7, NULL, 'SCO_NET', NULL, NULL, NULL, NULL, NULL, NULL),
(7, 'META4', 'SCO_NET', NULL, NULL, NULL, NULL, NULL, NULL),
(7, NULL, 'SCO_NET', NULL, NULL, NULL, NULL, NULL, NULL),
(3, NULL, 'CFR_ABATT_20_ARTIST', NULL, NULL, NULL, NULL, NULL, NULL),
(3, NULL, 'SFR_BONUS_PAYED_BIYEARLY', NULL, NULL, NULL, NULL, NULL, NULL),
(6, NULL, 'SCO_NET', NULL, NULL, NULL, NULL, NULL, NULL),
(6, NULL, 'SCO_NET', NULL, NULL, NULL, NULL, NULL, NULL),
(6, NULL, 'SFR_BONUS_PAYED_YEARLY', NULL, NULL, NULL, NULL, NULL, NULL),
(6, 'META4', 'SFR_BONUS_PAYED_BIYEARLY', NULL, NULL, NULL, NULL, NULL, NULL),
(6, NULL, 'CFR_ABATT_20_ARTIST', NULL, NULL, NULL, NULL, NULL, NULL),
(1, 'META4', 'SFR_BONUS_PAYED_BIYEARLY', NULL, NULL, NULL, NULL, NULL, NULL),
(1, 'META4', 'SFR_BONUS_PAYED_BIYEARLY', NULL, NULL, NULL, NULL, NULL, NULL);

-- --------------------------------------------------------

--
-- Structure de la table `QC1_REP_PRI_INDICATOR`
--

CREATE TABLE IF NOT EXISTS `QC1_REP_PRI_INDICATOR` (
  `CODE_INDICATOR` int(11) NOT NULL auto_increment,
  `NAME_INDICATOR` varchar(50) default NULL,
  `DESC_INDICATOR` varchar(250) default NULL,
  `TARGET_FIELD` varchar(50) default NULL,
  `CODE_TYPE` varchar(20) default NULL,
  `DESC_TYPE` varchar(100) default NULL,
  `UDF_001` varchar(100) default NULL,
  `UDF_002` varchar(100) default NULL,
  `UDF_003` varchar(100) default NULL,
  `UDF_004` varchar(100) default NULL,
  `UDF_005` varchar(100) default NULL,
  `UDF_006` varchar(100) default NULL,
  `UDF_007` varchar(100) default NULL,
  `UDF_008` varchar(100) default NULL,
  `UDF_009` varchar(100) default NULL,
  `UDF_010` varchar(100) default NULL,
  `UDF_011` varchar(100) default NULL,
  `UDF_012` varchar(100) default NULL,
  `UDF_013` varchar(100) default NULL,
  `UDF_014` varchar(100) default NULL,
  `UDF_015` varchar(100) default NULL,
  `UDF_016` varchar(100) default NULL,
  `UDF_017` varchar(100) default NULL,
  `UDF_018` varchar(100) default NULL,
  `UDF_019` varchar(100) default NULL,
  `UDF_020` varchar(100) default NULL,
  UNIQUE KEY `CODE_INDICATOR` (`CODE_INDICATOR`)
) ENGINE=InnoDB  DEFAULT CHARSET=utf8 AUTO_INCREMENT=8 ;

--
-- Contenu de la table `QC1_REP_PRI_INDICATOR`
--

INSERT INTO `QC1_REP_PRI_INDICATOR` (`CODE_INDICATOR`, `NAME_INDICATOR`, `DESC_INDICATOR`, `TARGET_FIELD`, `CODE_TYPE`, `DESC_TYPE`, `UDF_001`, `UDF_002`, `UDF_003`, `UDF_004`, `UDF_005`, `UDF_006`, `UDF_007`, `UDF_008`, `UDF_009`, `UDF_010`, `UDF_011`, `UDF_012`, `UDF_013`, `UDF_014`, `UDF_015`, `UDF_016`, `UDF_017`, `UDF_018`, `UDF_019`, `UDF_020`) VALUES
(1, 'Nom AAA', 'Desc AAA', '2', 'Type', 'Libellé', NULL, NULL, NULL, NULL, NULL, NULL, NULL, NULL, NULL, NULL, NULL, NULL, NULL, NULL, NULL, NULL, NULL, NULL, NULL, NULL),
(3, 'BRUT', 'Eléments du brut', '2', 'MS', 'Masse salarialesss', NULL, NULL, NULL, NULL, NULL, NULL, NULL, NULL, NULL, NULL, NULL, NULL, NULL, NULL, NULL, NULL, NULL, NULL, NULL, NULL),
(4, 'HS', 'Heures supplémentaires', '2', 'ACT', 'Activité', NULL, NULL, NULL, NULL, NULL, NULL, NULL, NULL, NULL, NULL, NULL, NULL, NULL, NULL, NULL, NULL, NULL, NULL, NULL, NULL),
(5, 'HC', 'Heures compl', '1', 'ACT', 'Activités', NULL, NULL, NULL, NULL, NULL, NULL, NULL, NULL, NULL, NULL, NULL, NULL, NULL, NULL, NULL, NULL, NULL, NULL, NULL, NULL),
(6, 'COTPAT', 'Cotisations Pat PRO2', '2', 'MS', 'Masse salariale', NULL, NULL, NULL, NULL, NULL, NULL, NULL, NULL, NULL, NULL, NULL, NULL, NULL, NULL, NULL, NULL, NULL, NULL, NULL, NULL),
(7, 'NET', 'Net à payer', '2', 'MS', 'Masse salariale', NULL, NULL, NULL, NULL, NULL, NULL, NULL, NULL, NULL, NULL, NULL, NULL, NULL, NULL, NULL, NULL, NULL, NULL, NULL, NULL);

-- --------------------------------------------------------

--
-- Structure de la table `QC1_REP_PRI_PR_ITEM`
--

CREATE TABLE IF NOT EXISTS `QC1_REP_PRI_PR_ITEM` (
  `CODE_PR_RULE` varchar(20) default NULL,
  `CODE_PR_ITEM` varchar(40) default NULL,
  `NAME_PR_ITEM` varchar(100) default NULL
) ENGINE=InnoDB DEFAULT CHARSET=utf8;

--
-- Contenu de la table `QC1_REP_PRI_PR_ITEM`
--

INSERT INTO `QC1_REP_PRI_PR_ITEM` (`CODE_PR_RULE`, `CODE_PR_ITEM`, `NAME_PR_ITEM`) VALUES
(NULL, 'SFR_CHOM_TA', 'ASSEDIC tranche A'),
(NULL, 'CFR_CRDS_ALLOC_RECL', 'CRDS allocation de reclassement'),
(NULL, 'CFR_CRDS_CHOM_PART', 'CRDS sur chomage partiel'),
(NULL, 'CFR_CSG_CRDS_SUR_NET', 'CSG/CRDS sur Net'),
(NULL, 'CFR_CSG_CRDS_TEPA', 'CFR CSGsur TEPA deductible'),
(NULL, 'CFR_REMU_VAR_COL_DU', 'Rémunération variable collective DR'),
(NULL, 'CFR_REMU_VAR_INDIV', 'Rémunération variable individuelle'),
(NULL, 'CFR_RETENUE_SOURCE', 'Retenue à la source'),
(NULL, 'CFR_RET_ABSENCE_AT', 'Retenue pour absence AT'),
(NULL, 'CFR_PRIME_SERVEUR', 'Prime serveur'),
(NULL, 'CFR_PRIME_SNARR', 'Prime Annuelle Conventionnelle'),
(NULL, 'CFR_PRIME_SUISSE', 'Prime Suisse'),
(NULL, 'CFR_PRIME_TUTEUR', 'Prime tuteur'),
(NULL, 'CFR_PRIME_TVA', 'Prime TVA'),
(NULL, 'CFR_PRIME_VENTE', 'Prime de vente'),
(NULL, 'CFR_PRIME_VIE_CHERE', 'Prime vie chère'),
(NULL, 'CFR_PROV_CP', 'Provision de congés payés'),
(NULL, 'CFR_PROV_JFG', 'Montant provision JFG'),
(NULL, 'CFR_PRIME_LOC_PARIS', 'Prime locale PARIS'),
(NULL, 'CFR_PRIME_MISSION', 'Prime mission'),
(NULL, 'CFR_PRIME_MOBILITE', 'Prime mobilité'),
(NULL, 'CFR_PRIME_NAE', 'Prime NAE'),
(NULL, 'CFR_PRIME_NUIT', 'Prime de Nuit'),
(NULL, 'CFR_PRIME_OBJECTIF', 'Prime sur objectif'),
(NULL, 'CFR_PRIME_OUVERT', 'Prime d''ouverture'),
(NULL, 'CFR_PRIME_POSTE', 'Prime de Poste'),
(NULL, 'CFR_PRIME_PROBAT', 'Prime probatoire'),
(NULL, 'CFR_PRIME_REPAS_SOIR', 'Indemnité repas soir'),
(NULL, 'CFR_IND_ABS_CONGE_EM', 'Congé enfant malade (LPC)'),
(NULL, 'CFR_HEURES_SUP_125', 'Heures supplémentaires 125%'),
(NULL, 'CFR_HEURES_SUP_150', 'Heures supplémentaires 150%'),
(NULL, 'CFR_IND_ABS_PAR_MAL', 'Indemnisation congé parent malade'),
(NULL, 'CFR_IND_ABS_PNE', 'Indemnisation préavis non effectué'),
(NULL, 'CFR_IND_ABS_RC', 'Indemnisation repos compensateur'),
(NULL, 'CFR_IND_ABS_RC_REMP', 'Repos compensateur de remplacement'),
(NULL, 'CFR_IND_ABS_RN', 'Repos heures de nuit'),
(NULL, 'SFR_NOR_OVERTIME_R3', 'Heures supplémentaires 2'),
(NULL, 'SFR_NOR_OVERTIME_R4', 'Heures supplémentaires 3'),
(NULL, 'SFR_PROF_EXPEN', 'Remboursement de frais'),
(NULL, 'SFR_SAT_OVERTIME_R1', 'Indemnités de samedis'),
(NULL, 'SFR_SS_AT_COMP', 'Accident du travail'),
(NULL, 'CFR_REGUL_1600_H', 'Régularisation 1607 heures'),
(NULL, 'CFR_REGUL_COMPLEMENT', 'Regule du compl. emp. par <> IJSS'),
(NULL, 'CFR_REGUL_CP', 'Régularisation congés payés'),
(NULL, 'CFR_REGUL_CP_ANT', 'Régularisation manuelle CP antérieur'),
(NULL, 'CFR_REGUL_DELTA_NET', 'Régulariasation "delta" du net à payer'),
(NULL, 'CFR_REGUL_HEURES', 'Régularisation'),
(NULL, 'CFR_REGUL_INTER_PAYE', 'Régularisation interessement payé'),
(NULL, 'CFR_REMU_VAR', 'Rémunération variable'),
(NULL, 'CFR_REMU_VAR_COL_ADJ', 'Rémunération variable collective ADJ'),
(NULL, 'SFR_SS_FNAL_TA_COMP', 'FNAL plafonné'),
(NULL, 'SFR_SS_MAL_EXO_EMP', 'Séc. soc. maladie exonérée'),
(NULL, 'SFR_SS_MAL_NON_EXO', 'Séc. soc. Maladie'),
(NULL, 'CFR_ABATT_20_ARTIST', 'Abattement 20% artiste'),
(NULL, 'CFR_ABATT_25_ARTIST', 'Abattement 25% artiste'),
(NULL, 'CFR_ACHA_TICK_REP', 'Achat tickets repas'),
(NULL, 'CFR_ACOMPTE_VERSE', 'Acomptes versés'),
(NULL, 'CFR_ALLOCATION_DIF', 'Allocation DIF'),
(NULL, 'CFR_ALLOC_VETEMENT', 'Allocation vêtement'),
(NULL, 'CFR_ALLOC_VET_NET', 'Allocation vêtement'),
(NULL, 'CFR_ASS_TA_EXPAT', 'Assedic TA expatrié'),
(NULL, 'CFR_ASS_TB_EXPAT', 'Assedic TB expatrié'),
(NULL, 'CFR_SAISIE_6', 'Saisie arrêt 6'),
(NULL, 'CFR_SAISIE_7', 'Saisie arrêt 7'),
(NULL, 'CFR_SAISIE_8', 'Saisie arrêt 8'),
(NULL, 'CFR_SAISIE_9', 'Saisie arrêt 9'),
(NULL, 'CFR_SOLDE_CONGE_CONV', 'Solde des congés conventionnels'),
(NULL, 'SFR_SS_FNAL_COMPLEM', 'FNAL plafonné complémentaire'),
(NULL, 'SFR_TAX_PREV_COMP', 'Taxe patronale de prévoyance'),
(NULL, 'SFR_TICKET_REST', 'Tickets restaurant part salarial'),
(NULL, 'SFR_TICKET_REST_COMP', 'Tickets restaurant part patronale'),
(NULL, 'SFR_TRAINEES', 'Taxe d''apprentissage'),
(NULL, 'SFR_TRAINEES_CS', 'Contribution supplémentaire apprentissage'),
(NULL, 'CFR_PRIME_EFR', 'RV EFR'),
(NULL, 'CFR_PRIME_ENJEU', 'Prime enjeu'),
(NULL, 'CFR_PRIME_ESC', 'Prime ESC'),
(NULL, 'CFR_PRIME_EXCEPT', 'Prime exceptionnelle'),
(NULL, 'CFR_PRIME_EXPERT', 'Rémunération variable expert'),
(NULL, 'CFR_PRIME_FIN_ANNEE', 'Prime de fin d''année'),
(NULL, 'CFR_PRIME_FIXE', 'Prime fixe SA'),
(NULL, 'CFR_PRIME_FORMATION', 'Prime formation'),
(NULL, 'CFR_PRIME_FROID', 'Prime de froid'),
(NULL, 'CFR_PRIME_HAB', 'Prime habillage/deshabillage'),
(NULL, 'CFR_PRIME_INDIV', 'Prime individuelle'),
(NULL, 'CFR_RET_ABS_CP', 'Déduction congés payés'),
(NULL, 'CFR_RET_ABS_CP_CPC', 'Déduction congés payés conventionnels'),
(NULL, 'CFR_RET_ABS_CP_PEP', 'Déduction congés payés plan épargne'),
(NULL, 'CFR_HRS_FORM_VALO', 'Heures formation restaurant (compteur formation)'),
(NULL, 'CFR_HSUP_CONV_TEPA', 'Heures sup conventionnelles'),
(NULL, 'CFR_IMPOT_FRANC', 'Impôts français'),
(NULL, 'CFR_IND_ABS_CP_EXCEP', 'Congés payés exceptionnels acquis'),
(NULL, 'CFR_IND_ABS_CP_N', 'Congés payés légaux anticipés'),
(NULL, 'CFR_IND_ABS_CP_N1', 'Congés payés légaux acquis'),
(NULL, 'CFR_IND_ABS_CP_N2', 'Congés payés légaux antérieurs'),
(NULL, 'CFR_IND_ABS_CP_PEP', 'Congés payés plan épargne'),
(NULL, 'CFR_IND_ABS_CP_SUP', 'Congés payés supplémentaires acquis'),
(NULL, 'CFR_IND_ABS_EVE_FAM', 'Indemnisation évènement familial'),
(NULL, 'CFR_IND_ABS_MPP', 'Indemnisation mise à pied payée'),
(NULL, 'CFR_SOLDE_CONGE_SUPP', 'Solde des congés supplémentaires'),
(NULL, 'CFR_SOLDE_J_RTT', 'Solde des jours RTT'),
(NULL, 'CFR_SS_FNAL_TA_COMP', 'FNAL plafonné sur part exonérée'),
(NULL, 'CFR_SS_MAL_EST', 'ss maladie région Est'),
(NULL, 'CFR_SS_MAL_EXO_COMP', 'Part patronal SS Maladie exo'),
(NULL, 'CFR_MAJO_1ERMAI_3B', 'Majoration 1er Mai travaillé 3B'),
(NULL, 'CFR_INDEM_TRANSPORT', 'Indemnité de transport'),
(NULL, 'CFR_IND_ABSENCE_AT', 'Indemnisation pour absence accident du travail'),
(NULL, 'CFR_IND_ABSENCE_PAT', 'Indemnité pour absence pathologie'),
(NULL, 'CFR_IND_ABS_1_J_AT', 'Indemnisation 1er jour AT'),
(NULL, 'CFR_MAJO_1ER_JANVIER', 'Majoration 1er Janvier'),
(NULL, 'CFR_MAJO_ANNUEL_CONV', 'Majoration annuelle conventionnelle'),
(NULL, 'CFR_MAJO_DIMANCHE_25', 'Heures majoration Dimanche'),
(NULL, 'SFR_ASF_TB', 'ASSEDIC ASF tranche B'),
(NULL, 'SFR_BAN_OVERTIME_R1', 'Indemnités de jours feriés'),
(NULL, 'SFR_BASE_SALARY', 'SAL_BAS'),
(NULL, 'SFR_BEN_KIND', 'Avantages en nature autres'),
(NULL, 'SFR_BEN_KIND_L', 'Avantage en nature Logement'),
(NULL, 'SFR_BEN_KIND_N', 'Avantages en nature Nourriture'),
(NULL, 'SFR_BEN_KIND_V', 'Avantage en nature Voiture'),
(NULL, 'SFR_BONUS_DIRTY', 'Prime de salissure'),
(NULL, 'SFR_BONUS_PAIN', 'Prime de pénibilité'),
(NULL, 'CFR_RET_ABS_JFG', 'deduction repos jour férié Garanti'),
(NULL, 'CFR_IND_ABS_STAGE', 'Heures stage'),
(NULL, 'CFR_IND_MALADIE_PROF', 'Indemnité maladie professionnel'),
(NULL, 'CFR_INTERESSEMENT', 'Interessement'),
(NULL, 'CFR_JRS_NON_PRESTES', 'Jours non prestés'),
(NULL, 'CFR_MAJORATION_15', 'Majoration 15%'),
(NULL, 'CFR_MAJORATION_20', 'Majoration 20%'),
(NULL, 'CFR_MAJORATION_25', 'Majoration 25%'),
(NULL, 'CFR_MAJORATION_50', 'Majoration 50%'),
(NULL, 'CFR_RET_ABS_MAP_NP', 'Déduction mise à pied non payée'),
(NULL, 'SFR_TS_BAS2', 'Taux salarial provisoire/Tranche C'),
(NULL, 'SFR_TS_GROSS', 'Taux salarial provisoire/Brut'),
(NULL, 'SFR_WORKER_COUNCIL_1', 'Cotisation comité d''établissement 1'),
(NULL, 'SFR_WORKER_COUNCIL_2', 'Cotisation comité d''établissement 2'),
(NULL, 'CFR_INDEM_DEP_RET', 'Indemnité de départ en retraite'),
(NULL, 'CFR_INDEM_INTERRUPT', 'Indemnité d''interruption'),
(NULL, 'CFR_INDEM_JFG', 'indemnisation jour férié garanti dus'),
(NULL, 'CFR_PROV_PRECARITE', 'Provision précarité'),
(NULL, 'CFR_PROV_PRIME_SNARR', 'Provision prime SNARR'),
(NULL, 'CFR_PROV_PRIME_TVA', 'Provision  Prime TVA'),
(NULL, 'CFR_RECUPERATION', 'Récupération'),
(NULL, 'CFR_RECUP_ADVANCE', 'Récupération de l''avance sur paie négative'),
(NULL, 'CFR_RECUP_AVANCE_CP', 'Récupération avance sur CP'),
(NULL, 'CFR_RECUP_COMPLEMENT', 'Récupération avance SS'),
(NULL, 'CFR_AV_NAT_PNE', 'Avantage en nature préavis non effectué'),
(NULL, 'CFR_AV_NAT_PNE_PAYE', 'Avantage nature préavis non effectué payé'),
(NULL, 'CFR_AV_NAT_RC', 'Avantage nature repos compensateur'),
(NULL, 'CFR_AV_NAT_RCR', 'Avantage en nature repos compensateur remplacement'),
(NULL, 'CFR_AV_NAT_TICK_REP', 'Avantage nature tickets repas'),
(NULL, 'CFR_COMMISSION', 'Commission'),
(NULL, 'SFR_FNGS_COMP', 'ASSEDIC FNGS'),
(NULL, 'SFR_GROSS_MONTH', 'Salaire brut'),
(NULL, 'CFR_MUTUELLE', 'Mutuelle'),
(NULL, 'CFR_MUTUELLE_CONTRIB', 'Participation de l''employeur à la mutuelle'),
(NULL, 'CFR_NV_MUTUELLE_OBL', 'Cotisation frais de santé Isolée Base'),
(NULL, 'CFR_NV_MUTUELLE_OPT', 'Cotisation frais de santé Options'),
(NULL, 'CFR_PARTICIPATION', 'Participation'),
(NULL, 'CFR_PARTICIP_LOYER', 'Participation au loyer'),
(NULL, 'CFR_RET_ABS_STAGE', 'Déduction stage'),
(NULL, 'CFR_RET_CFE_EXPAT', 'Retraite CFE expatrié'),
(NULL, 'CFR_RVI_MONITEUR', 'RVI moniteur'),
(NULL, 'CFR_SAISIE_1', 'Saisie arrêt 1'),
(NULL, 'CFR_SAISIE_10', 'Saisie arrêt 10'),
(NULL, 'CFR_SAISIE_2', 'Saisie arrêt 2'),
(NULL, 'CFR_SAISIE_3', 'Saisie arrêt 3'),
(NULL, 'CFR_SAISIE_4', 'Saisie arrêt 4'),
('META4', 'SFR_BEN_KIND_N', 'Avantages en nature Nourriture'),
('META4', 'SFR_PROF_EXPEN', 'Remboursement de frais'),
(NULL, 'CFR_RET_ABS_CP_CPC', 'Déduction congés payés conventionnels'),
(NULL, 'CFR_RET_ABS_CP_PEP', 'Déduction congés payés plan épargne'),
(NULL, 'CFR_HRES_MAJO_25_TEPA', 'Heures majo 25 exonérées TEPA'),
(NULL, 'CFR_HRES_MAJO_50_TEPA', 'Heures majo 50 exonérées TEPA'),
(NULL, 'CFR_HRS_FORM_VALO', 'Heures formation restaurant (compteur formation)'),
(NULL, 'CFR_HRS_FORM_VISION_VALO', 'Heures formation VISION FLUNCH'),
(NULL, 'CFR_HSUP_CONV_TEPA', 'Heures sup conventionnelles'),
(NULL, 'CFR_IMPOT_FRANC', 'Impôts français'),
(NULL, 'CFR_IND_ABS_CP_EXCEP', 'Congés payés exceptionnels acquis'),
(NULL, 'CFR_IND_ABS_CP_EXCEP_N2', 'Congés payés exceptionnels antérieurs'),
(NULL, 'CFR_SS_MALADIE_FRONT_DET', 'Cotisation SS maladie pour frontaliers et détachés'),
(NULL, 'CFR_RET_ABS_CHOM_TOT', 'Déduction chômage total'),
(NULL, 'CFR_RET_ABS_CONGE_DIVERS', 'Déduction congé divers'),
(NULL, 'CFR_RET_ABS_CONGE_EM', 'Déduction enfant malade (LPC)'),
(NULL, 'CFR_RET_ABS_CONGE_ENF_MAL', 'Déduction congé enfant malade'),
(NULL, 'CFR_RET_ABS_CONGE_FORM', 'Déduction congé formation'),
(NULL, 'CFR_PRIME_INSTAL', 'Prime d''installation'),
(NULL, 'CFR_PRIME_INSTAL_NET', 'Prime d''installation (salarié expatrié)'),
(NULL, 'CFR_PRIME_JOUR_FERIE', 'Prime jour férié'),
(NULL, 'CFR_PRIME_LEADER_SALLE', 'Prime Leader Salle'),
(NULL, 'CFR_IND_ABSENCE_AT', 'Indemnisation pour absence accident du travail'),
(NULL, 'CFR_IND_ABSENCE_MALADIE', 'Indemnité pour absence maladie'),
(NULL, 'CFR_IND_ABSENCE_MATERNITE', 'Indemnités pour absence maternité'),
(NULL, 'CFR_IND_ABSENCE_PAT', 'Indemnité pour absence pathologie'),
(NULL, 'CFR_IND_ABS_1_J_AT', 'Indemnisation 1er jour AT'),
(NULL, 'CFR_MAJO_1ER_JANVIER', 'Majoration 1er Janvier'),
(NULL, 'CFR_MAJO_ANNUEL_CONV', 'Majoration annuelle conventionnelle'),
(NULL, 'CFR_MAJO_DIMANCHE_25', 'Heures majoration Dimanche'),
(NULL, 'SFR_ASF_TB', 'ASSEDIC ASF tranche B'),
(NULL, 'SFR_BAN_OVERTIME_R1', 'Indemnités de jours feriés'),
(NULL, 'SFR_BAN_REG_OVERTIME_R1', 'Régularisation indemnités de jours fériés'),
(NULL, 'SFR_BASE_SALARY', 'SAL_BAS'),
(NULL, 'SFR_BEN_KIND', 'Avantages en nature autres'),
(NULL, 'SFR_BEN_KIND_L', 'Avantage en nature Logement'),
(NULL, 'SFR_BEN_KIND_N', 'Avantages en nature Nourriture'),
(NULL, 'SFR_BEN_KIND_V', 'Avantage en nature Voiture'),
(NULL, 'SFR_BONUS_DIRTY', 'Prime de salissure'),
(NULL, 'SFR_BONUS_PAIN', 'Prime de pénibilité'),
(NULL, 'SFR_BONUS_PAYED_BIYEARLY', NULL),
(NULL, 'SFR_BONUS_PAYED_YEARLY', NULL),
(NULL, 'CFR_RET_ABS_HOSPITALISATI', 'Déduction hospitalisation'),
(NULL, 'CFR_RET_ABS_INAPT_PHYS', 'Déduction inaptitude physique payée'),
(NULL, 'CFR_RET_ABS_INAPT_PHYS_NP', 'Déduction inaptitude physique'),
(NULL, 'CFR_RET_ABS_INDEM_J_FERIE', 'Déduction indemnité jour férié'),
(NULL, 'CFR_RET_ABS_JFG', 'deduction repos jour férié Garanti'),
(NULL, 'CFR_RET_ABS_JOUR_CITOYEN', 'Déduction journée citoyenneté'),
(NULL, 'CFR_IND_ABS_STAGE', 'Heures stage'),
(NULL, 'CFR_IND_ACCIDENT_TRAJET', 'Indemnité accident trajet'),
(NULL, 'CFR_IND_JF_JOUR_SOLIDAR', 'Paiement jour férié du 25-12-05 au 25-12-05'),
(NULL, 'CFR_IND_MALADIE_PROF', 'Indemnité maladie professionnel'),
(NULL, 'CFR_INTERESSEMENT', 'Interessement'),
(NULL, 'CFR_INTERESSEMENT_EXCEPT', 'Intéressement exceptionnel'),
(NULL, 'CFR_INTER_B_PAYE_COMPTA', 'Interessem. brut payé (pour compta)'),
(NULL, 'CFR_INTER_B_PLACE_COMPTA', 'Interessem. brut placé (pour compta)'),
(NULL, 'CFR_INTER_N_PAYE_COMPTA', 'Interessem. net payé (pour compta)'),
(NULL, 'CFR_INTER_N_PLACE_COMPTA', 'Interessem. net placé (pour compta)'),
(NULL, 'CFR_JOURNEE_SOLIDARITE', 'Journée de solidarité'),
(NULL, 'CFR_AT_EXPAT', 'Accident de travail expatrié'),
(NULL, 'CFR_AVANCE_CP', 'Avance CP'),
(NULL, 'CFR_AVANCE_FRAIS', 'Avance sur Frais'),
(NULL, 'CFR_AVANCE_GRATIFICATION', 'Avance sur gratification'),
(NULL, 'CFR_AVANCE_IJSS', 'Avance IJSS'),
(NULL, 'CFR_AVANCE_IJSS_AT', 'Avance IJSS AT'),
(NULL, 'CFR_AVANTAGE_NATURE', 'Avantages en nature repas'),
(NULL, 'CFR_AVNAT_CONS_VEHICULE', 'Avantage en nature véhicule'),
(NULL, 'CFR_AVNAT_VEHICULE', 'Avantage en nature Véhicule'),
(NULL, 'CFR_AV_NAT_1_J_AT', 'Avantage nature 1er jour AT'),
(NULL, 'CFR_AV_NAT_CHOM_TECH', 'Avantage nature chomage partiel'),
(NULL, 'SFR_SS_VIEILL_GROSS_COMP', 'Séc. soc. vieillesse patronale'),
(NULL, 'SFR_SS_VIEILL_TA_EXO_EMP', 'Séc. soc. vieillesse plafonnée exonérée'),
(NULL, 'SFR_SS_VIEILL_TA_NON_EXO', 'Séc. soc. vieillesse plafonnée'),
(NULL, 'SFR_SUN_OVERTIME_R1', 'Indemnités de dimanches'),
(NULL, 'SFR_SUN_REG_OVERTIME_R1', 'Régularisation indemnités de dimanches'),
(NULL, 'CFR_MEDAIL_TRAVAIL_40ANS', 'Gratification médaille du travail 40 ans'),
(NULL, 'CFR_MEDECINE_TRAV', 'Médecine du travail'),
(NULL, 'CFR_MNT_CARTE_ORANGE', 'Montant carte orange'),
(NULL, 'CFR_HEURES_COMPL_105', 'Heures complémentaires 105%'),
(NULL, 'CFR_CPLT_MALADIE', 'Complément maladie'),
(NULL, 'CFR_CPLT_MALADIE_PROF', 'Complément maladie professionnelle'),
(NULL, 'CFR_CPLT_MATERNITE', 'Complément maternité'),
(NULL, 'SFR_ANCIENNETE', 'Prime d''ancienneté'),
(NULL, 'SFR_ASF_TA', 'ASSEDIC ASF tranche A'),
(NULL, 'SFR_BONUS_PROD', 'Prime de productivité'),
(NULL, 'SFR_BONUS_RESP', 'Prime de responsabilité'),
(NULL, 'SFR_BONUS_RISK', 'Prime de risque'),
(NULL, 'SFR_BONUS_STAND', 'Prime dastreinte'),
(NULL, 'SFR_BONUS_TRANS', 'Prime de déplacement'),
(NULL, 'SFR_BP_DIV_GROSS', 'Divers rappel sur brut'),
(NULL, 'SFR_BP_DIV_NET', 'Divers rappel sur net'),
(NULL, 'SFR_CHOM_TA', 'ASSEDIC tranche A'),
(NULL, 'CFR_REGUL_DELTA_IMPOSABLE', 'Régularisation "delta" sur imposable'),
(NULL, 'CFR_REGUL_DELTA_NET', 'Régulariasation "delta" du net à payer'),
(NULL, 'CFR_REGUL_HEURES', 'Régularisation'),
(NULL, 'CFR_REGUL_INTER_PAYE', 'Régularisation interessement payé'),
(NULL, 'CFR_REGUL_INTER_PLACE', 'regularisation Interessement'),
(NULL, 'CFR_REMU_VAR', 'Rémunération variable'),
(NULL, 'CFR_REMU_VARIABLE_IND_SOL', 'Rémunération variable collective'),
(NULL, 'CFR_REMU_VAR_COL_ADJ', 'Rémunération variable collective ADJ'),
(NULL, 'SFR_SS_FNAL_TA_COMP', 'FNAL plafonné'),
(NULL, 'SFR_SS_MAL_EXO_EMP', 'Séc. soc. maladie exonérée'),
(NULL, 'SFR_SS_MAL_NON_EXO', 'Séc. soc. Maladie'),
(NULL, 'CFR_PRIME_SUISSE', 'Prime Suisse'),
(NULL, 'CFR_PRIME_TUTEUR', 'Prime tuteur'),
(NULL, 'CFR_PRIME_TVA', 'Prime TVA'),
(NULL, 'CFR_PRIME_VENTE', 'Prime de vente'),
(NULL, 'CFR_PRIME_VIE_CHERE', 'Prime vie chère'),
(NULL, 'CFR_PROV_CP', 'Provision de congés payés'),
(NULL, 'CFR_PROV_GRATIFICATION', 'Provision gratification'),
(NULL, 'CFR_PROV_JFG', 'Montant provision JFG'),
(NULL, 'CFR_PROV_MAJO_ANNU_CONV', 'Provision majoration annuelle conv.'),
(NULL, 'CFR_PROV_PRECARITE', 'Provision précarité'),
(NULL, 'CFR_PROV_PRIME_J_FERIE', 'Provision prime jour férié'),
(NULL, 'CFR_PROV_PRIME_SNARR', 'Provision prime SNARR'),
(NULL, 'CFR_PROV_PRIME_TVA', 'Provision  Prime TVA'),
(NULL, 'CFR_QUOT_PAR_LOC_VEHI', 'Quote part location véhicule'),
(NULL, 'CFR_RECUPERATION', 'Récupération'),
(NULL, 'CFR_RECUP_ADVANCE', 'Récupération de l''avance sur paie négative'),
(NULL, 'CFR_RECUP_AVANCE_CP', 'Récupération avance sur CP'),
(NULL, 'CFR_RECUP_AVANCE_FRAIS', 'Récupération avance sur frais'),
(NULL, 'CFR_RECUP_AVANCE_IJSS_AT', 'Récupération avance sur IJSS_AT'),
(NULL, 'CFR_RECUP_COMPLEMENT', 'Récupération avance SS'),
(NULL, 'CFR_AV_NAT_PNE', 'Avantage en nature préavis non effectué'),
(NULL, 'CFR_AV_NAT_PNE_PAYE', 'Avantage nature préavis non effectué payé'),
(NULL, 'CFR_AV_NAT_RC', 'Avantage nature repos compensateur'),
(NULL, 'CFR_AV_NAT_RCR', 'Avantage en nature repos compensateur remplacement'),
(NULL, 'CFR_AV_NAT_REP_EV_FAM', 'Avantage nature repos évènement familial'),
(NULL, 'CFR_AV_NAT_TICK_REP', 'Avantage nature tickets repas'),
(NULL, 'CFR_AV_NAT_TICK_REP_NET', 'Contrepartie av. nat. tickets repas'),
(NULL, 'CFR_BONUS_EXCEPTIONNEL', 'Bonus exceptionnel'),
(NULL, 'CFR_CAISSE_CONGE_SPECT', 'Caisse de congés spectacle (patronal)'),
(NULL, 'CFR_COMITE_ENTRAIDE_FAM', 'Comité d''entraide familiale'),
(NULL, 'CFR_COMMISSION', 'Commission'),
(NULL, 'CFR_COMPLEMENT_PREV_BRUT', 'IJ prévoyance brut'),
(NULL, 'CFR_COMPLEMENT_PREV_NET', 'IJ prévoyance Net'),
(NULL, 'CFR_COMPLEMENT_SERVICE', 'Complément Employeur'),
(NULL, 'CFR_CONTR_IND_MIS_EN_RETR', 'Contribution indemnité de mise a la retraite'),
(NULL, 'CFR_RET_ABS_STAGE', 'Déduction stage'),
(NULL, 'CFR_RET_CFE_EXPAT', 'Retraite CFE expatrié'),
(NULL, 'CFR_RVI_MONITEUR', 'RVI moniteur'),
(NULL, 'CFR_SAISIE_1', 'Saisie arrêt 1'),
(NULL, 'CFR_SAISIE_10', 'Saisie arrêt 10'),
(NULL, 'CFR_SAISIE_2', 'Saisie arrêt 2'),
(NULL, 'CFR_SAISIE_3', 'Saisie arrêt 3'),
(NULL, 'CFR_SAISIE_4', 'Saisie arrêt 4'),
(NULL, 'CFR_SAISIE_5', 'Saisie arrêt 5'),
(NULL, 'CFR_RECUP_TROP_PERCU', 'Récupération d''un trop perçu'),
(NULL, 'CFR_RED_TEPA_COMP', 'Reduction Patronal TEPA'),
(NULL, 'CFR_RED_TEPA_EMP', 'Reduction TEPA  employé'),
(NULL, 'CFR_PRIME_DIFFICULT_VIE', 'Prime de difficulté de vie'),
(NULL, 'CFR_PRIME_DIFF_VIE_NET', 'Prime de difficulté de vie (salarié expatrié)'),
(NULL, 'CFR_SS_MAL_EST', 'ss maladie région Est'),
(NULL, 'CFR_SS_MAL_EXO_COMP', 'Part patronal SS Maladie exo'),
(NULL, 'CFR_SS_SOC_SUP_ALSACE', 'Sec soc Suppl. Alsace Moselle'),
(NULL, 'CFR_MAJORATION_J_FERIE', 'Majoration jour férié'),
(NULL, 'CFR_FORFAIT_SOCIAL_COMP', 'Forfait Social'),
(NULL, 'CFR_FRAIS_EXCEPTIONNELS', 'Frais exceptionnels'),
(NULL, 'CFR_FRAIS_PROFESSIONNEL', 'Frais professionnel'),
(NULL, 'CFR_FRAIS_PROF_TELEPHONE', 'Frais professionnel de téléphone'),
(NULL, 'CFR_GAR_ANNUEL', 'Garantie annuelle'),
(NULL, 'CFR_GAR_ANNUEL_PRIM_PROG', 'Garantie de rémunération (prime de progrès)'),
(NULL, 'CFR_GAR_ANNUEL_SAL', 'Garantie annuelle (salaire)'),
(NULL, 'CFR_GAR_CHOM_PART', 'Garanti chomage partiel'),
(NULL, 'CFR_GAR_CHOM_TOTAL', 'Garanti chomage total'),
(NULL, 'CFR_GRATIF', 'Gratification'),
(NULL, 'CFR_GRATIF_LPC', 'Gratification LPC'),
(NULL, 'CFR_HEURES_ACCUEIL', 'Nombres d''heures accueil'),
(NULL, 'CFR_HEURES_AUTRES', 'Heures Autres'),
(NULL, 'CFR_HEURES_BAR', 'Heures BAR'),
(NULL, 'SFR_REINT_PART_COMP_TICK', 'Reintégration avantage nature sur tickets rest.'),
(NULL, 'SFR_SAT_OVERTIME_R1', 'Indemnités de samedis'),
(NULL, 'SFR_SAT_REG_OVERTIME_R1', 'Régularisation indemnités de samedis'),
(NULL, 'SFR_SS_AT_COMP', 'Accident du travail'),
(NULL, 'CFR_REGUL_1600_H', 'Régularisation 1607 heures'),
(NULL, 'CFR_REGUL_CHARGES_SAL', 'Regularisation Charges Salariales'),
(NULL, 'CFR_REGUL_COMPLEMENT', 'Regule du compl. emp. par <> IJSS'),
(NULL, 'CFR_REGUL_COTIS_PAT_PRP', 'Régularisation cotisation vieillesse part patronal'),
(NULL, 'CFR_REGUL_COTIS_SAL_PRP', 'Régul cotisation vieillesse part salariale'),
(NULL, 'CFR_INDEM_COMPENS_MUTUEL', 'Indemnité compensatrice mutuelle'),
(NULL, 'CFR_INDEM_CP_CONV', 'Paiement repos compensation'),
(NULL, 'CFR_INDEM_CP_HAB', 'Indemnité CP habillage'),
(NULL, 'CFR_INDEM_DELAI_PREV', 'Indemnité compensatrice délai de prévenance'),
(NULL, 'CFR_AV_NAT_CONGE_PAR_MAL', 'Avantage nature congé parent malade'),
(NULL, 'CFR_AV_NAT_CONS', 'Avantage en nature consommé'),
(NULL, 'CFR_AV_NAT_ENF_MAL', 'Avantage nature enfant malade'),
(NULL, 'CFR_AV_NAT_FORM_MILIT', 'Avantage nature formation militaire'),
(NULL, 'CFR_INDEM_NOURRITURE', 'Indemnité de nourriture'),
(NULL, 'CFR_INDEM_PROV_INSTALL', 'Indemnisation provisoire d installation'),
(NULL, 'CFR_INDEM_RC', 'Indemnisation repos compensateur'),
(NULL, 'CFR_INDEM_RCR', 'Indemnité repos compensateur remplacement'),
(NULL, 'CFR_INDEM_REGION_NICOISE', 'Indemnité région niçoise'),
(NULL, 'CFR_INDEM_REPOS_JFG', 'repos jour férié garanti'),
(NULL, 'CFR_INDEM_RETRAITE', 'Indemnité de mise à la retraite'),
(NULL, 'CFR_INDEM_RETR_SOUM_RDS', 'indemnité de mise en retraite soumise csg/rds'),
(NULL, 'CFR_INDEM_RUPT_CONTR', 'Indemnité spécifique de rupture conventionnelle'),
(NULL, 'CFR_INDEM_RUPT_CONTR_SOUM', 'indemnité spécifique de rupture soumise a CSG/RDS'),
(NULL, 'CFR_INDEM_STAGE', 'Indemnité de stage'),
(NULL, 'CFR_RET_ABSENCE_MALADIE', 'Retenue absence maladie'),
(NULL, 'CFR_RET_ABSENCE_MAT', 'Retenue pour absence maternité'),
(NULL, 'CFR_RET_ABSENCE_PAT', 'Retenue absence paternité'),
(NULL, 'CFR_RET_ABS_1_J_AT', 'Déduction 1er jour AT'),
(NULL, 'CFR_RET_ABS_ACC_TRAJ', 'Déduction Accident de trajet'),
(NULL, 'CFR_RET_ABS_AGA', 'Déduction absence autorisée pandémie'),
(NULL, 'CFR_RET_ABS_AUTORISEE', 'Déduction absence autorisée'),
(NULL, 'CFR_RET_ABS_CAC', 'Retenue congé d''accompagnement'),
(NULL, 'CFR_RET_ABS_CCR', 'Déduction congé création d''entreprise'),
(NULL, 'CFR_RET_ABS_CHOM_PART', 'Déduction chômage partiel'),
(NULL, 'CFR_RET_ABS_CHOM_TOT', 'Déduction chômage total'),
(NULL, 'CFR_RET_ABS_CONGE_DIVERS', 'Déduction congé divers'),
(NULL, 'CFR_RET_ABS_CONGE_EM', 'Déduction enfant malade (LPC)'),
(NULL, 'CFR_RET_ABS_CONGE_ENF_MAL', 'Déduction congé enfant malade'),
(NULL, 'CFR_RET_ABS_CONGE_FORM', 'Déduction congé formation'),
(NULL, 'CFR_PRIME_INSTAL', 'Prime d''installation'),
(NULL, 'CFR_PRIME_INSTAL_NET', 'Prime d''installation (salarié expatrié)'),
(NULL, 'CFR_PRIME_JOUR_FERIE', 'Prime jour férié'),
(NULL, 'CFR_PRIME_LEADER_SALLE', 'Prime Leader Salle'),
(NULL, 'CFR_ABATT_20_ARTIST', 'Abattement 20% artiste'),
(NULL, 'CFR_ABATT_20_ARTIST_NET', 'Abattement 20% net'),
(NULL, 'CFR_ABATT_25_ARTIST', 'Abattement 25% artiste'),
(NULL, 'CFR_ABATT_25_ARTIST_NET', 'Abattement 25%'),
(NULL, 'CFR_ACC_TRAD_SOUM_RDS', 'Accord transactionnel soumis RDS'),
(NULL, 'CFR_ACC_TRANS_NON_SOUMIS', 'accord transactionnel non soumis'),
(NULL, 'CFR_ACHA_TICK_REP', 'Achat tickets repas'),
(NULL, 'CFR_ACOMPTE_STC_VERSE', 'Acompte STC versé'),
(NULL, 'CFR_ACOMPTE_VERSE', 'Acomptes versés'),
(NULL, 'CFR_ALLOCATION_DIF', 'Allocation DIF'),
(NULL, 'CFR_ALLOC_RECLASSEMENT', 'Allocation de reclassement'),
(NULL, 'CFR_ALLOC_VETEMENT', 'Allocation vêtement'),
(NULL, 'CFR_ALLOC_VET_NET', 'Allocation vêtement'),
(NULL, 'CFR_ASS_TA_EXPAT', 'Assedic TA expatrié'),
(NULL, 'CFR_ASS_TB_EXPAT', 'Assedic TB expatrié'),
(NULL, 'CFR_SAISIE_6', 'Saisie arrêt 6'),
(NULL, 'CFR_SAISIE_7', 'Saisie arrêt 7'),
(NULL, 'CFR_SAISIE_8', 'Saisie arrêt 8'),
(NULL, 'CFR_SAISIE_9', 'Saisie arrêt 9'),
(NULL, 'CFR_SALAIRE_SERVICE_REPAR', 'Service reparti'),
(NULL, 'CFR_SOLDE_CONGE_CONV', 'Solde des congés conventionnels'),
(NULL, 'SFR_SS_FAM_ALLOW_COMP', 'Allocations familiales'),
(NULL, 'SFR_SS_FAM_ALL_EXO_COMP', 'Allocations familiales 0%'),
(NULL, 'SFR_SS_FAM_ALL_RED_COMP', 'Allocations familiales 2.7%'),
(NULL, 'SFR_SS_FNAL_COMPLEM', 'FNAL plafonné complémentaire'),
(NULL, 'SFR_SS_FNAL_GROSS_COMP', 'FNAL totalité'),
(NULL, 'SFR_TAX_PREV_COMP', 'Taxe patronale de prévoyance'),
(NULL, 'SFR_TAX_TRANSPORT_COMP', 'Versement transport'),
(NULL, 'SFR_TICKET_REST', 'Tickets restaurant part salarial'),
(NULL, 'SFR_TICKET_REST_COMP', 'Tickets restaurant part patronale'),
(NULL, 'SFR_TRAINEES', 'Taxe d''apprentissage'),
(NULL, 'SFR_TRAINEES_CS', 'Contribution supplémentaire apprentissage'),
(NULL, 'CFR_CSG_N_DED_REGUL_PAYE', 'CSG non déductible regualrisation interess. payé'),
(NULL, 'CFR_HEURES_SOLIDARITE', 'Heures solidarité'),
(NULL, 'CFR_HEURES_SUPERVISION', 'Heures Supervision'),
(NULL, 'CFR_HEURES_SUP_110', 'Heures supplémentaires 110%'),
(NULL, 'CFR_HEURES_SUP_115', 'Heures supplémentaires 115%'),
(NULL, 'CFR_HEURES_SUP_120', 'Heures supplémentaires 120%'),
(NULL, 'CFR_DED_JF_JOUR_SOLIDAR', 'Abs. jour férié du 25-12-05 au 25-12-05'),
(NULL, 'CFR_DIFF_BIENS_SERVICES', 'Différentiel de biens et services'),
(NULL, 'CFR_DIFF_BIENS_SERVICE_NE', 'Differentiel de biens et services'),
(NULL, 'CFR_DIFF_CHANGE', 'Différentiel de change'),
(NULL, 'CFR_DIFF_DETACHEMENT', 'Différentiel de détachement à l''étranger'),
(NULL, 'CFR_DIFF_DETACHEMENT_NET', 'Contrepartie différentiel détachement à l''étranger'),
(NULL, 'CFR_EQUI_CHARGE_SOCIALE', 'Equivalent charges sociales'),
(NULL, 'CFR_EXO_AV_NAT_PATRONAL', 'Exonération avantage nature'),
(NULL, 'CFR_EXO_CONTRAT_JEUNE', 'Exonération contrat jeune'),
(NULL, 'CFR_FNGS_EXPAT', 'FNGS expatrié'),
(NULL, 'CFR_FORFAIT_SOCIAL_AUTRE', 'Forfait Social interessement/participation'),
(NULL, 'CFR_FORFAIT_SOCIAL_COMP', 'Forfait Social'),
(NULL, 'CFR_FRAIS_EXCEPTIONNELS', 'Frais exceptionnels'),
(NULL, 'CFR_FRAIS_PROFESSIONNEL', 'Frais professionnel'),
(NULL, 'CFR_FRAIS_PROF_TELEPHONE', 'Frais professionnel de téléphone'),
(NULL, 'CFR_GAR_ANNUEL', 'Garantie annuelle'),
(NULL, 'CFR_GAR_ANNUEL_PRIM_PROG', 'Garantie de rémunération (prime de progrès)'),
(NULL, 'CFR_GAR_ANNUEL_SAL', 'Garantie annuelle (salaire)'),
(NULL, 'CFR_GAR_CHOM_PART', 'Garanti chomage partiel'),
(NULL, 'CFR_GAR_CHOM_TOTAL', 'Garanti chomage total'),
(NULL, 'CFR_GRATIF', 'Gratification'),
(NULL, 'CFR_GRATIF_LPC', 'Gratification LPC'),
(NULL, 'CFR_HEURES_ACCUEIL', 'Nombres d''heures accueil'),
(NULL, 'CFR_HEURES_AUTRES', 'Heures Autres'),
(NULL, 'CFR_HEURES_BAR', 'Heures BAR'),
(NULL, 'CFR_HEURES_COMPL', 'Heures complémentaires'),
(NULL, 'CFR_RET_ABS_CP_SUP', 'Déduction congés payés supplémentaires'),
(NULL, 'CFR_RET_ABS_ENF_MAL_NREMU', 'Congé enfant malade non rémunéré'),
(NULL, 'CFR_RET_ABS_EVE_FAM', 'Déduction évènement familial'),
(NULL, 'CFR_RET_ABS_FORM_AUTRES', 'Déduction formation autres'),
(NULL, 'CFR_RET_ABS_FORM_MILIT', 'Déduction formation militaire'),
(NULL, 'CFR_RET_ABS_GREVE', 'Déduction grêve'),
(NULL, 'CFR_COTISATION_CIL', 'Cotisation CIL'),
(NULL, 'CFR_CPLT_ACCIDENT_TRAJET', 'Complément accident de trajet'),
(NULL, 'CFR_CPLT_ACCIDENT_TRAVAIL', 'Complément accident de travail'),
(NULL, 'CFR_CPLT_CARENCE_HOSP', 'Complément employeur hospitalisation'),
(NULL, 'CFR_CPLT_CARENCE_SS', 'Complément alsace-moselle'),
(NULL, 'CFR_CPLT_DIFF_RTT', 'Complément différentiel RTT'),
(NULL, 'CFR_HRES_MAJO_10', 'Majoration 10%'),
(NULL, 'CFR_HRES_MAJO_10_TEPA', 'Heures majo 10 exonérées TEPA'),
(NULL, 'CFR_HRES_MAJO_20_TEPA', 'Heures majo 20 exonérées TEPA'),
(NULL, 'CFR_AT_EXPAT', 'Accident de travail expatrié'),
(NULL, 'CFR_AVANCE_CP', 'Avance CP'),
(NULL, 'CFR_AVANCE_FRAIS', 'Avance sur Frais'),
(NULL, 'CFR_AVANCE_GRATIFICATION', 'Avance sur gratification'),
(NULL, 'CFR_AVANCE_IJSS', 'Avance IJSS'),
(NULL, 'CFR_AVANCE_IJSS_AT', 'Avance IJSS AT'),
(NULL, 'CFR_AVANTAGE_NATURE', 'Avantages en nature repas'),
(NULL, 'CFR_AVNAT_CONS_VEHICULE', 'Avantage en nature véhicule'),
(NULL, 'CFR_AVNAT_VEHICULE', 'Avantage en nature Véhicule'),
(NULL, 'CFR_AV_NAT_1_J_AT', 'Avantage nature 1er jour AT'),
(NULL, 'CFR_AV_NAT_CHOM_TECH', 'Avantage nature chomage partiel'),
(NULL, 'CFR_PRIME_EFR', 'RV EFR'),
(NULL, 'CFR_PRIME_ENJEU', 'Prime enjeu'),
(NULL, 'CFR_PRIME_ESC', 'Prime ESC'),
(NULL, 'CFR_PRIME_EXCEPT', 'Prime exceptionnelle'),
(NULL, 'CFR_PRIME_EXCEPT_NON_CP', 'Prime exceptionnelle non CP'),
(NULL, 'CFR_PRIME_EXCEPT_REMPL_P', 'Prime exceptionnelle remplacement partiel'),
(NULL, 'CFR_PRIME_EXPERT', 'Rémunération variable expert'),
(NULL, 'CFR_PRIME_FIN_ANNEE', 'Prime de fin d''année'),
(NULL, 'CFR_PRIME_FIXE', 'Prime fixe SA'),
(NULL, 'CFR_PRIME_FORMATION', 'Prime formation'),
(NULL, 'CFR_PRIME_FROID', 'Prime de froid'),
(NULL, 'CFR_PRIME_HAB', 'Prime habillage/deshabillage'),
(NULL, 'CFR_PRIME_INDIV', 'Prime individuelle'),
(NULL, 'CFR_RET_ABS_CONGE_S_SOLDE', 'Déduction congé sans solde'),
(NULL, 'CFR_RET_ABS_CP', 'Déduction congés payés'),
('META4', 'CFR_IND_ABS_CP_SUP', 'Congés payés supplémentaires acquis'),
(NULL, 'CFR_REGUL_CP', 'Régularisation congés payés'),
(NULL, 'CFR_REGUL_CP_ANT', 'Régularisation manuelle CP antérieur'),
(NULL, 'CFR_INDEM_J_FERIE', 'Indemnisation jour férié solde du'),
(NULL, 'CFR_INDEM_LICENCIE', 'Indemnité de licenciement'),
(NULL, 'CFR_INDEM_LIC_CSG_CRDS', 'Indemnité de licenciement soumise CSG/CRDS'),
(NULL, 'CFR_SURPRIME_INTERS_BRUT', 'Surprime Interessement Brute'),
(NULL, 'CFR_TRANSF_FRONT', 'Transfert frontalier'),
(NULL, 'CFR_VARIABLE_MS', 'Variable MS'),
(NULL, 'CFR_VIP_MALADIE_EXPAT', 'VIP maladie expatrié'),
(NULL, 'CFR_VIP_MAL_EXPAT_HF', 'vip maladie expat hors forfait'),
(NULL, 'SCO_LOAN_PAY_OFF', 'Retenue prêt'),
(NULL, 'SCO_NET', 'Net à payer'),
(NULL, 'SFR_ADVANCE', 'Avance sur paie négative'),
(NULL, 'SFR_ADVANCE_PREV', 'Remboursement avance paie négative'),
(NULL, 'SFR_AGFF_TA', 'AGFF Tranche A'),
(NULL, 'SFR_AGFF_TB', 'AGFF Tranche B'),
(NULL, 'SFR_ALL_LAY_OFF', 'Indemnité de licenciement'),
(NULL, 'SFR_TRAINING', 'Taxe formation'),
(NULL, 'SFR_TS_BAS1', 'Taux salarial provisoire/Intermediare'),
(NULL, 'CFR_IND_ABS_CONGE_NAISS', 'Indemnisation congé naissanc'),
(NULL, 'CFR_IND_ABS_CP_ANC_N1', 'Congés payés ancienneté acquis'),
(NULL, 'CFR_IND_ABS_CP_ANC_N2', 'Congés payés ancienneté antérieurs'),
(NULL, 'CFR_IND_ABS_CP_CONV_N1', 'Congés payés conventionnels acquis'),
(NULL, 'CFR_CPLT_PRIME_VIE_CHERE', 'Complément prime vie chère'),
(NULL, 'CFR_CRDS_ALLOC_RECL', 'CRDS allocation de reclassement'),
(NULL, 'CFR_CRDS_CHOM_PART', 'CRDS sur chomage partiel'),
(NULL, 'CFR_CRDS_REGUL_INTER_PAYE', 'CRDS Regulariqation interessement payé'),
(NULL, 'CFR_CRDS_REGUL_INTER_PLAC', 'CRDS sur régul interessement placé'),
(NULL, 'CFR_CSG_CRDS_INTERESSEMEN', 'CSG/CRDS interessement'),
(NULL, 'CFR_CSG_CRDS_INTER_EXCEPT', 'CSG/CRDS intéressement exceptionnel'),
(NULL, 'CFR_CSG_CRDS_PARTICIPATIO', 'CFR_CSG_CRDS_PARTICIPATIO'),
(NULL, 'CFR_CSG_CRDS_SUR_NET', 'CSG/CRDS sur Net'),
(NULL, 'CFR_CSG_CRDS_TEPA', 'CFR CSGsur TEPA deductible'),
(NULL, 'CFR_CSG_DEDUC_REGUL_PLACE', 'Base CSG sur régularisation interessement placé'),
(NULL, 'CFR_CSG_DED_ALLOC_RECL', 'CSG déductible allocation reclassement'),
(NULL, 'CFR_CSG_DED_CHOM_PART', 'CSG deductible chomage partiel'),
(NULL, 'CFR_CSG_DED_REGUL_INT_PAY', 'Regualrisation interessement payé'),
(NULL, 'CFR_CSG_INTERESS_COMPTA', 'CFR_CSG_INTERESS_COMPTA'),
(NULL, 'CFR_REMU_VAR_COL_DU', 'Rémunération variable collective DR'),
(NULL, 'CFR_REMU_VAR_INDIV', 'Rémunération variable individuelle'),
(NULL, 'CFR_REMU_VAR_INDIV_DR', 'Rémunération variable individuelle DR'),
(NULL, 'CFR_REPRISE_AVANCE_IJSS', 'Reprise avançe IJSS'),
(NULL, 'CFR_RETENUE_SOURCE', 'Retenue à la source'),
(NULL, 'CFR_RET_ABSENCE_AT', 'Retenue pour absence AT'),
(NULL, 'CFR_PRIME_RETOUR_EMPLOI', 'Prime retour a l emploi'),
(NULL, 'CFR_PRIME_SERVEUR', 'Prime serveur'),
(NULL, 'CFR_PRIME_SNARR', 'Prime Annuelle Conventionnelle'),
(NULL, 'CFR_ABATT_20_ARTIST', 'Abattement 20% artiste'),
(NULL, 'CFR_ABATT_20_ARTIST_NET', 'Abattement 20% net'),
(NULL, 'CFR_ABATT_25_ARTIST', 'Abattement 25% artiste'),
(NULL, 'CFR_ABATT_25_ARTIST_NET', 'Abattement 25%'),
(NULL, 'CFR_ACC_TRAD_SOUM_RDS', 'Accord transactionnel soumis RDS'),
(NULL, 'CFR_ACC_TRANS_NON_SOUMIS', 'accord transactionnel non soumis'),
(NULL, 'CFR_ACHA_TICK_REP', 'Achat tickets repas'),
(NULL, 'CFR_ACOMPTE_STC_VERSE', 'Acompte STC versé'),
(NULL, 'CFR_ACOMPTE_VERSE', 'Acomptes versés'),
(NULL, 'CFR_ALLOCATION_DIF', 'Allocation DIF'),
(NULL, 'CFR_ALLOC_RECLASSEMENT', 'Allocation de reclassement'),
(NULL, 'CFR_ALLOC_VETEMENT', 'Allocation vêtement'),
(NULL, 'CFR_ALLOC_VET_NET', 'Allocation vêtement'),
(NULL, 'CFR_ASS_TA_EXPAT', 'Assedic TA expatrié'),
(NULL, 'CFR_ASS_TB_EXPAT', 'Assedic TB expatrié'),
(NULL, 'CFR_SAISIE_6', 'Saisie arrêt 6'),
(NULL, 'CFR_SAISIE_7', 'Saisie arrêt 7'),
(NULL, 'CFR_SAISIE_8', 'Saisie arrêt 8'),
(NULL, 'CFR_SAISIE_9', 'Saisie arrêt 9'),
(NULL, 'CFR_SALAIRE_SERVICE_REPAR', 'Service reparti'),
(NULL, 'CFR_SOLDE_CONGE_CONV', 'Solde des congés conventionnels'),
(NULL, 'SFR_SS_FAM_ALLOW_COMP', 'Allocations familiales'),
(NULL, 'SFR_SS_FAM_ALL_EXO_COMP', 'Allocations familiales 0%'),
(NULL, 'SFR_SS_FAM_ALL_RED_COMP', 'Allocations familiales 2.7%'),
(NULL, 'SFR_SS_FNAL_COMPLEM', 'FNAL plafonné complémentaire'),
(NULL, 'SFR_SS_FNAL_GROSS_COMP', 'FNAL totalité'),
(NULL, 'SFR_TAX_PREV_COMP', 'Taxe patronale de prévoyance'),
(NULL, 'SFR_TAX_TRANSPORT_COMP', 'Versement transport'),
(NULL, 'SFR_TICKET_REST', 'Tickets restaurant part salarial'),
(NULL, 'SFR_TICKET_REST_COMP', 'Tickets restaurant part patronale'),
(NULL, 'SFR_TRAINEES', 'Taxe d''apprentissage'),
(NULL, 'SFR_TRAINEES_CS', 'Contribution supplémentaire apprentissage'),
(NULL, 'CFR_CSG_N_DED_REGUL_PAYE', 'CSG non déductible regualrisation interess. payé'),
(NULL, 'CFR_CSG_N_DED_REGUL_PLACE', 'CCsg non deductible sur regul interess placé'),
(NULL, 'SFR_FNGS_COMP', 'ASSEDIC FNGS'),
(NULL, 'SFR_GROSS_MONTH', 'Salaire brut'),
(NULL, 'CFR_MNT_CARTE_ORANGE_DEP', 'Montant carte orange départ'),
(NULL, 'CFR_MUTUELLE', 'Mutuelle'),
(NULL, 'CFR_MUTUELLE_CONTRIB', 'Participation de l''employeur à la mutuelle'),
(NULL, 'CFR_NET_INTERESSEMENT', 'Interessement net'),
(NULL, 'CFR_NV_MUTUELLE_OBL', 'Cotisation frais de santé Isolée Base'),
(NULL, 'CFR_NV_MUTUELLE_OPT', 'Cotisation frais de santé Options'),
(NULL, 'CFR_NV_MUT_PRIME_SANTE', 'Prime frais de santé'),
(NULL, 'CFR_NV_MUT_PRIM_TRANSIT', 'Prime transitoire'),
(NULL, 'CFR_N_DED_CSG_CHOM_PART', 'CSG non deductible sur chomage partiel'),
(NULL, 'CFR_PARTICIPATION', 'Participation'),
(NULL, 'CFR_PARTICIP_LOYER', 'Participation au loyer'),
(NULL, 'CFR_PRIME_EFR', 'RV EFR'),
(NULL, 'CFR_PRIME_ENJEU', 'Prime enjeu'),
(NULL, 'CFR_PRIME_ESC', 'Prime ESC'),
(NULL, 'CFR_PRIME_EXCEPT', 'Prime exceptionnelle'),
(NULL, 'CFR_PRIME_EXCEPT_NON_CP', 'Prime exceptionnelle non CP'),
(NULL, 'CFR_PRIME_EXCEPT_REMPL_P', 'Prime exceptionnelle remplacement partiel'),
(NULL, 'CFR_PRIME_EXPERT', 'Rémunération variable expert'),
(NULL, 'CFR_PRIME_FIN_ANNEE', 'Prime de fin d''année'),
(NULL, 'CFR_PRIME_FIXE', 'Prime fixe SA'),
(NULL, 'CFR_PRIME_FORMATION', 'Prime formation'),
(NULL, 'CFR_PRIME_FROID', 'Prime de froid'),
(NULL, 'CFR_PRIME_HAB', 'Prime habillage/deshabillage'),
(NULL, 'CFR_PRIME_INDIV', 'Prime individuelle'),
(NULL, 'CFR_RET_ABS_CONGE_S_SOLDE', 'Déduction congé sans solde'),
(NULL, 'CFR_RET_ABS_CP', 'Déduction congés payés'),
(NULL, 'CFR_RET_ABS_CP_CPC', 'Déduction congés payés conventionnels'),
(NULL, 'CFR_RET_ABS_CP_PEP', 'Déduction congés payés plan épargne'),
(NULL, 'CFR_HRES_MAJO_25_TEPA', 'Heures majo 25 exonérées TEPA'),
(NULL, 'CFR_HRES_MAJO_50_TEPA', 'Heures majo 50 exonérées TEPA'),
(NULL, 'CFR_HRS_FORM_VALO', 'Heures formation restaurant (compteur formation)'),
(NULL, 'CFR_HRS_FORM_VISION_VALO', 'Heures formation VISION FLUNCH'),
(NULL, 'CFR_HSUP_CONV_TEPA', 'Heures sup conventionnelles'),
(NULL, 'CFR_IMPOT_FRANC', 'Impôts français'),
(NULL, 'CFR_IND_ABS_CP_EXCEP', 'Congés payés exceptionnels acquis'),
(NULL, 'CFR_IND_ABS_CP_EXCEP_N2', 'Congés payés exceptionnels antérieurs'),
(NULL, 'CFR_IND_ABS_CP_FRAC_N1', 'Congés payés de fractionnement acquis'),
(NULL, 'CFR_IND_ABS_CP_FRAC_N2', 'Congés payés de fractionnement antérieurs'),
(NULL, 'CFR_IND_ABS_CP_N', 'Congés payés légaux anticipés'),
(NULL, 'CFR_IND_ABS_CP_N1', 'Congés payés légaux acquis'),
(NULL, 'CFR_IND_ABS_CP_N2', 'Congés payés légaux antérieurs'),
(NULL, 'CFR_IND_ABS_CP_PEP', 'Congés payés plan épargne'),
(NULL, 'CFR_IND_ABS_CP_SUP', 'Congés payés supplémentaires acquis'),
(NULL, 'CFR_IND_ABS_CP_SUP_N2', 'Congés payés supplémentaires antérieurs'),
(NULL, 'CFR_IND_ABS_EVE_FAM', 'Indemnisation évènement familial'),
(NULL, 'CFR_IND_ABS_FORM_AUTRES', 'Indemnisation congé formation autres'),
(NULL, 'CFR_IND_ABS_FORM_MILIT', 'Indemnisation formation militaire'),
(NULL, 'CFR_IND_ABS_INAPT_PHYS', 'Indemnisation inaptitude physique'),
(NULL, 'CFR_IND_ABS_INDEM_JFG', 'Indemnisation jour ferie garanti'),
(NULL, 'CFR_IND_ABS_INDEM_J_FERIE', 'Indemnisation jour férié'),
(NULL, 'CFR_IND_ABS_JOUR_CITOYEN', 'Indemnisation journée de citoyenneté'),
(NULL, 'CFR_IND_ABS_MPP', 'Indemnisation mise à pied payée'),
(NULL, 'CFR_SOLDE_CONGE_SUPP', 'Solde des congés supplémentaires'),
(NULL, 'CFR_SOLDE_HRS_COMPTEUR', 'Solde des heures compteur'),
(NULL, 'CFR_SOLDE_J_RTT', 'Solde des jours RTT'),
(NULL, 'CFR_SS_FNAL_TA_COMP', 'FNAL plafonné sur part exonérée'),
(NULL, 'CFR_MAJO_1ERMAI_3B', 'Majoration 1er Mai travaillé 3B'),
(NULL, 'CFR_MAJO_1ERMAI_SERVICE', 'Majo 1er Mai au service'),
(NULL, 'CFR_INDEM_STA_ECO_HOT', 'Indemnité stage école hotelière'),
(NULL, 'CFR_INDEM_TRANSPORT', 'Indemnité de transport'),
(NULL, 'CFR_INDEM_TRANS_PARIS', 'Indemnité transport région parisienne'),
(NULL, 'CFR_JRS_NON_PRESTES', 'Jours non prestés'),
(NULL, 'CFR_MAJORATION_15', 'Majoration 15%'),
(NULL, 'CFR_MAJORATION_20', 'Majoration 20%'),
(NULL, 'CFR_MAJORATION_25', 'Majoration 25%'),
(NULL, 'CFR_MAJORATION_50', 'Majoration 50%'),
(NULL, 'CFR_MAJORATION_DIMANCHE', 'Majoration Dimanche'),
(NULL, 'CFR_HEURES_COMPL_MAJO', 'Heures complémentaires 125%'),
('META4', 'CFR_IND_ABS_CP_SUP_N2', 'Congés payés supplémentaires antérieurs'),
('META4', 'CFR_IND_ABS_EVE_FAM', 'Indemnisation évènement familial'),
('META4', 'CFR_IND_ABS_FORM_AUTRES', 'Indemnisation congé formation autres'),
('META4', 'CFR_IND_ABS_FORM_MILIT', 'Indemnisation formation militaire'),
('META4', 'CFR_RET_ABS_1_J_AT', 'Déduction 1er jour AT'),
('META4', 'SFR_CHOM_TA', 'ASSEDIC tranche A'),
('META4', 'SFR_CHOM_TB', 'ASSEDIC tranche B'),
('META4', 'SFR_CRDS_EMP', 'CRDS'),
('META4', 'CFR_CRDS_REGUL_INTER_PLAC', 'CRDS sur régul interessement placé'),
('META4', 'CFR_CSG_CRDS_INTERESSEMEN', 'CSG/CRDS interessement'),
('META4', 'CFR_CSG_CRDS_INTER_EXCEPT', 'CSG/CRDS intéressement exceptionnel'),
('META4', 'CFR_CSG_CRDS_PARTICIPATIO', 'CFR_CSG_CRDS_PARTICIPATIO'),
(NULL, 'CFR_INDEM_ANIMATEUR', 'Indemnité animateur'),
(NULL, 'CFR_INDEM_BLANC', 'Indemnité de blanchissage'),
('META4', 'CFR_REMU_VAR', 'Rémunération variable'),
('META4', 'CFR_REMU_VARIABLE_IND_SOL', 'Rémunération variable collective'),
('META4', 'CFR_REMU_VAR_COL_ADJ', 'Rémunération variable collective ADJ'),
('META4', 'CFR_REMU_VAR_COL_DU', 'Rémunération variable collective DR'),
('META4', 'CFR_REMU_VAR_INDIV', 'Rémunération variable individuelle'),
('META4', 'CFR_IND_ABS_INAPT_PHYS', 'Indemnisation inaptitude physique'),
('META4', 'CFR_IND_ABS_INDEM_JFG', 'Indemnisation jour ferie garanti'),
('META4', 'CFR_IND_ABS_INDEM_J_FERIE', 'Indemnisation jour férié'),
('META4', 'CFR_IND_ABS_JOUR_CITOYEN', 'Indemnisation journée de citoyenneté'),
('META4', 'CFR_IND_ABS_MPP', 'Indemnisation mise à pied payée'),
('META4', 'CFR_IND_ABS_PAR_MAL', 'Indemnisation congé parent malade'),
('META4', 'CFR_IND_ABS_PERIODE_MILIT', 'Indemnité Période militaire'),
('META4', 'CFR_IND_ABS_PNE', 'Indemnisation préavis non effectué'),
('META4', 'CFR_IND_ABS_RC', 'Indemnisation repos compensateur'),
('META4', 'CFR_IND_ABS_RC_REMP', 'Repos compensateur de remplacement'),
('META4', 'CFR_IND_ABS_RECH_EMPL', 'Indemnisation recherche emploi'),
('META4', 'CFR_IND_ABS_REPOS_MAT', 'Indemnisation repos maternité'),
('META4', 'CFR_IND_ABS_RN', 'Repos heures de nuit'),
('META4', 'CFR_IND_ABS_STAGE', 'Heures stage'),
('META4', 'CFR_IND_ACCIDENT_TRAJET', 'Indemnité accident trajet'),
('META4', 'CFR_IND_JF_JOUR_SOLIDAR', 'Paiement jour férié du 25-12-05 au 25-12-05'),
('META4', 'CFR_RET_ABS_CONGE_S_SOLDE', 'Déduction congé sans solde'),
('META4', 'CFR_RET_ABS_CP', 'Déduction congés payés'),
('META4', 'CFR_INTERESSEMENT', 'Interessement'),
('META4', 'CFR_INTERESSEMENT_EXCEPT', 'Intéressement exceptionnel'),
('META4', 'CFR_INTER_B_PAYE_COMPTA', 'Interessem. brut payé (pour compta)'),
('META4', 'CFR_INTER_B_PLACE_COMPTA', 'Interessem. brut placé (pour compta)'),
('META4', 'CFR_INTER_N_PAYE_COMPTA', 'Interessem. net payé (pour compta)'),
('META4', 'CFR_INTER_N_PLACE_COMPTA', 'Interessem. net placé (pour compta)'),
('META4', 'CFR_JOURNEE_SOLIDARITE', 'Journée de solidarité'),
('META4', 'CFR_JRS_NON_PRESTES', 'Jours non prestés'),
('META4', 'CFR_RET_ABS_CP_CPC', 'Déduction congés payés conventionnels'),
('META4', 'CFR_RET_ABS_CP_PEP', 'Déduction congés payés plan épargne'),
('META4', 'CFR_RET_ABS_CP_SUP', 'Déduction congés payés supplémentaires'),
('META4', 'CFR_RET_ABS_ENF_MAL_NREMU', 'Congé enfant malade non rémunéré'),
('META4', 'CFR_RET_ABS_EVE_FAM', 'Déduction évènement familial'),
('META4', 'CFR_RET_ABS_FORM_AUTRES', 'Déduction formation autres'),
('META4', 'CFR_RET_ABS_FORM_MILIT', 'Déduction formation militaire'),
('META4', 'CFR_RET_ABS_GREVE', 'Déduction grêve'),
('META4', 'CFR_RET_ABS_HOSPITALISATI', 'Déduction hospitalisation'),
('META4', 'CFR_RET_ABS_INAPT_PHYS', 'Déduction inaptitude physique payée'),
('META4', 'CFR_PRIME_OBJECTIF', 'Prime sur objectif'),
('META4', 'CFR_PRIME_OUVERT', 'Prime d''ouverture'),
('META4', 'CFR_PRIME_POSTE', 'Prime de Poste'),
('META4', 'CFR_PRIME_PROBAT', 'Prime probatoire'),
('META4', 'CFR_PRIME_RECLASSEMENT', 'Prime de reclassement'),
('META4', 'CFR_PRIME_REPAS_SOIR', 'Indemnité repas soir'),
('META4', 'CFR_PRIME_RETOUR_EMPLOI', 'Prime retour a l emploi'),
('META4', 'CFR_PRIME_SERVEUR', 'Prime serveur'),
('META4', 'SFR_CSG_TAX_EMP', 'CSG non déductible'),
('META4', 'SFR_DAILY_ALLOW_SUBRO', 'Subrogation IJSS'),
('META4', 'SFR_DAY_ALLOW_NON_CALCUL', 'IJSS'),
('META4', 'SFR_SS_FNAL_GROSS_COMP', 'FNAL totalité'),
('META4', 'SFR_SS_FNAL_TA_COMP', 'FNAL plafonné'),
('META4', 'SFR_SS_MAL_EXO_EMP', 'Séc. soc. maladie exonérée'),
('META4', 'SFR_SS_MAL_NON_EXO', 'Séc. soc. Maladie'),
('META4', 'SFR_SS_RCP_MONTH', 'Réduction de charges patronales'),
('META4', 'SFR_SS_VEUV_EXO_EMP', 'Séc. soc. vieillesse déplafon. exonéré'),
('META4', 'CFR_MAJO_HS_150', 'Majoration Heures sup 150%'),
('META4', 'CFR_MAJO_JFG_SERVICE', 'Majoration JFG au service'),
('META4', 'CFR_MAJO_HC_105', 'Heures complémentaires 105% majorées'),
('META4', 'CFR_MAJO_HC_125', 'Heures complementaire majorées 125%'),
('META4', 'CFR_MAJO_HS_110', 'Heures supplémentaires 110% majorées'),
('META4', 'CFR_MAJO_HS_120', 'Heures supplémentaire 120 majorées'),
('META4', 'CFR_HEURES_AUTRES', 'Heures Autres'),
('META4', 'CFR_HEURES_BAR', 'Heures BAR'),
('META4', 'CFR_HEURES_COMPL', 'Heures complémentaires'),
('META4', 'CFR_MAJO_NSERV_1ERMAI3B', 'Majoration 1er Mai hres non au service'),
('META4', 'CFR_MAJO_JF_GARANTI', 'Majoration jour férié garanti'),
('META4', 'CFR_RET_ABS_MPP', 'Déduction mise à pied'),
('META4', 'CFR_RET_ABS_PAR_MAL', 'Déduction absence parent malade'),
('META4', 'CFR_RET_ABS_PERIODE_MILIT', 'Déduction période militaire'),
('META4', 'CFR_RET_ABS_PNE', 'Déduction préavis non effectué'),
('META4', 'CFR_RET_ABS_RC', 'Déduction repos compensateur'),
('META4', 'CFR_RET_ABS_RC_REMP', 'Déduction repos compensateur de remplacement'),
('META4', 'CFR_RET_ABS_RECH_EMPL', 'Déduction recherche emploi'),
('META4', 'CFR_RET_ABS_REP_MAT', 'Déduction repos maternité'),
('META4', 'CFR_RET_ABS_RETARD', 'Déduction retard'),
('META4', 'CFR_RET_ABS_RN', 'Déduction repos heures de nuit'),
('META4', 'CFR_RET_ABS_RTT', 'Absence RTT'),
('META4', 'CFR_PORT_MUTUELLE_OPT', 'Portabilité frais de santé Option'),
('META4', 'CFR_PORT_MUT_PRIM_TRANSIT', 'Portabilité prime transitoire'),
('META4', 'CFR_PREAVIS_N_EFF', 'Préavis non effectué'),
('META4', 'CFR_PREST_CE_FAMIL', 'Prestation comité entraide familial'),
('META4', 'CFR_PREV_PORT_ISICA', 'Portabilité ISICA'),
('META4', 'SFR_SS_VIEILL_TA_EXO_EMP', 'Séc. soc. vieillesse plafonnée exonérée'),
('META4', 'SFR_SS_VIEILL_TA_NON_EXO', 'Séc. soc. vieillesse plafonnée'),
('META4', 'SFR_SUN_OVERTIME_R1', 'Indemnités de dimanches'),
('META4', 'SFR_SUN_REG_OVERTIME_R1', 'Régularisation indemnités de dimanches'),
('META4', 'SFR_TAX_PREV_COMP', 'Taxe patronale de prévoyance'),
('META4', 'SFR_TAX_TRANSPORT_COMP', 'Versement transport'),
('META4', 'SFR_REINT_PART_COMP_TICK', 'Reintégration avantage nature sur tickets rest.'),
('META4', 'SFR_SAT_OVERTIME_R1', 'Indemnités de samedis'),
('META4', 'CFR_SAISIE_7', 'Saisie arrêt 7'),
('META4', 'CFR_SAISIE_8', 'Saisie arrêt 8'),
('META4', 'CFR_SAISIE_9', 'Saisie arrêt 9'),
('META4', 'CFR_SALAIRE_SERVICE_REPAR', 'Service reparti'),
('META4', 'CFR_SOLDE_CONGE_CONV', 'Solde des congés conventionnels'),
('META4', 'SCO_LOAN_PAY_OFF', 'Retenue prêt'),
('META4', 'SCO_NET', 'Net à payer'),
('META4', 'SFR_ADVANCE', 'Avance sur paie négative'),
('META4', 'SFR_ADVANCE_PREV', 'Remboursement avance paie négative'),
('META4', 'SFR_AGFF_TA', 'AGFF Tranche A'),
('META4', 'CFR_SAISIE_1', 'Saisie arrêt 1'),
('META4', 'CFR_SAISIE_10', 'Saisie arrêt 10'),
('META4', 'CFR_PRIME_ASSIDUITE', 'Prime d''assiduité'),
('META4', 'CFR_PRIME_ASSIST_OP', 'Prime assistant opérationnel'),
('META4', 'CFR_PRIME_ASTREINT', 'Prime astreinte'),
('META4', 'CFR_PRIME_BRADERIE', 'Prime braderie'),
('META4', 'CFR_PRIME_BRASSIN', 'Prime de Brassin'),
('META4', 'CFR_PRIME_CHALLENGE', 'Prime Challenge'),
('META4', 'CFR_PRIME_CHAUSSURE', 'Prime de chaussure'),
('META4', 'CFR_PRIME_DEMENAGEMENT', 'Prime de deménagement'),
('META4', 'CFR_PRIME_DEPLACE', 'Prime de déplacement'),
('META4', 'CFR_PRIME_DIFFICULT_VIE', 'Prime de difficulté de vie'),
('META4', 'CFR_PRIME_DIFF_VIE_NET', 'Prime de difficulté de vie (salarié expatrié)'),
('META4', 'CFR_PRIME_EFR', 'RV EFR'),
('META4', 'CFR_PRIME_ENJEU', 'Prime enjeu'),
('META4', 'CFR_PRIME_ESC', 'Prime ESC'),
('META4', 'CFR_PRIME_EXCEPT', 'Prime exceptionnelle'),
('META4', 'CFR_PRIME_EXCEPT_NON_CP', 'Prime exceptionnelle non CP'),
('META4', 'CFR_PRIME_EXCEPT_REMPL_P', 'Prime exceptionnelle remplacement partiel'),
('META4', 'CFR_PRIME_EXPERT', 'Rémunération variable expert'),
('META4', 'CFR_PRIME_FIN_ANNEE', 'Prime de fin d''année'),
('META4', 'CFR_PRIME_FIXE', 'Prime fixe SA'),
('META4', 'CFR_PRIME_FORMATION', 'Prime formation'),
('META4', 'CFR_COMPLEMENT_PREV_BRUT', 'IJ prévoyance brut'),
('META4', 'CFR_COMPLEMENT_PREV_NET', 'IJ prévoyance Net'),
('META4', 'CFR_COMPLEMENT_SERVICE', 'Complément Employeur'),
('META4', 'CFR_CONTR_IND_MIS_EN_RETR', 'Contribution indemnité de mise a la retraite'),
('META4', 'CFR_PRIME_TUTEUR', 'Prime tuteur'),
('META4', 'CFR_PRIME_TVA', 'Prime TVA'),
('META4', 'CFR_PRIME_VENTE', 'Prime de vente'),
('META4', 'CFR_PRIME_VIE_CHERE', 'Prime vie chère'),
('META4', 'CFR_PROV_CP', 'Provision de congés payés'),
('META4', 'CFR_PROV_GRATIFICATION', 'Provision gratification'),
('META4', 'CFR_PROV_JFG', 'Montant provision JFG'),
('META4', 'CFR_PROV_MAJO_ANNU_CONV', 'Provision majoration annuelle conv.'),
('META4', 'CFR_PROV_PRECARITE', 'Provision précarité'),
('META4', 'CFR_PROV_PRIME_J_FERIE', 'Provision prime jour férié'),
('META4', 'CFR_PROV_PRIME_SNARR', 'Provision prime SNARR'),
('META4', 'CFR_IND_ABS_CP_PEP', 'Congés payés plan épargne'),
('META4', 'CFR_RET_ABS_CCR', 'Déduction congé création d''entreprise'),
('META4', 'CFR_RET_ABS_CHOM_PART', 'Déduction chômage partiel'),
(NULL, 'CFR_IND_ABS_CP_FRAC_N1', 'Congés payés de fractionnement acquis'),
(NULL, 'CFR_IND_ABS_CP_FRAC_N2', 'Congés payés de fractionnement antérieurs'),
(NULL, 'CFR_IND_ABS_CP_N', 'Congés payés légaux anticipés'),
(NULL, 'CFR_IND_ABS_CP_N1', 'Congés payés légaux acquis'),
(NULL, 'CFR_IND_ABS_CP_N2', 'Congés payés légaux antérieurs'),
(NULL, 'CFR_IND_ABS_CP_PEP', 'Congés payés plan épargne'),
(NULL, 'CFR_IND_ABS_CP_SUP', 'Congés payés supplémentaires acquis'),
(NULL, 'CFR_INTERESSEMENT', 'Interessement'),
(NULL, 'CFR_INTERESSEMENT_EXCEPT', 'Intéressement exceptionnel'),
(NULL, 'CFR_INTER_B_PAYE_COMPTA', 'Interessem. brut payé (pour compta)'),
(NULL, 'CFR_INTER_B_PLACE_COMPTA', 'Interessem. brut placé (pour compta)'),
(NULL, 'CFR_INTER_N_PAYE_COMPTA', 'Interessem. net payé (pour compta)'),
(NULL, 'CFR_INTER_N_PLACE_COMPTA', 'Interessem. net placé (pour compta)'),
(NULL, 'CFR_JOURNEE_SOLIDARITE', 'Journée de solidarité'),
(NULL, 'CFR_JRS_NON_PRESTES', 'Jours non prestés'),
(NULL, 'CFR_MAJORATION_15', 'Majoration 15%'),
(NULL, 'CFR_MAJORATION_20', 'Majoration 20%'),
(NULL, 'CFR_MAJORATION_25', 'Majoration 25%'),
(NULL, 'CFR_MAJORATION_50', 'Majoration 50%'),
(NULL, 'CFR_MAJORATION_DIMANCHE', 'Majoration Dimanche'),
(NULL, 'CFR_HEURES_COMPL_MAJO', 'Heures complémentaires 125%'),
(NULL, 'CFR_RET_ABS_MAP_NP', 'Déduction mise à pied non payée'),
(NULL, 'SFR_TS_BAS2', 'Taux salarial provisoire/Tranche C'),
(NULL, 'SFR_TS_GROSS', 'Taux salarial provisoire/Brut'),
(NULL, 'SFR_WORKER_COUNCIL_1', 'Cotisation comité d''établissement 1'),
(NULL, 'SFR_WORKER_COUNCIL_2', 'Cotisation comité d''établissement 2'),
(NULL, 'CFR_INDEM_DEP_RET', 'Indemnité de départ en retraite'),
(NULL, 'CFR_INDEM_FORF_INST_SOUMI', 'Indemnité Forfaitaire d installation'),
(NULL, 'CFR_INDEM_INSTALLATION', 'Indemnité forfaitaire installation'),
(NULL, 'CFR_INDEM_INTERRUPT', 'Indemnité d''interruption'),
(NULL, 'CFR_INDEM_JFG', 'indemnisation jour férié garanti dus'),
(NULL, 'CFR_INDEM_JOURN_EXPAT', 'Indemnité journalière expatrié'),
(NULL, 'CFR_CSG_N_DED_REGUL_PLACE', 'CCsg non deductible sur regul interess placé'),
(NULL, 'SFR_FNGS_COMP', 'ASSEDIC FNGS'),
(NULL, 'SFR_GROSS_MONTH', 'Salaire brut'),
(NULL, 'CFR_MNT_CARTE_ORANGE_DEP', 'Montant carte orange départ'),
(NULL, 'CFR_MUTUELLE', 'Mutuelle'),
(NULL, 'CFR_MUTUELLE_CONTRIB', 'Participation de l''employeur à la mutuelle'),
(NULL, 'CFR_NET_INTERESSEMENT', 'Interessement net'),
(NULL, 'CFR_NV_MUTUELLE_OBL', 'Cotisation frais de santé Isolée Base'),
(NULL, 'CFR_NV_MUTUELLE_OPT', 'Cotisation frais de santé Options'),
(NULL, 'CFR_NV_MUT_PRIME_SANTE', 'Prime frais de santé'),
(NULL, 'CFR_NV_MUT_PRIM_TRANSIT', 'Prime transitoire'),
(NULL, 'CFR_N_DED_CSG_CHOM_PART', 'CSG non deductible sur chomage partiel'),
(NULL, 'CFR_PARTICIPATION', 'Participation'),
(NULL, 'CFR_PARTICIP_LOYER', 'Participation au loyer'),
(NULL, 'CFR_RET_ABS_STAGE', 'Déduction stage'),
(NULL, 'CFR_RET_CFE_EXPAT', 'Retraite CFE expatrié'),
(NULL, 'CFR_RVI_MONITEUR', 'RVI moniteur');
INSERT INTO `QC1_REP_PRI_PR_ITEM` (`CODE_PR_RULE`, `CODE_PR_ITEM`, `NAME_PR_ITEM`) VALUES
(NULL, 'CFR_SAISIE_1', 'Saisie arrêt 1'),
(NULL, 'CFR_SAISIE_10', 'Saisie arrêt 10'),
(NULL, 'CFR_SAISIE_2', 'Saisie arrêt 2'),
(NULL, 'CFR_SAISIE_3', 'Saisie arrêt 3'),
(NULL, 'CFR_SAISIE_4', 'Saisie arrêt 4'),
(NULL, 'CFR_SAISIE_5', 'Saisie arrêt 5'),
(NULL, 'CFR_RECUP_TROP_PERCU', 'Récupération d''un trop perçu'),
(NULL, 'CFR_RED_TEPA_COMP', 'Reduction Patronal TEPA'),
(NULL, 'CFR_RED_TEPA_EMP', 'Reduction TEPA  employé'),
(NULL, 'CFR_PRIME_DIFFICULT_VIE', 'Prime de difficulté de vie'),
(NULL, 'CFR_PRIME_DIFF_VIE_NET', 'Prime de difficulté de vie (salarié expatrié)'),
(NULL, 'CFR_IND_ABS_CP_SUP_N2', 'Congés payés supplémentaires antérieurs'),
(NULL, 'CFR_IND_ABS_EVE_FAM', 'Indemnisation évènement familial'),
(NULL, 'CFR_IND_ABS_FORM_AUTRES', 'Indemnisation congé formation autres'),
(NULL, 'CFR_IND_ABS_FORM_MILIT', 'Indemnisation formation militaire'),
(NULL, 'CFR_IND_ABS_INAPT_PHYS', 'Indemnisation inaptitude physique'),
(NULL, 'CFR_IND_ABS_INDEM_JFG', 'Indemnisation jour ferie garanti'),
(NULL, 'CFR_IND_ABS_INDEM_J_FERIE', 'Indemnisation jour férié'),
(NULL, 'CFR_IND_ABS_JOUR_CITOYEN', 'Indemnisation journée de citoyenneté'),
(NULL, 'CFR_IND_ABS_MPP', 'Indemnisation mise à pied payée'),
(NULL, 'CFR_SOLDE_CONGE_SUPP', 'Solde des congés supplémentaires'),
(NULL, 'CFR_SOLDE_HRS_COMPTEUR', 'Solde des heures compteur'),
(NULL, 'CFR_SOLDE_J_RTT', 'Solde des jours RTT'),
(NULL, 'CFR_SS_FNAL_TA_COMP', 'FNAL plafonné sur part exonérée'),
(NULL, 'CFR_SS_MALADIE_FRONT_DET', 'Cotisation SS maladie pour frontaliers et détachés'),
(NULL, 'CFR_SS_MAL_EST', 'ss maladie région Est'),
(NULL, 'CFR_SS_MAL_EXO_COMP', 'Part patronal SS Maladie exo'),
(NULL, 'CFR_SS_SOC_SUP_ALSACE', 'Sec soc Suppl. Alsace Moselle'),
(NULL, 'CFR_MAJORATION_J_FERIE', 'Majoration jour férié'),
(NULL, 'CFR_MAJO_1ERMAI_3B', 'Majoration 1er Mai travaillé 3B'),
(NULL, 'CFR_MAJO_1ERMAI_SERVICE', 'Majo 1er Mai au service'),
(NULL, 'CFR_INDEM_STA_ECO_HOT', 'Indemnité stage école hotelière'),
(NULL, 'CFR_INDEM_TRANSPORT', 'Indemnité de transport'),
(NULL, 'CFR_INDEM_TRANS_PARIS', 'Indemnité transport région parisienne'),
(NULL, 'CFR_AV_NAT_CONGE_FORM', 'Avantage nature congé de formation'),
(NULL, 'CFR_AV_NAT_CONGE_NAISS', 'Avantage nature congé naissance'),
(NULL, 'CFR_HEURES_NON_PRESTEES', 'Heures non prestées'),
(NULL, 'CFR_HEURES_NON_PREST_SERV', 'Nombre heures non prestées au service'),
(NULL, 'CFR_HEURES_NORMALES', 'Rémunération heures normales'),
(NULL, 'CFR_HEURES_NORMAL_SERV', 'Heures Normales au service'),
(NULL, 'CFR_HEURES_NUIT', 'Heures de nuit'),
(NULL, 'CFR_HEURES_NUIT_15', 'Majoration heures de nuit à 15%'),
(NULL, 'CFR_HEURES_NUIT_20', 'Majoration heures de nuit 20%'),
(NULL, 'CFR_HEURES_NUIT_25', 'Majoration heures de nuit 25%'),
(NULL, 'CFR_HEURES_NUIT_40', 'Majoration heures de nuit 40%'),
(NULL, 'CFR_HEURES_NUIT_AFF', 'Nombre d''heures de nuit'),
(NULL, 'CFR_HEURES_RUNNER', 'Heures Runner'),
(NULL, 'CFR_INDEMNITE_CP_DU', 'Indemnité de congés payés dûs'),
(NULL, 'CFR_INDEM_ANIMATEUR', 'Indemnité animateur'),
(NULL, 'CFR_INDEM_BLANC', 'Indemnité de blanchissage'),
(NULL, 'CFR_INDEM_COMPENS_MUTUEL', 'Indemnité compensatrice mutuelle'),
(NULL, 'CFR_INDEM_CP_CONV', 'Paiement repos compensation'),
(NULL, 'CFR_INDEM_CP_HAB', 'Indemnité CP habillage'),
(NULL, 'CFR_INDEM_DELAI_PREV', 'Indemnité compensatrice délai de prévenance'),
(NULL, 'CFR_AV_NAT_CONGE_PAR_MAL', 'Avantage nature congé parent malade'),
(NULL, 'CFR_AV_NAT_CONS', 'Avantage en nature consommé'),
(NULL, 'CFR_AV_NAT_ENF_MAL', 'Avantage nature enfant malade'),
(NULL, 'CFR_AV_NAT_FORM_MILIT', 'Avantage nature formation militaire'),
(NULL, 'CFR_INDEM_NOURRITURE', 'Indemnité de nourriture'),
(NULL, 'CFR_INDEM_PROV_INSTALL', 'Indemnisation provisoire d installation'),
(NULL, 'CFR_INDEM_RC', 'Indemnisation repos compensateur'),
(NULL, 'CFR_INDEM_RCR', 'Indemnité repos compensateur remplacement'),
(NULL, 'CFR_INDEM_REGION_NICOISE', 'Indemnité région niçoise'),
(NULL, 'CFR_INDEM_REPOS_JFG', 'repos jour férié garanti'),
(NULL, 'CFR_INDEM_RETRAITE', 'Indemnité de mise à la retraite'),
(NULL, 'CFR_INDEM_RETR_SOUM_RDS', 'indemnité de mise en retraite soumise csg/rds'),
(NULL, 'CFR_INDEM_RUPT_CONTR', 'Indemnité spécifique de rupture conventionnelle'),
(NULL, 'CFR_INDEM_RUPT_CONTR_SOUM', 'indemnité spécifique de rupture soumise a CSG/RDS'),
(NULL, 'CFR_INDEM_STAGE', 'Indemnité de stage'),
(NULL, 'CFR_RET_ABSENCE_MALADIE', 'Retenue absence maladie'),
(NULL, 'CFR_RET_ABSENCE_MAT', 'Retenue pour absence maternité'),
(NULL, 'CFR_RET_ABSENCE_PAT', 'Retenue absence paternité'),
(NULL, 'CFR_RET_ABS_1_J_AT', 'Déduction 1er jour AT'),
(NULL, 'CFR_RET_ABS_ACC_TRAJ', 'Déduction Accident de trajet'),
(NULL, 'CFR_RET_ABS_AGA', 'Déduction absence autorisée pandémie'),
(NULL, 'CFR_RET_ABS_AUTORISEE', 'Déduction absence autorisée'),
(NULL, 'CFR_RET_ABS_CAC', 'Retenue congé d''accompagnement'),
(NULL, 'CFR_RET_ABS_CCR', 'Déduction congé création d''entreprise'),
(NULL, 'CFR_RET_ABS_CHOM_PART', 'Déduction chômage partiel'),
(NULL, 'CFR_HEURES_SOLIDARITE', 'Heures solidarité'),
(NULL, 'CFR_HEURES_SUPERVISION', 'Heures Supervision'),
(NULL, 'CFR_HEURES_SUP_110', 'Heures supplémentaires 110%'),
(NULL, 'CFR_HEURES_SUP_115', 'Heures supplémentaires 115%'),
(NULL, 'CFR_HEURES_SUP_120', 'Heures supplémentaires 120%'),
(NULL, 'CFR_DED_JF_JOUR_SOLIDAR', 'Abs. jour férié du 25-12-05 au 25-12-05'),
(NULL, 'CFR_DIFF_BIENS_SERVICES', 'Différentiel de biens et services'),
(NULL, 'CFR_DIFF_BIENS_SERVICE_NE', 'Differentiel de biens et services'),
(NULL, 'CFR_DIFF_CHANGE', 'Différentiel de change'),
(NULL, 'CFR_DIFF_DETACHEMENT', 'Différentiel de détachement à l''étranger'),
(NULL, 'CFR_DIFF_DETACHEMENT_NET', 'Contrepartie différentiel détachement à l''étranger'),
(NULL, 'CFR_EQUI_CHARGE_SOCIALE', 'Equivalent charges sociales'),
(NULL, 'CFR_EXO_AV_NAT_PATRONAL', 'Exonération avantage nature'),
(NULL, 'CFR_EXO_CONTRAT_JEUNE', 'Exonération contrat jeune'),
(NULL, 'CFR_FNGS_EXPAT', 'FNGS expatrié'),
(NULL, 'CFR_FORFAIT_SOCIAL_AUTRE', 'Forfait Social interessement/participation'),
(NULL, 'SFR_BONUS_RISK', 'Prime de risque'),
(NULL, 'SFR_BONUS_STAND', 'Prime dastreinte'),
(NULL, 'SFR_BONUS_TRANS', 'Prime de déplacement'),
(NULL, 'CFR_PRIME_MOBILITE_NET', 'Prime mobilité (pour salarié expatrié)'),
(NULL, 'CFR_PRIME_NAE', 'Prime NAE'),
(NULL, 'CFR_PRIME_NUIT', 'Prime de Nuit'),
(NULL, 'CFR_PRIME_OBJECTIF', 'Prime sur objectif'),
(NULL, 'CFR_PRIME_OUVERT', 'Prime d''ouverture'),
(NULL, 'CFR_PRIME_POSTE', 'Prime de Poste'),
(NULL, 'CFR_PRIME_PROBAT', 'Prime probatoire'),
(NULL, 'CFR_PRIME_RECLASSEMENT', 'Prime de reclassement'),
(NULL, 'CFR_PRIME_REPAS_SOIR', 'Indemnité repas soir'),
(NULL, 'CFR_IND_ABS_CHOM_PART', 'Indemnisation absence chomage partiel'),
(NULL, 'CFR_IND_ABS_CONGE_DIVERS', 'Indemnisation congé divers'),
(NULL, 'CFR_IND_ABS_CONGE_EM', 'Congé enfant malade (LPC)'),
(NULL, 'CFR_IND_ABS_CONGE_ENF_MAL', 'Congé enfant malade'),
(NULL, 'CFR_IND_ABS_CONGE_FORM', 'Indemnisation congé formation'),
(NULL, 'CFR_HEURES_SUP_125', 'Heures supplémentaires 125%'),
(NULL, 'CFR_HEURES_SUP_150', 'Heures supplémentaires 150%'),
(NULL, 'CFR_IND_ABS_PAR_MAL', 'Indemnisation congé parent malade'),
(NULL, 'CFR_IND_ABS_PERIODE_MILIT', 'Indemnité Période militaire'),
(NULL, 'CFR_IND_ABS_PNE', 'Indemnisation préavis non effectué'),
(NULL, 'CFR_IND_ABS_RC', 'Indemnisation repos compensateur'),
(NULL, 'CFR_IND_ABS_RC_REMP', 'Repos compensateur de remplacement'),
(NULL, 'CFR_IND_ABS_RECH_EMPL', 'Indemnisation recherche emploi'),
(NULL, 'CFR_IND_ABS_REPOS_MAT', 'Indemnisation repos maternité'),
(NULL, 'CFR_IND_ABS_RN', 'Repos heures de nuit'),
(NULL, 'SFR_NOR_OVERTIME_R3', 'Heures supplémentaires 2'),
(NULL, 'SFR_NOR_OVERTIME_R4', 'Heures supplémentaires 3'),
(NULL, 'SFR_NOR_REG_OVERTIME_R1', 'Régulation heures complémentaires'),
(NULL, 'SFR_NOR_REG_OVERTIME_R2', 'Régulation heures suplémentaires 1'),
(NULL, 'SFR_NOR_REG_OVERTIME_R3', 'Régulation heures suplémentaires 2'),
(NULL, 'SFR_NOR_REG_OVERTIME_R4', 'Régulation heures suplémentaires 3'),
(NULL, 'SFR_PROF_EXPEN', 'Remboursement de frais'),
(NULL, 'SFR_REINT_PART_COMP_TICK', 'Reintégration avantage nature sur tickets rest.'),
(NULL, 'SFR_SAT_OVERTIME_R1', 'Indemnités de samedis'),
(NULL, 'SFR_SAT_REG_OVERTIME_R1', 'Régularisation indemnités de samedis'),
(NULL, 'SFR_SS_AT_COMP', 'Accident du travail'),
(NULL, 'CFR_REGUL_1600_H', 'Régularisation 1607 heures'),
(NULL, 'CFR_REGUL_CHARGES_SAL', 'Regularisation Charges Salariales'),
(NULL, 'CFR_REGUL_COMPLEMENT', 'Regule du compl. emp. par <> IJSS'),
(NULL, 'CFR_REGUL_COTIS_PAT_PRP', 'Régularisation cotisation vieillesse part patronal'),
(NULL, 'CFR_REGUL_COTIS_SAL_PRP', 'Régul cotisation vieillesse part salariale'),
(NULL, 'CFR_REGUL_CP', 'Régularisation congés payés'),
(NULL, 'CFR_REGUL_CP_ANT', 'Régularisation manuelle CP antérieur'),
(NULL, 'CFR_REGUL_DELTA_IMPOSABLE', 'Régularisation "delta" sur imposable'),
(NULL, 'CFR_REGUL_DELTA_NET', 'Régulariasation "delta" du net à payer'),
(NULL, 'CFR_REGUL_HEURES', 'Régularisation'),
(NULL, 'CFR_REGUL_INTER_PAYE', 'Régularisation interessement payé'),
(NULL, 'CFR_REGUL_INTER_PLACE', 'regularisation Interessement'),
(NULL, 'CFR_REMU_VAR', 'Rémunération variable'),
(NULL, 'CFR_REMU_VARIABLE_IND_SOL', 'Rémunération variable collective'),
(NULL, 'CFR_REMU_VAR_COL_ADJ', 'Rémunération variable collective ADJ'),
(NULL, 'SFR_SS_FNAL_TA_COMP', 'FNAL plafonné'),
(NULL, 'SFR_SS_MAL_EXO_EMP', 'Séc. soc. maladie exonérée'),
(NULL, 'SFR_SS_MAL_NON_EXO', 'Séc. soc. Maladie'),
(NULL, 'CFR_INDEM_J_FERIE', 'Indemnisation jour férié solde du'),
(NULL, 'CFR_INDEM_LICENCIE', 'Indemnité de licenciement'),
(NULL, 'CFR_INDEM_LIC_CSG_CRDS', 'Indemnité de licenciement soumise CSG/CRDS'),
(NULL, 'CFR_SURPRIME_INTERS_BRUT', 'Surprime Interessement Brute'),
(NULL, 'CFR_TRANSF_FRONT', 'Transfert frontalier'),
(NULL, 'CFR_VARIABLE_MS', 'Variable MS'),
(NULL, 'CFR_VIP_MALADIE_EXPAT', 'VIP maladie expatrié'),
(NULL, 'CFR_VIP_MAL_EXPAT_HF', 'vip maladie expat hors forfait'),
(NULL, 'SCO_LOAN_PAY_OFF', 'Retenue prêt'),
(NULL, 'SCO_NET', 'Net à payer'),
(NULL, 'SFR_ADVANCE', 'Avance sur paie négative'),
(NULL, 'SFR_ADVANCE_PREV', 'Remboursement avance paie négative'),
(NULL, 'SFR_AGFF_TA', 'AGFF Tranche A'),
(NULL, 'SFR_AGFF_TB', 'AGFF Tranche B'),
(NULL, 'SFR_ALL_LAY_OFF', 'Indemnité de licenciement'),
(NULL, 'SFR_TRAINING', 'Taxe formation'),
(NULL, 'SFR_TS_BAS1', 'Taux salarial provisoire/Intermediare'),
(NULL, 'CFR_IND_ABS_CONGE_NAISS', 'Indemnisation congé naissanc'),
(NULL, 'CFR_IND_ABS_CP_ANC_N1', 'Congés payés ancienneté acquis'),
(NULL, 'CFR_IND_ABS_CP_ANC_N2', 'Congés payés ancienneté antérieurs'),
(NULL, 'CFR_IND_ABS_CP_CONV_N1', 'Congés payés conventionnels acquis'),
(NULL, 'CFR_CPLT_PRIME_VIE_CHERE', 'Complément prime vie chère'),
(NULL, 'CFR_CRDS_ALLOC_RECL', 'CRDS allocation de reclassement'),
(NULL, 'CFR_CRDS_CHOM_PART', 'CRDS sur chomage partiel'),
(NULL, 'CFR_CRDS_REGUL_INTER_PAYE', 'CRDS Regulariqation interessement payé'),
(NULL, 'CFR_CRDS_REGUL_INTER_PLAC', 'CRDS sur régul interessement placé'),
(NULL, 'CFR_CSG_CRDS_INTERESSEMEN', 'CSG/CRDS interessement'),
(NULL, 'CFR_CSG_CRDS_INTER_EXCEPT', 'CSG/CRDS intéressement exceptionnel'),
(NULL, 'CFR_CSG_CRDS_PARTICIPATIO', 'CFR_CSG_CRDS_PARTICIPATIO'),
(NULL, 'CFR_CSG_CRDS_SUR_NET', 'CSG/CRDS sur Net'),
(NULL, 'CFR_CSG_CRDS_TEPA', 'CFR CSGsur TEPA deductible'),
(NULL, 'CFR_CSG_DEDUC_REGUL_PLACE', 'Base CSG sur régularisation interessement placé'),
(NULL, 'CFR_CSG_DED_ALLOC_RECL', 'CSG déductible allocation reclassement'),
(NULL, 'CFR_CSG_DED_CHOM_PART', 'CSG deductible chomage partiel'),
(NULL, 'CFR_CSG_DED_REGUL_INT_PAY', 'Regualrisation interessement payé'),
(NULL, 'CFR_CSG_INTERESS_COMPTA', 'CFR_CSG_INTERESS_COMPTA'),
(NULL, 'CFR_REMU_VAR_COL_DU', 'Rémunération variable collective DR'),
(NULL, 'CFR_REMU_VAR_INDIV', 'Rémunération variable individuelle'),
(NULL, 'CFR_REMU_VAR_INDIV_DR', 'Rémunération variable individuelle DR'),
(NULL, 'CFR_REPRISE_AVANCE_IJSS', 'Reprise avançe IJSS'),
(NULL, 'CFR_RETENUE_SOURCE', 'Retenue à la source'),
(NULL, 'CFR_RET_ABSENCE_AT', 'Retenue pour absence AT'),
(NULL, 'CFR_PRIME_RETOUR_EMPLOI', 'Prime retour a l emploi'),
(NULL, 'CFR_PRIME_SERVEUR', 'Prime serveur'),
(NULL, 'CFR_PRIME_SNARR', 'Prime Annuelle Conventionnelle'),
(NULL, 'CFR_PRIME_SUISSE', 'Prime Suisse'),
(NULL, 'CFR_PRIME_TUTEUR', 'Prime tuteur'),
(NULL, 'CFR_PRIME_TVA', 'Prime TVA'),
(NULL, 'CFR_PRIME_VENTE', 'Prime de vente'),
(NULL, 'CFR_PRIME_VIE_CHERE', 'Prime vie chère'),
(NULL, 'CFR_PROV_CP', 'Provision de congés payés'),
(NULL, 'CFR_PROV_GRATIFICATION', 'Provision gratification'),
(NULL, 'CFR_PROV_JFG', 'Montant provision JFG'),
(NULL, 'CFR_PROV_MAJO_ANNU_CONV', 'Provision majoration annuelle conv.'),
(NULL, 'CFR_PROV_PRECARITE', 'Provision précarité'),
(NULL, 'CFR_PROV_PRIME_J_FERIE', 'Provision prime jour férié'),
(NULL, 'CFR_PROV_PRIME_SNARR', 'Provision prime SNARR'),
(NULL, 'CFR_PROV_PRIME_TVA', 'Provision  Prime TVA'),
(NULL, 'CFR_QUOT_PAR_LOC_VEHI', 'Quote part location véhicule'),
(NULL, 'CFR_RECUPERATION', 'Récupération'),
(NULL, 'CFR_RECUP_ADVANCE', 'Récupération de l''avance sur paie négative'),
(NULL, 'CFR_RECUP_AVANCE_CP', 'Récupération avance sur CP'),
(NULL, 'CFR_RECUP_AVANCE_FRAIS', 'Récupération avance sur frais'),
(NULL, 'CFR_RECUP_AVANCE_IJSS_AT', 'Récupération avance sur IJSS_AT'),
(NULL, 'CFR_RECUP_COMPLEMENT', 'Récupération avance SS'),
(NULL, 'CFR_AV_NAT_PNE', 'Avantage en nature préavis non effectué'),
(NULL, 'CFR_AV_NAT_PNE_PAYE', 'Avantage nature préavis non effectué payé'),
(NULL, 'CFR_AV_NAT_RC', 'Avantage nature repos compensateur'),
(NULL, 'CFR_AV_NAT_RCR', 'Avantage en nature repos compensateur remplacement'),
(NULL, 'CFR_AV_NAT_REP_EV_FAM', 'Avantage nature repos évènement familial'),
(NULL, 'CFR_AV_NAT_TICK_REP', 'Avantage nature tickets repas'),
(NULL, 'CFR_AV_NAT_TICK_REP_NET', 'Contrepartie av. nat. tickets repas'),
(NULL, 'CFR_BONUS_EXCEPTIONNEL', 'Bonus exceptionnel'),
(NULL, 'CFR_CAISSE_CONGE_SPECT', 'Caisse de congés spectacle (patronal)'),
(NULL, 'CFR_COMITE_ENTRAIDE_FAM', 'Comité d''entraide familiale'),
(NULL, 'CFR_COMMISSION', 'Commission'),
(NULL, 'CFR_COMPLEMENT_PREV_BRUT', 'IJ prévoyance brut'),
(NULL, 'CFR_COMPLEMENT_PREV_NET', 'IJ prévoyance Net'),
(NULL, 'CFR_COMPLEMENT_SERVICE', 'Complément Employeur'),
(NULL, 'CFR_CONTR_IND_MIS_EN_RETR', 'Contribution indemnité de mise a la retraite'),
(NULL, 'CFR_AV_NAT_CONGE_FORM', 'Avantage nature congé de formation'),
(NULL, 'CFR_AV_NAT_CONGE_NAISS', 'Avantage nature congé naissance'),
(NULL, 'CFR_HEURES_NON_PRESTEES', 'Heures non prestées'),
(NULL, 'CFR_HEURES_NON_PREST_SERV', 'Nombre heures non prestées au service'),
(NULL, 'CFR_HEURES_NORMALES', 'Rémunération heures normales'),
(NULL, 'CFR_HEURES_NORMAL_SERV', 'Heures Normales au service'),
(NULL, 'CFR_HEURES_NUIT', 'Heures de nuit'),
(NULL, 'CFR_HEURES_NUIT_15', 'Majoration heures de nuit à 15%'),
(NULL, 'CFR_HEURES_NUIT_20', 'Majoration heures de nuit 20%'),
(NULL, 'CFR_HEURES_NUIT_25', 'Majoration heures de nuit 25%'),
(NULL, 'CFR_HEURES_NUIT_40', 'Majoration heures de nuit 40%'),
(NULL, 'CFR_HEURES_NUIT_AFF', 'Nombre d''heures de nuit'),
(NULL, 'CFR_HEURES_RUNNER', 'Heures Runner'),
(NULL, 'CFR_INDEMNITE_CP_DU', 'Indemnité de congés payés dûs'),
(NULL, 'SFR_NOR_REG_OVERTIME_R2', 'Régulation heures suplémentaires 1'),
(NULL, 'SFR_NOR_REG_OVERTIME_R3', 'Régulation heures suplémentaires 2'),
(NULL, 'CFR_INDEM_J_FERIE', 'Indemnisation jour férié solde du'),
(NULL, 'CFR_INDEM_LICENCIE', 'Indemnité de licenciement'),
(NULL, 'CFR_TRANSF_FRONT', 'Transfert frontalier'),
(NULL, 'CFR_VARIABLE_MS', 'Variable MS'),
(NULL, 'CFR_VIP_MAL_EXPAT_HF', 'vip maladie expat hors forfait'),
(NULL, 'SCO_LOAN_PAY_OFF', 'Retenue prêt'),
(NULL, 'SCO_NET', 'Net à payer'),
(NULL, 'SFR_ADVANCE', 'Avance sur paie négative'),
(NULL, 'SFR_ADVANCE_PREV', 'Remboursement avance paie négative'),
(NULL, 'SFR_AGFF_TA', 'AGFF Tranche A'),
(NULL, 'SFR_AGFF_TB', 'AGFF Tranche B'),
(NULL, 'SFR_ALL_LAY_OFF', 'Indemnité de licenciement'),
(NULL, 'SFR_TRAINING', 'Taxe formation'),
(NULL, 'SFR_TS_BAS1', 'Taux salarial provisoire/Intermediare'),
('ND', 'ND', 'Non défini'),
(NULL, 'CFR_HEURES_NORMALES', 'Rémunération heures normales'),
(NULL, 'CFR_HEURES_NUIT', 'Heures de nuit'),
(NULL, 'CFR_HEURES_NUIT_15', 'Majoration heures de nuit à 15%'),
(NULL, 'CFR_HEURES_NUIT_20', 'Majoration heures de nuit 20%'),
(NULL, 'CFR_HEURES_NUIT_25', 'Majoration heures de nuit 25%'),
(NULL, 'CFR_HEURES_NUIT_40', 'Majoration heures de nuit 40%'),
(NULL, 'CFR_HEURES_NUIT_AFF', 'Nombre d''heures de nuit'),
(NULL, 'CFR_HEURES_RUNNER', 'Heures Runner'),
(NULL, 'CFR_INDEMNITE_CP_DU', 'Indemnité de congés payés dûs'),
(NULL, 'CFR_INDEM_ANIMATEUR', 'Indemnité animateur'),
(NULL, 'CFR_INDEM_BLANC', 'Indemnité de blanchissage'),
(NULL, 'CFR_INDEM_CP_CONV', 'Paiement repos compensation'),
(NULL, 'CFR_INDEM_CP_HAB', 'Indemnité CP habillage'),
(NULL, 'CFR_INDEM_DELAI_PREV', 'Indemnité compensatrice délai de prévenance'),
(NULL, 'CFR_AV_NAT_CONS', 'Avantage en nature consommé'),
(NULL, 'CFR_AV_NAT_ENF_MAL', 'Avantage nature enfant malade'),
(NULL, 'CFR_INDEM_NOURRITURE', 'Indemnité de nourriture'),
(NULL, 'CFR_INDEM_RC', 'Indemnisation repos compensateur'),
(NULL, 'CFR_INDEM_RCR', 'Indemnité repos compensateur remplacement'),
(NULL, 'CFR_INDEM_REPOS_JFG', 'repos jour férié garanti'),
(NULL, 'CFR_INDEM_RETRAITE', 'Indemnité de mise à la retraite'),
(NULL, 'CFR_INDEM_RUPT_CONTR', 'Indemnité spécifique de rupture conventionnelle'),
(NULL, 'CFR_INDEM_STAGE', 'Indemnité de stage'),
(NULL, 'CFR_RET_ABSENCE_MAT', 'Retenue pour absence maternité'),
(NULL, 'CFR_RET_ABSENCE_PAT', 'Retenue absence paternité'),
(NULL, 'CFR_RET_ABS_1_J_AT', 'Déduction 1er jour AT'),
(NULL, 'CFR_RET_ABS_ACC_TRAJ', 'Déduction Accident de trajet'),
(NULL, 'CFR_RET_ABS_AGA', 'Déduction absence autorisée pandémie'),
(NULL, 'CFR_RET_ABS_CAC', 'Retenue congé d''accompagnement'),
(NULL, 'CFR_RET_ABS_CCR', 'Déduction congé création d''entreprise'),
(NULL, 'CFR_RET_ABS_CHOM_TOT', 'Déduction chômage total'),
(NULL, 'CFR_RET_ABS_CONGE_EM', 'Déduction enfant malade (LPC)'),
(NULL, 'CFR_PRIME_INSTAL', 'Prime d''installation'),
(NULL, 'CFR_PRIME_INSTAL_NET', 'Prime d''installation (salarié expatrié)'),
(NULL, 'CFR_PRIME_JOUR_FERIE', 'Prime jour férié'),
(NULL, 'CFR_HEURES_SUP_110', 'Heures supplémentaires 110%'),
(NULL, 'CFR_HEURES_SUP_115', 'Heures supplémentaires 115%'),
(NULL, 'CFR_HEURES_SUP_120', 'Heures supplémentaires 120%'),
(NULL, 'CFR_DIFF_CHANGE', 'Différentiel de change'),
(NULL, 'CFR_DIFF_DETACHEMENT', 'Différentiel de détachement à l''étranger'),
(NULL, 'CFR_FNGS_EXPAT', 'FNGS expatrié'),
(NULL, 'CFR_GAR_ANNUEL', 'Garantie annuelle'),
(NULL, 'CFR_GAR_ANNUEL_SAL', 'Garantie annuelle (salaire)'),
(NULL, 'CFR_GAR_CHOM_PART', 'Garanti chomage partiel'),
(NULL, 'CFR_GAR_CHOM_TOTAL', 'Garanti chomage total'),
(NULL, 'CFR_GRATIF', 'Gratification'),
(NULL, 'CFR_GRATIF_LPC', 'Gratification LPC'),
(NULL, 'CFR_HEURES_ACCUEIL', 'Nombres d''heures accueil'),
(NULL, 'CFR_HEURES_AUTRES', 'Heures Autres'),
(NULL, 'CFR_HEURES_BAR', 'Heures BAR'),
(NULL, 'CFR_HEURES_COMPL', 'Heures complémentaires'),
(NULL, 'CFR_RET_ABS_CP_SUP', 'Déduction congés payés supplémentaires'),
(NULL, 'CFR_RET_ABS_EVE_FAM', 'Déduction évènement familial'),
(NULL, 'CFR_RET_ABS_GREVE', 'Déduction grêve'),
(NULL, 'CFR_COTISATION_CIL', 'Cotisation CIL'),
(NULL, 'CFR_CPLT_CARENCE_SS', 'Complément alsace-moselle'),
(NULL, 'CFR_CPLT_DIFF_RTT', 'Complément différentiel RTT'),
(NULL, 'CFR_HRES_MAJO_10', 'Majoration 10%'),
(NULL, 'CFR_AT_EXPAT', 'Accident de travail expatrié'),
(NULL, 'CFR_AVANCE_CP', 'Avance CP'),
(NULL, 'CFR_AVANCE_FRAIS', 'Avance sur Frais'),
(NULL, 'CFR_AVANCE_IJSS', 'Avance IJSS'),
(NULL, 'CFR_AVANCE_IJSS_AT', 'Avance IJSS AT'),
(NULL, 'CFR_AVANTAGE_NATURE', 'Avantages en nature repas'),
(NULL, 'CFR_AVNAT_VEHICULE', 'Avantage en nature Véhicule'),
(NULL, 'CFR_AV_NAT_1_J_AT', 'Avantage nature 1er jour AT'),
(NULL, 'CFR_AV_NAT_CHOM_TECH', 'Avantage nature chomage partiel'),
(NULL, 'SFR_CHOM_TB', 'ASSEDIC tranche B'),
(NULL, 'SFR_CRDS_EMP', 'CRDS'),
(NULL, 'SFR_CSG_NON_TAX_EMP', 'CSG déductible'),
(NULL, 'SFR_CSG_TAX_EMP', 'CSG non déductible'),
(NULL, 'SFR_DED_BEN_KIND', 'Avantages en nature'),
(NULL, 'CFR_PATRO_TICK_REP', 'Part patronale tickets repas'),
(NULL, 'CFR_PREAVIS_N_EFF', 'Préavis non effectué'),
(NULL, 'CFR_PREST_CE_FAMIL', 'Prestation comité entraide familial'),
(NULL, 'CFR_PREV_PORT_ISICA', 'Portabilité ISICA'),
(NULL, 'CFR_PREV_PORT_MORNAY', 'Cotisation prévoyance portabilité Mornay'),
(NULL, 'CFR_PREV_PORT_VERSP', 'Cotisation prévoyance portabilité Verspieren'),
(NULL, 'CFR_PRIME_13EME_MOIS', 'Prime 13éme mois'),
(NULL, 'CFR_PRIME_ANCIENNETE', 'Prime d''ancienneté'),
(NULL, 'CFR_PRIME_ANC_10', 'Prime anniversaire 10 ans'),
(NULL, 'CFR_PRIME_ANC_15', 'Prime anniversaire 15 ans'),
(NULL, 'CFR_PRIME_ANC_20', 'Prime anniversaire 20 ans'),
(NULL, 'CFR_PRIME_ANC_25', 'Prime anniversaire 25 ans'),
(NULL, 'CFR_PRIME_ANC_30', 'Prime anniversaire 30 ans'),
(NULL, 'CFR_PRIME_ANC_35', 'Prime anniversaire 35 ans'),
(NULL, 'CFR_PRIME_ANC_40', 'Prime anniversaire 40 ans'),
(NULL, 'CFR_PRIME_ANC_5', 'Prime anniversaire 5 ans'),
(NULL, 'CFR_PRIME_ANIM_SERV', 'Prime animateur de service'),
(NULL, 'CFR_PRIME_ANNUEL', 'Prime annuelle'),
(NULL, 'CFR_PRIME_ASSIDUITE', 'Prime d''assiduité'),
(NULL, 'CFR_PRIME_ASSIST_OP', 'Prime assistant opérationnel'),
(NULL, 'CFR_PRIME_ASTREINT', 'Prime astreinte'),
(NULL, 'CFR_PRIME_BRADERIE', 'Prime braderie'),
(NULL, 'CFR_PRIME_BRASSIN', 'Prime de Brassin'),
(NULL, 'CFR_PRIME_CHALLENGE', 'Prime Challenge'),
(NULL, 'CFR_PRIME_CHAUSSURE', 'Prime de chaussure'),
(NULL, 'CFR_PRIME_DEPLACE', 'Prime de déplacement'),
(NULL, 'CFR_AV_NAT_J_FERIE', 'Avantage nature jour férié'),
(NULL, 'CFR_AV_NAT_MISE_PIED', 'Avantage nature mise à pied'),
(NULL, 'CFR_AV_NAT_PER_MILIT', 'Avantage nature période militaire'),
(NULL, 'SFR_SS_RCP_MONTH', 'Réduction de charges patronales'),
(NULL, 'SFR_SS_VEUV_EXO_EMP', 'Séc. soc. vieillesse déplafon. exonéré'),
(NULL, 'SFR_SUN_OVERTIME_R1', 'Indemnités de dimanches'),
(NULL, 'CFR_MEDECINE_TRAV', 'Médecine du travail'),
(NULL, 'CFR_MNT_CARTE_ORANGE', 'Montant carte orange'),
(NULL, 'CFR_HEURES_COMPL_105', 'Heures complémentaires 105%'),
(NULL, 'CFR_CPLT_MALADIE', 'Complément maladie'),
(NULL, 'CFR_CPLT_MATERNITE', 'Complément maternité'),
(NULL, 'CFR_HEURES_CUISINE', 'Nombre d''heures cuisine'),
(NULL, 'CFR_HEURES_FORMATION', 'Heures Formation'),
(NULL, 'CFR_HEURES_NETTOYAGE', 'Nombre d''heures nettoyage'),
(NULL, 'CFR_MAJO_HC_105', 'Heures complémentaires 105% majorées'),
(NULL, 'CFR_MAJO_HC_125', 'Heures complementaire majorées 125%'),
(NULL, 'CFR_MAJO_HS_110', 'Heures supplémentaires 110% majorées'),
(NULL, 'CFR_MAJO_HS_120', 'Heures supplémentaire 120 majorées'),
(NULL, 'CFR_MAJO_HS_150', 'Majoration Heures sup 150%'),
(NULL, 'CFR_MAJO_JFG_SERVICE', 'Majoration JFG au service'),
(NULL, 'CFR_MAJO_JF_GARANTI', 'Majoration jour férié garanti'),
(NULL, 'CFR_MAJO_NSERV_JFG3B', 'Majoration JFG non au service'),
(NULL, 'CFR_MEDAIL_TRAVAIL', 'Gratification médaille du travail 35 ans'),
(NULL, 'CFR_RET_ABS_MLP', 'Déduction maladie professionnelle'),
(NULL, 'CFR_RET_ABS_MPP', 'Déduction mise à pied'),
(NULL, 'CFR_RET_ABS_PAR_MAL', 'Déduction absence parent malade'),
(NULL, 'CFR_RET_ABS_PNE', 'Déduction préavis non effectué'),
(NULL, 'CFR_RET_ABS_RC', 'Déduction repos compensateur'),
(NULL, 'CFR_RET_ABS_RC_REMP', 'Déduction repos compensateur de remplacement'),
(NULL, 'CFR_RET_ABS_REP_MAT', 'Déduction repos maternité'),
(NULL, 'CFR_RET_ABS_RETARD', 'Déduction retard'),
(NULL, 'CFR_RET_ABS_RN', 'Déduction repos heures de nuit'),
(NULL, 'CFR_RET_ABS_RTT', 'Absence RTT'),
(NULL, 'SFR_HOUSING', 'Effor à la construction'),
(NULL, 'SFR_INDEM_VACATIONS', 'Indemnité congés payés'),
(NULL, 'SFR_NOR_OVERTIME_R1', 'Heures complémentaires'),
(NULL, 'SFR_NOR_OVERTIME_R2', 'Heures supplémentaires 1'),
(NULL, 'SFR_ALL_PREC', 'Indemnité de précarité'),
(NULL, 'SFR_ALL_PUT_RET', 'Indemnité de mise à la retraite'),
(NULL, 'SFR_ALL_VAC', 'Indem. compen. de congés payés N'),
(NULL, 'SFR_ALL_VAC_PREV', 'Indem. comp. de congés payés N-1'),
(NULL, 'SFR_ALL_VOL_RET', 'Indemnité de départ à la retraite'),
(NULL, 'SFR_AMT_RED_BAS_GMR', 'Montant réduction bas salaires 35h GMR'),
(NULL, 'SFR_AMT_RED_BAS_SMIC', 'Montant réduction bas salaires SMIC'),
(NULL, 'SFR_ANCIENNETE', 'Prime d''ancienneté'),
(NULL, 'SFR_ASF_TA', 'ASSEDIC ASF tranche A'),
(NULL, 'SFR_BONUS_PROD', 'Prime de productivité'),
(NULL, 'SFR_BONUS_RESP', 'Prime de responsabilité'),
(NULL, 'SFR_TS_BAS2', 'Taux salarial provisoire/Tranche C'),
(NULL, 'SFR_TS_GROSS', 'Taux salarial provisoire/Brut'),
(NULL, 'SFR_WORKER_COUNCIL_1', 'Cotisation comité d''établissement 1'),
(NULL, 'SFR_WORKER_COUNCIL_2', 'Cotisation comité d''établissement 2'),
(NULL, 'CFR_INDEM_DEP_RET', 'Indemnité de départ en retraite'),
(NULL, 'CFR_INDEM_FORF_INST_SOUMI', 'Indemnité Forfaitaire d installation'),
(NULL, 'CFR_INDEM_INSTALLATION', 'Indemnité forfaitaire installation'),
(NULL, 'CFR_INDEM_INTERRUPT', 'Indemnité d''interruption'),
(NULL, 'CFR_INDEM_JFG', 'indemnisation jour férié garanti dus'),
(NULL, 'CFR_INDEM_JOURN_EXPAT', 'Indemnité journalière expatrié'),
('META4', 'CFR_SS_MAL_EST', 'ss maladie région Est'),
('META4', 'CFR_SS_MAL_EXO_COMP', 'Part patronal SS Maladie exo'),
('META4', 'CFR_SS_SOC_SUP_ALSACE', 'Sec soc Suppl. Alsace Moselle'),
('META4', 'CFR_SURPRIME_INTERS_BRUT', 'Surprime Interessement Brute'),
('META4', 'CFR_TRANSF_FRONT', 'Transfert frontalier'),
('META4', 'CFR_VARIABLE_MS', 'Variable MS'),
('META4', 'CFR_VIP_MALADIE_EXPAT', 'VIP maladie expatrié'),
('META4', 'CFR_VIP_MAL_EXPAT_HF', 'vip maladie expat hors forfait'),
('META4', 'CFR_PRIME_FROID', 'Prime de froid'),
('META4', 'CFR_PRIME_HAB', 'Prime habillage/deshabillage'),
('META4', 'CFR_PRIME_INDIV', 'Prime individuelle'),
('META4', 'CFR_PRIME_INSTAL', 'Prime d''installation'),
('META4', 'CFR_PRIME_INSTAL_NET', 'Prime d''installation (salarié expatrié)'),
('META4', 'CFR_PRIME_JOUR_FERIE', 'Prime jour férié'),
('META4', 'CFR_PRIME_LEADER_SALLE', 'Prime Leader Salle'),
('META4', 'CFR_PRIME_LOC_PARIS', 'Prime locale PARIS'),
('META4', 'CFR_PRIME_MISSION', 'Prime mission'),
('META4', 'CFR_PRIME_MOBILITE', 'Prime mobilité'),
('META4', 'CFR_PRIME_MOBILITE_MUTAT', 'Prime de mobilité mutation'),
('META4', 'CFR_PRIME_MOBILITE_NET', 'Prime mobilité (pour salarié expatrié)'),
('META4', 'CFR_PRIME_NAE', 'Prime NAE'),
('META4', 'CFR_PRIME_NUIT', 'Prime de Nuit'),
('META4', 'CFR_HEURES_SUPERVISION', 'Heures Supervision'),
('META4', 'CFR_HEURES_SUP_110', 'Heures supplémentaires 110%'),
('META4', 'CFR_HEURES_SUP_115', 'Heures supplémentaires 115%'),
('META4', 'CFR_HEURES_SUP_120', 'Heures supplémentaires 120%'),
('META4', 'CFR_HEURES_SUP_125', 'Heures supplémentaires 125%'),
('META4', 'CFR_HEURES_SUP_150', 'Heures supplémentaires 150%'),
('META4', 'CFR_HRES_MAJO_10', 'Majoration 10%'),
('META4', 'CFR_HRES_MAJO_10_TEPA', 'Heures majo 10 exonérées TEPA'),
('META4', 'CFR_HRES_MAJO_20_TEPA', 'Heures majo 20 exonérées TEPA'),
('META4', 'CFR_HRES_MAJO_25_TEPA', 'Heures majo 25 exonérées TEPA'),
('META4', 'CFR_HRES_MAJO_50_TEPA', 'Heures majo 50 exonérées TEPA'),
('META4', 'CFR_HRS_FORM_VALO', 'Heures formation restaurant (compteur formation)'),
('META4', 'CFR_HRS_FORM_VISION_VALO', 'Heures formation VISION FLUNCH'),
('META4', 'CFR_HSUP_CONV_TEPA', 'Heures sup conventionnelles'),
('META4', 'CFR_IMPOT_FRANC', 'Impôts français'),
('META4', 'CFR_INDEMNITE_CP_DU', 'Indemnité de congés payés dûs'),
('META4', 'CFR_RET_ABS_ACC_TRAJ', 'Déduction Accident de trajet'),
('META4', 'CFR_RET_ABS_AGA', 'Déduction absence autorisée pandémie'),
('META4', 'CFR_RET_ABS_AUTORISEE', 'Déduction absence autorisée'),
('META4', 'CFR_SAISIE_2', 'Saisie arrêt 2'),
('META4', 'CFR_SAISIE_3', 'Saisie arrêt 3'),
('META4', 'CFR_SAISIE_4', 'Saisie arrêt 4'),
('META4', 'CFR_SAISIE_5', 'Saisie arrêt 5'),
('META4', 'CFR_SAISIE_6', 'Saisie arrêt 6'),
('META4', 'CFR_GAR_CHOM_PART', 'Garanti chomage partiel'),
('META4', 'CFR_GAR_CHOM_TOTAL', 'Garanti chomage total'),
('META4', 'CFR_GRATIF', 'Gratification'),
('META4', 'CFR_GRATIF_LPC', 'Gratification LPC'),
('META4', 'CFR_HEURES_ACCUEIL', 'Nombres d''heures accueil'),
('META4', 'CFR_COTISATION_CIL', 'Cotisation CIL'),
('META4', 'CFR_CPLT_ACCIDENT_TRAJET', 'Complément accident de trajet'),
('META4', 'CFR_CPLT_ACCIDENT_TRAVAIL', 'Complément accident de travail'),
('META4', 'CFR_CPLT_CARENCE_HOSP', 'Complément employeur hospitalisation'),
('META4', 'CFR_CPLT_CARENCE_SS', 'Complément alsace-moselle'),
('META4', 'CFR_CPLT_DIFF_RTT', 'Complément différentiel RTT'),
('META4', 'CFR_CPLT_MALADIE', 'Complément maladie'),
('META4', 'CFR_CPLT_MALADIE_PROF', 'Complément maladie professionnelle'),
('META4', 'CFR_CPLT_MATERNITE', 'Complément maternité'),
('META4', 'CFR_CPLT_PRIME_VIE_CHERE', 'Complément prime vie chère'),
('META4', 'CFR_CRDS_ALLOC_RECL', 'CRDS allocation de reclassement'),
('META4', 'CFR_CRDS_CHOM_PART', 'CRDS sur chomage partiel'),
('META4', 'CFR_CRDS_REGUL_INTER_PAYE', 'CRDS Regulariqation interessement payé'),
('META4', 'CFR_PRIME_ANCIENNETE', 'Prime d''ancienneté'),
('META4', 'CFR_PRIME_ANC_10', 'Prime anniversaire 10 ans'),
('META4', 'CFR_PRIME_ANC_15', 'Prime anniversaire 15 ans'),
('META4', 'CFR_PRIME_ANC_20', 'Prime anniversaire 20 ans'),
('META4', 'CFR_PRIME_ANC_25', 'Prime anniversaire 25 ans'),
('META4', 'CFR_PRIME_ANC_30', 'Prime anniversaire 30 ans'),
('META4', 'CFR_PRIME_ANC_35', 'Prime anniversaire 35 ans'),
('META4', 'CFR_PRIME_ANC_40', 'Prime anniversaire 40 ans'),
('META4', 'CFR_PRIME_ANC_5', 'Prime anniversaire 5 ans'),
('META4', 'CFR_PRIME_ANIM_SERV', 'Prime animateur de service'),
('META4', 'CFR_PRIME_ANNUEL', 'Prime annuelle'),
('META4', 'CFR_AV_NAT_RC', 'Avantage nature repos compensateur'),
('META4', 'CFR_AV_NAT_RCR', 'Avantage en nature repos compensateur remplacement'),
('META4', 'CFR_AV_NAT_REP_EV_FAM', 'Avantage nature repos évènement familial'),
('META4', 'CFR_AV_NAT_TICK_REP', 'Avantage nature tickets repas'),
('META4', 'CFR_AV_NAT_TICK_REP_NET', 'Contrepartie av. nat. tickets repas'),
('META4', 'CFR_BONUS_EXCEPTIONNEL', 'Bonus exceptionnel'),
('META4', 'CFR_CAISSE_CONGE_SPECT', 'Caisse de congés spectacle (patronal)'),
('META4', 'CFR_COMITE_ENTRAIDE_FAM', 'Comité d''entraide familiale'),
('META4', 'CFR_COMMISSION', 'Commission'),
('META4', 'CFR_HEURES_COMPL_105', 'Heures complémentaires 105%'),
('META4', 'CFR_HEURES_COMPL_MAJO', 'Heures complémentaires 125%'),
('META4', 'CFR_HEURES_CUISINE', 'Nombre d''heures cuisine'),
('META4', 'CFR_HEURES_FORMATION', 'Heures Formation'),
('META4', 'CFR_HEURES_NETTOYAGE', 'Nombre d''heures nettoyage'),
('META4', 'CFR_HEURES_NON_PRESTEES', 'Heures non prestées'),
('META4', 'CFR_HEURES_NON_PREST_SERV', 'Nombre heures non prestées au service'),
('META4', 'CFR_RET_ABS_CHOM_TOT', 'Déduction chômage total'),
('META4', 'CFR_RET_ABS_CONGE_DIVERS', 'Déduction congé divers'),
('META4', 'CFR_RET_ABS_CONGE_EM', 'Déduction enfant malade (LPC)'),
('META4', 'CFR_RET_ABS_CONGE_ENF_MAL', 'Déduction congé enfant malade'),
('META4', 'CFR_RET_ABS_CONGE_FORM', 'Déduction congé formation'),
('META4', 'CFR_RET_ABS_CONGE_NAISS', 'Déduction congé naissance'),
('META4', 'CFR_RET_ABS_CONGE_PARENTA', 'Déduction congé parental'),
('META4', 'CFR_RET_ABS_CONGE_PRES_PA', 'Congé de présence parentale'),
('META4', 'CFR_RET_ABS_CONGE_SABB', 'Déduction congé sabbatique'),
('META4', 'CFR_CSG_INTERESS_COMPTA', 'CFR_CSG_INTERESS_COMPTA'),
('META4', 'CFR_CSG_N_DED_ALLOC_RECL', 'CSG non déductible allocation de reclassement'),
('META4', 'CFR_CSG_N_DED_REGUL_PAYE', 'CSG non déductible regualrisation interess. payé'),
('META4', 'CFR_CSG_N_DED_REGUL_PLACE', 'CCsg non deductible sur regul interess placé'),
('META4', 'CFR_DED_JF_JOUR_SOLIDAR', 'Abs. jour férié du 25-12-05 au 25-12-05'),
('META4', 'CFR_RECUP_TROP_PERCU', 'Récupération d''un trop perçu'),
('META4', 'CFR_RED_TEPA_COMP', 'Reduction Patronal TEPA'),
('META4', 'CFR_RED_TEPA_EMP', 'Reduction TEPA  employé'),
('META4', 'CFR_REGUL_1600_H', 'Régularisation 1607 heures'),
('META4', 'CFR_REGUL_CHARGES_SAL', 'Regularisation Charges Salariales'),
('META4', 'CFR_REGUL_COMPLEMENT', 'Regule du compl. emp. par <> IJSS'),
('META4', 'CFR_REGUL_COTIS_PAT_PRP', 'Régularisation cotisation vieillesse part patronal'),
('META4', 'CFR_REGUL_COTIS_SAL_PRP', 'Régul cotisation vieillesse part salariale'),
('META4', 'CFR_REGUL_CP', 'Régularisation congés payés'),
('META4', 'CFR_REGUL_CP_ANT', 'Régularisation manuelle CP antérieur'),
('META4', 'CFR_REGUL_DELTA_IMPOSABLE', 'Régularisation "delta" sur imposable'),
('META4', 'CFR_REGUL_DELTA_NET', 'Régulariasation "delta" du net à payer'),
('META4', 'CFR_REGUL_HEURES', 'Régularisation'),
('META4', 'CFR_HEURES_RUNNER', 'Heures Runner'),
('META4', 'CFR_HEURES_SOLIDARITE', 'Heures solidarité'),
('META4', 'SFR_AMT_RED_BAS_SMIC', 'Montant réduction bas salaires SMIC'),
('META4', 'SFR_ANCIENNETE', 'Prime d''ancienneté'),
('META4', 'SFR_ASF_TA', 'ASSEDIC ASF tranche A'),
('META4', 'SFR_ASF_TB', 'ASSEDIC ASF tranche B'),
('META4', 'SFR_BAN_OVERTIME_R1', 'Indemnités de jours feriés'),
('META4', 'SFR_BAN_REG_OVERTIME_R1', 'Régularisation indemnités de jours fériés'),
('META4', 'SFR_BASE_SALARY', 'SAL_BAS'),
('META4', 'SFR_BEN_KIND', 'Avantages en nature autres'),
('META4', 'SFR_BEN_KIND_L', 'Avantage en nature Logement'),
(NULL, 'SFR_BP_DIV_GROSS', 'Divers rappel sur brut'),
(NULL, 'SFR_BP_DIV_NET', 'Divers rappel sur net'),
(NULL, 'CFR_SAISIE_5', 'Saisie arrêt 5'),
(NULL, 'CFR_RECUP_TROP_PERCU', 'Récupération d''un trop perçu'),
(NULL, 'CFR_RED_TEPA_COMP', 'Reduction Patronal TEPA'),
(NULL, 'CFR_RED_TEPA_EMP', 'Reduction TEPA  employé'),
(NULL, 'SFR_CHOM_TB', 'ASSEDIC tranche B'),
(NULL, 'SFR_CRDS_EMP', 'CRDS'),
(NULL, 'SFR_CSG_NON_TAX_EMP', 'CSG déductible'),
(NULL, 'SFR_CSG_TAX_EMP', 'CSG non déductible'),
(NULL, 'SFR_DAILY_ALLOW_SUBRO', 'Subrogation IJSS'),
(NULL, 'SFR_DAY_ALLOW_NON_CALCUL', 'IJSS'),
(NULL, 'SFR_DED_BEN_KIND', 'Avantages en nature'),
(NULL, 'SFR_DIF_NET_GROSS_DAY_ALL', 'Garantie sur le net'),
(NULL, 'CFR_PATRO_TICK_REP', 'Part patronale tickets repas'),
(NULL, 'CFR_PEC_FRAIS_TRANSPORT', 'Prise en charge des Frais de transport'),
(NULL, 'CFR_PORT_MUTUELLE_CONTRIB', 'Portabilité participation employeur à la mutuelle'),
(NULL, 'CFR_PORT_MUTUELLE_OBL', 'Portabilité frais de santé Isolée Base'),
(NULL, 'CFR_PORT_MUTUELLE_OPT', 'Portabilité frais de santé Option'),
(NULL, 'CFR_PORT_MUT_PRIM_TRANSIT', 'Portabilité prime transitoire'),
(NULL, 'CFR_PREAVIS_N_EFF', 'Préavis non effectué'),
(NULL, 'CFR_PREST_CE_FAMIL', 'Prestation comité entraide familial'),
(NULL, 'CFR_PREV_PORT_ISICA', 'Portabilité ISICA'),
(NULL, 'CFR_PREV_PORT_MORNAY', 'Cotisation prévoyance portabilité Mornay'),
(NULL, 'CFR_PREV_PORT_VERSP', 'Cotisation prévoyance portabilité Verspieren'),
(NULL, 'CFR_PRIME_13EME_MOIS', 'Prime 13éme mois'),
(NULL, 'CFR_PRIME_ANCIENNETE', 'Prime d''ancienneté'),
(NULL, 'CFR_PRIME_ANC_10', 'Prime anniversaire 10 ans'),
(NULL, 'CFR_PRIME_ANC_15', 'Prime anniversaire 15 ans'),
(NULL, 'CFR_PRIME_ANC_20', 'Prime anniversaire 20 ans'),
(NULL, 'CFR_PRIME_ANC_25', 'Prime anniversaire 25 ans'),
(NULL, 'CFR_PRIME_ANC_30', 'Prime anniversaire 30 ans'),
(NULL, 'CFR_PRIME_ANC_35', 'Prime anniversaire 35 ans'),
(NULL, 'CFR_PRIME_ANC_40', 'Prime anniversaire 40 ans'),
(NULL, 'CFR_PRIME_ANC_5', 'Prime anniversaire 5 ans'),
(NULL, 'CFR_PRIME_ANIM_SERV', 'Prime animateur de service'),
(NULL, 'CFR_PRIME_ANNUEL', 'Prime annuelle'),
(NULL, 'CFR_PRIME_ASSIDUITE', 'Prime d''assiduité'),
(NULL, 'CFR_PRIME_ASSIST_OP', 'Prime assistant opérationnel'),
(NULL, 'CFR_PRIME_ASTREINT', 'Prime astreinte'),
(NULL, 'CFR_PRIME_BRADERIE', 'Prime braderie'),
(NULL, 'CFR_PRIME_BRASSIN', 'Prime de Brassin'),
(NULL, 'CFR_PRIME_CHALLENGE', 'Prime Challenge'),
(NULL, 'CFR_PRIME_CHAUSSURE', 'Prime de chaussure'),
(NULL, 'CFR_PRIME_DEMENAGEMENT', 'Prime de deménagement'),
(NULL, 'CFR_PRIME_DEPLACE', 'Prime de déplacement'),
(NULL, 'CFR_AV_NAT_INAPT_PHYS', 'Avantage en nature inaptitude physique'),
(NULL, 'CFR_AV_NAT_JOUR_CITOYEN', 'Avantage nature journée de citoyenneté'),
(NULL, 'CFR_AV_NAT_J_FERIE', 'Avantage nature jour férié'),
(NULL, 'CFR_AV_NAT_MISE_PIED', 'Avantage nature mise à pied'),
(NULL, 'CFR_AV_NAT_PER_MILIT', 'Avantage nature période militaire'),
(NULL, 'SFR_SS_RCP_MONTH', 'Réduction de charges patronales'),
(NULL, 'SFR_SS_VEUV_EXO_EMP', 'Séc. soc. vieillesse déplafon. exonéré'),
(NULL, 'SFR_SS_VEUV_NON_EXO_EMP', 'Séc. soc. vieillesse déplafonnée'),
(NULL, 'SFR_SS_VIEILL_GROSS_COMP', 'Séc. soc. vieillesse patronale'),
(NULL, 'SFR_SS_VIEILL_TA_EXO_EMP', 'Séc. soc. vieillesse plafonnée exonérée'),
(NULL, 'SFR_SS_VIEILL_TA_NON_EXO', 'Séc. soc. vieillesse plafonnée'),
(NULL, 'SFR_SUN_OVERTIME_R1', 'Indemnités de dimanches'),
(NULL, 'SFR_SUN_REG_OVERTIME_R1', 'Régularisation indemnités de dimanches'),
(NULL, 'CFR_MEDAIL_TRAVAIL_40ANS', 'Gratification médaille du travail 40 ans'),
(NULL, 'CFR_MEDECINE_TRAV', 'Médecine du travail'),
(NULL, 'CFR_MNT_CARTE_ORANGE', 'Montant carte orange'),
(NULL, 'CFR_HEURES_COMPL_105', 'Heures complémentaires 105%'),
(NULL, 'CFR_CPLT_MALADIE', 'Complément maladie'),
(NULL, 'CFR_CPLT_MALADIE_PROF', 'Complément maladie professionnelle'),
(NULL, 'CFR_CPLT_MATERNITE', 'Complément maternité'),
(NULL, 'CFR_IND_ABSENCE_AT', 'Indemnisation pour absence accident du travail'),
(NULL, 'CFR_IND_ABSENCE_MALADIE', 'Indemnité pour absence maladie'),
(NULL, 'CFR_IND_ABSENCE_MATERNITE', 'Indemnités pour absence maternité'),
(NULL, 'CFR_IND_ABSENCE_PAT', 'Indemnité pour absence pathologie'),
(NULL, 'CFR_IND_ABS_1_J_AT', 'Indemnisation 1er jour AT'),
(NULL, 'CFR_MAJO_1ER_JANVIER', 'Majoration 1er Janvier'),
(NULL, 'CFR_MAJO_ANNUEL_CONV', 'Majoration annuelle conventionnelle'),
(NULL, 'CFR_MAJO_DIMANCHE_25', 'Heures majoration Dimanche'),
(NULL, 'SFR_ASF_TB', 'ASSEDIC ASF tranche B'),
(NULL, 'SFR_BAN_OVERTIME_R1', 'Indemnités de jours feriés'),
(NULL, 'SFR_BAN_REG_OVERTIME_R1', 'Régularisation indemnités de jours fériés'),
(NULL, 'SFR_BASE_SALARY', 'SAL_BAS'),
(NULL, 'SFR_BEN_KIND', 'Avantages en nature autres'),
(NULL, 'SFR_BEN_KIND_L', 'Avantage en nature Logement'),
(NULL, 'SFR_BEN_KIND_N', 'Avantages en nature Nourriture'),
(NULL, 'SFR_BEN_KIND_V', 'Avantage en nature Voiture'),
(NULL, 'SFR_BONUS_DIRTY', 'Prime de salissure'),
(NULL, 'SFR_BONUS_PAIN', 'Prime de pénibilité'),
(NULL, 'SFR_BONUS_PAYED_BIYEARLY', NULL),
(NULL, 'SFR_BONUS_PAYED_YEARLY', NULL),
(NULL, 'CFR_RET_ABS_HOSPITALISATI', 'Déduction hospitalisation'),
(NULL, 'CFR_RET_ABS_INAPT_PHYS', 'Déduction inaptitude physique payée'),
(NULL, 'CFR_RET_ABS_INAPT_PHYS_NP', 'Déduction inaptitude physique'),
(NULL, 'CFR_RET_ABS_INDEM_J_FERIE', 'Déduction indemnité jour férié'),
(NULL, 'CFR_RET_ABS_JFG', 'deduction repos jour férié Garanti'),
(NULL, 'CFR_RET_ABS_JOUR_CITOYEN', 'Déduction journée citoyenneté'),
(NULL, 'CFR_IND_ABS_STAGE', 'Heures stage'),
(NULL, 'CFR_IND_ACCIDENT_TRAJET', 'Indemnité accident trajet'),
(NULL, 'CFR_IND_JF_JOUR_SOLIDAR', 'Paiement jour férié du 25-12-05 au 25-12-05'),
(NULL, 'CFR_IND_MALADIE_PROF', 'Indemnité maladie professionnel'),
(NULL, 'CFR_HEURES_CUISINE', 'Nombre d''heures cuisine'),
(NULL, 'CFR_HEURES_FORMATION', 'Heures Formation'),
(NULL, 'CFR_HEURES_NETTOYAGE', 'Nombre d''heures nettoyage'),
(NULL, 'CFR_MAJO_HC_105', 'Heures complémentaires 105% majorées'),
(NULL, 'CFR_MAJO_HC_125', 'Heures complementaire majorées 125%'),
(NULL, 'CFR_MAJO_HS_110', 'Heures supplémentaires 110% majorées'),
(NULL, 'CFR_MAJO_HS_120', 'Heures supplémentaire 120 majorées'),
(NULL, 'CFR_MAJO_HS_150', 'Majoration Heures sup 150%'),
(NULL, 'CFR_MAJO_JFG_SERVICE', 'Majoration JFG au service'),
(NULL, 'CFR_MAJO_JF_GARANTI', 'Majoration jour férié garanti'),
(NULL, 'CFR_MAJO_NSERV_1ERMAI3B', 'Majoration 1er Mai hres non au service'),
(NULL, 'CFR_MAJO_NSERV_JFG3B', 'Majoration JFG non au service'),
(NULL, 'CFR_MAJO_SUPERV_1ERMAI3B', 'Majo supervision 1er Mai'),
(NULL, 'CFR_MAJO_SUPERV_JFG3B', 'Majoration JFG supervision'),
(NULL, 'CFR_MEDAIL_TRAVAIL', 'Gratification médaille du travail 35 ans'),
(NULL, 'CFR_CSG_N_DED_ALLOC_RECL', 'CSG non déductible allocation de reclassement'),
(NULL, 'CFR_RET_ABS_MLP', 'Déduction maladie professionnelle'),
(NULL, 'CFR_RET_ABS_MPP', 'Déduction mise à pied'),
(NULL, 'CFR_RET_ABS_PAR_MAL', 'Déduction absence parent malade'),
(NULL, 'CFR_RET_ABS_PERIODE_MILIT', 'Déduction période militaire'),
(NULL, 'CFR_RET_ABS_PNE', 'Déduction préavis non effectué'),
(NULL, 'CFR_RET_ABS_RC', 'Déduction repos compensateur'),
(NULL, 'CFR_RET_ABS_RC_REMP', 'Déduction repos compensateur de remplacement'),
(NULL, 'CFR_RET_ABS_RECH_EMPL', 'Déduction recherche emploi'),
(NULL, 'CFR_RET_ABS_REP_MAT', 'Déduction repos maternité'),
(NULL, 'CFR_RET_ABS_RETARD', 'Déduction retard'),
(NULL, 'CFR_RET_ABS_RN', 'Déduction repos heures de nuit'),
(NULL, 'CFR_RET_ABS_RTT', 'Absence RTT'),
(NULL, 'CFR_RET_ABS_SANS_MOTIF', 'Déduction absence sans motif'),
(NULL, 'CFR_RET_ABS_CONGE_NAISS', 'Déduction congé naissance'),
(NULL, 'CFR_RET_ABS_CONGE_PARENTA', 'Déduction congé parental'),
(NULL, 'CFR_RET_ABS_CONGE_PRES_PA', 'Congé de présence parentale'),
(NULL, 'CFR_RET_ABS_CONGE_SABB', 'Déduction congé sabbatique'),
(NULL, 'SFR_HOUSING', 'Effor à la construction'),
(NULL, 'SFR_INDEM_VACATIONS', 'Indemnité congés payés'),
(NULL, 'SFR_NOR_OVERTIME_R1', 'Heures complémentaires'),
(NULL, 'SFR_NOR_OVERTIME_R2', 'Heures supplémentaires 1'),
(NULL, 'SFR_ALL_PREC', 'Indemnité de précarité'),
(NULL, 'SFR_ALL_PUT_RET', 'Indemnité de mise à la retraite'),
(NULL, 'SFR_ALL_VAC', 'Indem. compen. de congés payés N'),
(NULL, 'SFR_ALL_VAC_PREV', 'Indem. comp. de congés payés N-1'),
(NULL, 'SFR_ALL_VOL_RET', 'Indemnité de départ à la retraite'),
(NULL, 'SFR_ALL_VOL_RET_OVER_LIM', 'Ind. départ à la retraite (>3000 EUR)'),
(NULL, 'SFR_AMT_RED_BAS_GMR', 'Montant réduction bas salaires 35h GMR'),
(NULL, 'SFR_AMT_RED_BAS_SMIC', 'Montant réduction bas salaires SMIC'),
(NULL, 'SFR_ANCIENNETE', 'Prime d''ancienneté'),
(NULL, 'SFR_ASF_TA', 'ASSEDIC ASF tranche A'),
(NULL, 'SFR_BONUS_PROD', 'Prime de productivité'),
(NULL, 'SFR_BONUS_RESP', 'Prime de responsabilité'),
(NULL, 'SFR_BONUS_RISK', 'Prime de risque'),
(NULL, 'SFR_BONUS_STAND', 'Prime dastreinte'),
(NULL, 'SFR_BONUS_TRANS', 'Prime de déplacement'),
(NULL, 'SFR_BP_DIV_GROSS', 'Divers rappel sur brut'),
(NULL, 'SFR_BP_DIV_NET', 'Divers rappel sur net'),
(NULL, 'SFR_CHOM_TA', 'ASSEDIC tranche A'),
(NULL, 'CFR_PRIME_LOC_PARIS', 'Prime locale PARIS'),
(NULL, 'CFR_PRIME_MISSION', 'Prime mission'),
(NULL, 'CFR_PRIME_MOBILITE', 'Prime mobilité'),
(NULL, 'CFR_PRIME_MOBILITE_MUTAT', 'Prime de mobilité mutation'),
(NULL, 'CFR_RET_ABS_MAP_NP', 'Déduction mise à pied non payée'),
('META4', 'CFR_AV_NAT_CONGE_PAR_MAL', 'Avantage nature congé parent malade'),
('META4', 'CFR_IND_ABS_CP_N', 'Congés payés légaux anticipés'),
('META4', 'CFR_IND_ABS_CP_N1', 'Congés payés légaux acquis'),
('META4', 'CFR_IND_ABS_CP_N2', 'Congés payés légaux antérieurs'),
('META4', 'SFR_BP_DIV_GROSS', 'Divers rappel sur brut'),
('META4', 'SFR_BP_DIV_NET', 'Divers rappel sur net'),
('META4', 'CFR_IND_ABSENCE_AT', 'Indemnisation pour absence accident du travail'),
('META4', 'CFR_IND_ABSENCE_MALADIE', 'Indemnité pour absence maladie'),
('META4', 'CFR_IND_ABSENCE_MATERNITE', 'Indemnités pour absence maternité'),
('META4', 'CFR_IND_ABSENCE_PAT', 'Indemnité pour absence pathologie'),
('META4', 'CFR_IND_ABS_1_J_AT', 'Indemnisation 1er jour AT'),
('META4', 'CFR_IND_ABS_CHOM_PART', 'Indemnisation absence chomage partiel'),
('META4', 'CFR_IND_ABS_CONGE_DIVERS', 'Indemnisation congé divers'),
('META4', 'CFR_IND_ABS_CONGE_EM', 'Congé enfant malade (LPC)'),
('META4', 'SFR_DED_BEN_KIND', 'Avantages en nature'),
('META4', 'SFR_DIF_NET_GROSS_DAY_ALL', 'Garantie sur le net'),
('META4', 'SFR_FNGS_COMP', 'ASSEDIC FNGS'),
('META4', 'SFR_GROSS_MONTH', 'Salaire brut'),
('META4', 'SFR_HOUSING', 'Effor à la construction'),
('META4', 'SFR_INDEM_VACATIONS', 'Indemnité congés payés'),
('META4', 'SFR_NOR_OVERTIME_R1', 'Heures complémentaires'),
('META4', 'SFR_NOR_OVERTIME_R2', 'Heures supplémentaires 1'),
('META4', 'SFR_NOR_OVERTIME_R3', 'Heures supplémentaires 2'),
('META4', 'SFR_NOR_OVERTIME_R4', 'Heures supplémentaires 3'),
('META4', 'SFR_NOR_REG_OVERTIME_R1', 'Régulation heures complémentaires'),
('META4', 'SFR_NOR_REG_OVERTIME_R2', 'Régulation heures suplémentaires 1'),
('META4', 'SFR_NOR_REG_OVERTIME_R3', 'Régulation heures suplémentaires 2'),
('META4', 'SFR_NOR_REG_OVERTIME_R4', 'Régulation heures suplémentaires 3'),
('META4', 'CFR_MAJORATION_15', 'Majoration 15%'),
('META4', 'CFR_MAJORATION_20', 'Majoration 20%'),
('META4', 'CFR_MAJORATION_25', 'Majoration 25%'),
('META4', 'CFR_MAJORATION_50', 'Majoration 50%'),
('META4', 'CFR_MAJORATION_DIMANCHE', 'Majoration Dimanche'),
('META4', 'CFR_MAJORATION_J_FERIE', 'Majoration jour férié'),
('META4', 'CFR_MAJO_1ERMAI_3B', 'Majoration 1er Mai travaillé 3B'),
('META4', 'CFR_MAJO_1ERMAI_SERVICE', 'Majo 1er Mai au service'),
('META4', 'CFR_MAJO_1ER_JANVIER', 'Majoration 1er Janvier'),
('META4', 'CFR_MAJO_ANNUEL_CONV', 'Majoration annuelle conventionnelle'),
('META4', 'CFR_MAJO_DIMANCHE_25', 'Heures majoration Dimanche'),
('META4', 'CFR_DIFF_BIENS_SERVICES', 'Différentiel de biens et services'),
('META4', 'CFR_DIFF_BIENS_SERVICE_NE', 'Differentiel de biens et services'),
('META4', 'CFR_DIFF_CHANGE', 'Différentiel de change'),
('META4', 'CFR_DIFF_DETACHEMENT', 'Différentiel de détachement à l''étranger'),
('META4', 'CFR_DIFF_DETACHEMENT_NET', 'Contrepartie différentiel détachement à l''étranger'),
('META4', 'CFR_EQUI_CHARGE_SOCIALE', 'Equivalent charges sociales'),
('META4', 'CFR_EXO_AV_NAT_PATRONAL', 'Exonération avantage nature'),
('META4', 'CFR_EXO_CONTRAT_JEUNE', 'Exonération contrat jeune'),
('META4', 'CFR_FNGS_EXPAT', 'FNGS expatrié'),
('META4', 'CFR_HEURES_NUIT_15', 'Majoration heures de nuit à 15%'),
('META4', 'CFR_HEURES_NUIT_20', 'Majoration heures de nuit 20%'),
('META4', 'CFR_HEURES_NUIT_25', 'Majoration heures de nuit 25%'),
('META4', 'CFR_HEURES_NUIT_40', 'Majoration heures de nuit 40%'),
('META4', 'CFR_HEURES_NUIT_AFF', 'Nombre d''heures de nuit'),
('META4', 'CFR_ABATT_20_ARTIST', 'Abattement 20% artiste'),
('META4', 'CFR_ABATT_20_ARTIST_NET', 'Abattement 20% net'),
('META4', 'CFR_ABATT_25_ARTIST', 'Abattement 25% artiste'),
('META4', 'CFR_ABATT_25_ARTIST_NET', 'Abattement 25%'),
('META4', 'CFR_ACC_TRAD_SOUM_RDS', 'Accord transactionnel soumis RDS'),
('META4', 'CFR_ACC_TRANS_NON_SOUMIS', 'accord transactionnel non soumis'),
('META4', 'CFR_ACHA_TICK_REP', 'Achat tickets repas'),
('META4', 'CFR_ACOMPTE_STC_VERSE', 'Acompte STC versé'),
('META4', 'CFR_ACOMPTE_VERSE', 'Acomptes versés'),
('META4', 'CFR_ALLOCATION_DIF', 'Allocation DIF'),
('META4', 'CFR_ALLOC_RECLASSEMENT', 'Allocation de reclassement'),
('META4', 'CFR_ALLOC_VETEMENT', 'Allocation vêtement'),
('META4', 'CFR_ALLOC_VET_NET', 'Allocation vêtement'),
('META4', 'CFR_ASS_TA_EXPAT', 'Assedic TA expatrié'),
('META4', 'CFR_ASS_TB_EXPAT', 'Assedic TB expatrié'),
('META4', 'CFR_AT_EXPAT', 'Accident de travail expatrié'),
('META4', 'CFR_AVANCE_CP', 'Avance CP'),
('META4', 'CFR_AVANCE_FRAIS', 'Avance sur Frais'),
('META4', 'CFR_AVANCE_GRATIFICATION', 'Avance sur gratification'),
('META4', 'CFR_AVANCE_IJSS', 'Avance IJSS'),
('META4', 'CFR_AVANCE_IJSS_AT', 'Avance IJSS AT'),
('META4', 'CFR_AVANTAGE_NATURE', 'Avantages en nature repas'),
('META4', 'CFR_AVNAT_CONS_VEHICULE', 'Avantage en nature véhicule'),
('META4', 'CFR_AVNAT_VEHICULE', 'Avantage en nature Véhicule'),
('META4', 'CFR_AV_NAT_1_J_AT', 'Avantage nature 1er jour AT'),
('META4', 'CFR_AV_NAT_CHOM_TECH', 'Avantage nature chomage partiel'),
('META4', 'CFR_INDEM_ANIMATEUR', 'Indemnité animateur'),
('META4', 'CFR_INDEM_BLANC', 'Indemnité de blanchissage'),
('META4', 'CFR_INDEM_COMPENS_MUTUEL', 'Indemnité compensatrice mutuelle'),
('META4', 'CFR_INDEM_CP_CONV', 'Paiement repos compensation'),
('META4', 'CFR_IND_ABS_CONGE_ENF_MAL', 'Congé enfant malade'),
('META4', 'CFR_IND_ABS_CONGE_FORM', 'Indemnisation congé formation'),
('META4', 'CFR_IND_ABS_CONGE_NAISS', 'Indemnisation congé naissanc'),
('META4', 'CFR_IND_ABS_CP_ANC_N1', 'Congés payés ancienneté acquis'),
('META4', 'CFR_IND_ABS_CP_ANC_N2', 'Congés payés ancienneté antérieurs'),
('META4', 'CFR_IND_ABS_CP_CONV_N1', 'Congés payés conventionnels acquis'),
('META4', 'CFR_IND_ABS_CP_EXCEP', 'Congés payés exceptionnels acquis'),
('META4', 'CFR_IND_ABS_CP_EXCEP_N2', 'Congés payés exceptionnels antérieurs'),
('META4', 'CFR_IND_ABS_CP_FRAC_N1', 'Congés payés de fractionnement acquis'),
('META4', 'CFR_IND_ABS_CP_FRAC_N2', 'Congés payés de fractionnement antérieurs'),
('META4', 'SFR_AGFF_TB', 'AGFF Tranche B'),
('META4', 'SFR_ALL_LAY_OFF', 'Indemnité de licenciement'),
('META4', 'SFR_ALL_PREC', 'Indemnité de précarité'),
('META4', 'SFR_ALL_PUT_RET', 'Indemnité de mise à la retraite'),
('META4', 'SFR_ALL_VAC', 'Indem. compen. de congés payés N'),
('META4', 'SFR_ALL_VAC_PREV', 'Indem. comp. de congés payés N-1'),
('META4', 'SFR_ALL_VOL_RET', 'Indemnité de départ à la retraite'),
('META4', 'SFR_ALL_VOL_RET_OVER_LIM', 'Ind. départ à la retraite (>3000 EUR)'),
('META4', 'SFR_AMT_RED_BAS_GMR', 'Montant réduction bas salaires 35h GMR'),
('META4', 'SFR_TICKET_REST', 'Tickets restaurant part salarial'),
('META4', 'CFR_RET_ABS_INAPT_PHYS_NP', 'Déduction inaptitude physique'),
('META4', 'CFR_AV_NAT_CONGE_FORM', 'Avantage nature congé de formation'),
('META4', 'CFR_AV_NAT_CONGE_NAISS', 'Avantage nature congé naissance'),
('META4', 'CFR_INDEM_CP_HAB', 'Indemnité CP habillage'),
('META4', 'CFR_INDEM_DELAI_PREV', 'Indemnité compensatrice délai de prévenance'),
('META4', 'CFR_INDEM_DEP_RET', 'Indemnité de départ en retraite'),
('META4', 'CFR_INDEM_FORF_INST_SOUMI', 'Indemnité Forfaitaire d installation'),
('META4', 'CFR_INDEM_INSTALLATION', 'Indemnité forfaitaire installation'),
('META4', 'CFR_INDEM_INTERRUPT', 'Indemnité d''interruption'),
('META4', 'CFR_INDEM_JFG', 'indemnisation jour férié garanti dus'),
('META4', 'CFR_INDEM_JOURN_EXPAT', 'Indemnité journalière expatrié'),
('META4', 'CFR_INDEM_J_FERIE', 'Indemnisation jour férié solde du'),
('META4', 'CFR_INDEM_LICENCIE', 'Indemnité de licenciement'),
('META4', 'CFR_INDEM_LIC_CSG_CRDS', 'Indemnité de licenciement soumise CSG/CRDS'),
('META4', 'CFR_INDEM_NOURRITURE', 'Indemnité de nourriture'),
('META4', 'CFR_INDEM_PROV_INSTALL', 'Indemnisation provisoire d installation'),
('META4', 'CFR_INDEM_RC', 'Indemnisation repos compensateur');
INSERT INTO `QC1_REP_PRI_PR_ITEM` (`CODE_PR_RULE`, `CODE_PR_ITEM`, `NAME_PR_ITEM`) VALUES
('META4', 'CFR_INDEM_RCR', 'Indemnité repos compensateur remplacement'),
('META4', 'CFR_INDEM_REGION_NICOISE', 'Indemnité région niçoise'),
('META4', 'CFR_INDEM_REPOS_JFG', 'repos jour férié garanti'),
('META4', 'CFR_INDEM_RETRAITE', 'Indemnité de mise à la retraite'),
('META4', 'CFR_INDEM_RETR_SOUM_RDS', 'indemnité de mise en retraite soumise csg/rds'),
('META4', 'CFR_INDEM_RUPT_CONTR', 'Indemnité spécifique de rupture conventionnelle'),
('META4', 'CFR_INDEM_RUPT_CONTR_SOUM', 'indemnité spécifique de rupture soumise a CSG/RDS'),
('META4', 'CFR_INDEM_STAGE', 'Indemnité de stage'),
('META4', 'CFR_INDEM_STA_ECO_HOT', 'Indemnité stage école hotelière'),
('META4', 'CFR_INDEM_TRANSPORT', 'Indemnité de transport'),
('META4', 'CFR_INDEM_TRANS_PARIS', 'Indemnité transport région parisienne'),
('META4', 'CFR_REGUL_INTER_PAYE', 'Régularisation interessement payé'),
('META4', 'CFR_REGUL_INTER_PLACE', 'regularisation Interessement'),
(NULL, 'SFR_NOR_REG_OVERTIME_R4', 'Régulation heures suplémentaires 3'),
(NULL, 'SFR_PROF_EXPEN', 'Remboursement de frais'),
(NULL, 'CFR_HEURES_COMPL', 'Heures complémentaires'),
(NULL, 'CFR_RET_ABS_CP_SUP', 'Déduction congés payés supplémentaires'),
(NULL, 'CFR_RET_ABS_ENF_MAL_NREMU', 'Congé enfant malade non rémunéré'),
(NULL, 'CFR_RET_ABS_EVE_FAM', 'Déduction évènement familial'),
(NULL, 'CFR_RET_ABS_FORM_AUTRES', 'Déduction formation autres'),
(NULL, 'CFR_RET_ABS_FORM_MILIT', 'Déduction formation militaire'),
(NULL, 'CFR_RET_ABS_GREVE', 'Déduction grêve'),
(NULL, 'CFR_COTISATION_CIL', 'Cotisation CIL'),
(NULL, 'CFR_CPLT_ACCIDENT_TRAJET', 'Complément accident de trajet'),
(NULL, 'CFR_CPLT_ACCIDENT_TRAVAIL', 'Complément accident de travail'),
(NULL, 'CFR_CPLT_CARENCE_HOSP', 'Complément employeur hospitalisation'),
(NULL, 'CFR_CPLT_CARENCE_SS', 'Complément alsace-moselle'),
(NULL, 'CFR_CPLT_DIFF_RTT', 'Complément différentiel RTT'),
(NULL, 'CFR_HRES_MAJO_10', 'Majoration 10%'),
(NULL, 'CFR_HRES_MAJO_10_TEPA', 'Heures majo 10 exonérées TEPA'),
(NULL, 'CFR_HRES_MAJO_20_TEPA', 'Heures majo 20 exonérées TEPA'),
(NULL, 'SFR_CHOM_TB', 'ASSEDIC tranche B'),
(NULL, 'SFR_CRDS_EMP', 'CRDS'),
(NULL, 'SFR_CSG_NON_TAX_EMP', 'CSG déductible'),
(NULL, 'SFR_CSG_TAX_EMP', 'CSG non déductible'),
(NULL, 'SFR_DAILY_ALLOW_SUBRO', 'Subrogation IJSS'),
(NULL, 'SFR_DAY_ALLOW_NON_CALCUL', 'IJSS'),
(NULL, 'SFR_DED_BEN_KIND', 'Avantages en nature'),
(NULL, 'SFR_DIF_NET_GROSS_DAY_ALL', 'Garantie sur le net'),
(NULL, 'CFR_PATRO_TICK_REP', 'Part patronale tickets repas'),
(NULL, 'CFR_PEC_FRAIS_TRANSPORT', 'Prise en charge des Frais de transport'),
(NULL, 'CFR_PORT_MUTUELLE_CONTRIB', 'Portabilité participation employeur à la mutuelle'),
(NULL, 'CFR_PORT_MUTUELLE_OBL', 'Portabilité frais de santé Isolée Base'),
(NULL, 'CFR_PORT_MUTUELLE_OPT', 'Portabilité frais de santé Option'),
(NULL, 'CFR_PORT_MUT_PRIM_TRANSIT', 'Portabilité prime transitoire'),
(NULL, 'CFR_PREAVIS_N_EFF', 'Préavis non effectué'),
(NULL, 'CFR_PREST_CE_FAMIL', 'Prestation comité entraide familial'),
(NULL, 'CFR_PREV_PORT_ISICA', 'Portabilité ISICA'),
(NULL, 'CFR_PREV_PORT_MORNAY', 'Cotisation prévoyance portabilité Mornay'),
(NULL, 'CFR_PREV_PORT_VERSP', 'Cotisation prévoyance portabilité Verspieren'),
(NULL, 'CFR_PRIME_13EME_MOIS', 'Prime 13éme mois'),
(NULL, 'CFR_PRIME_ANCIENNETE', 'Prime d''ancienneté'),
(NULL, 'CFR_PRIME_ANC_10', 'Prime anniversaire 10 ans'),
(NULL, 'CFR_PRIME_ANC_15', 'Prime anniversaire 15 ans'),
(NULL, 'CFR_PRIME_ANC_20', 'Prime anniversaire 20 ans'),
(NULL, 'CFR_PRIME_ANC_25', 'Prime anniversaire 25 ans'),
(NULL, 'CFR_PRIME_ANC_30', 'Prime anniversaire 30 ans'),
(NULL, 'CFR_PRIME_ANC_35', 'Prime anniversaire 35 ans'),
(NULL, 'CFR_PRIME_ANC_40', 'Prime anniversaire 40 ans'),
(NULL, 'CFR_PRIME_ANC_5', 'Prime anniversaire 5 ans'),
(NULL, 'CFR_PRIME_ANIM_SERV', 'Prime animateur de service'),
(NULL, 'CFR_PRIME_ANNUEL', 'Prime annuelle'),
(NULL, 'CFR_PRIME_ASSIDUITE', 'Prime d''assiduité'),
(NULL, 'CFR_PRIME_ASSIST_OP', 'Prime assistant opérationnel'),
(NULL, 'CFR_PRIME_ASTREINT', 'Prime astreinte'),
(NULL, 'CFR_PRIME_BRADERIE', 'Prime braderie'),
(NULL, 'CFR_PRIME_BRASSIN', 'Prime de Brassin'),
(NULL, 'CFR_PRIME_CHALLENGE', 'Prime Challenge'),
(NULL, 'CFR_PRIME_CHAUSSURE', 'Prime de chaussure'),
(NULL, 'CFR_PRIME_DEMENAGEMENT', 'Prime de deménagement'),
(NULL, 'CFR_PRIME_DEPLACE', 'Prime de déplacement'),
(NULL, 'CFR_AV_NAT_INAPT_PHYS', 'Avantage en nature inaptitude physique'),
(NULL, 'CFR_AV_NAT_JOUR_CITOYEN', 'Avantage nature journée de citoyenneté'),
(NULL, 'CFR_AV_NAT_J_FERIE', 'Avantage nature jour férié'),
(NULL, 'CFR_AV_NAT_MISE_PIED', 'Avantage nature mise à pied'),
(NULL, 'CFR_AV_NAT_PER_MILIT', 'Avantage nature période militaire'),
(NULL, 'SFR_SS_RCP_MONTH', 'Réduction de charges patronales'),
(NULL, 'SFR_SS_VEUV_EXO_EMP', 'Séc. soc. vieillesse déplafon. exonéré'),
(NULL, 'SFR_SS_VEUV_NON_EXO_EMP', 'Séc. soc. vieillesse déplafonnée'),
(NULL, 'CFR_HEURES_CUISINE', 'Nombre d''heures cuisine'),
(NULL, 'CFR_HEURES_FORMATION', 'Heures Formation'),
(NULL, 'CFR_HEURES_NETTOYAGE', 'Nombre d''heures nettoyage'),
(NULL, 'CFR_MAJO_HC_105', 'Heures complémentaires 105% majorées'),
(NULL, 'CFR_MAJO_HC_125', 'Heures complementaire majorées 125%'),
(NULL, 'CFR_MAJO_HS_110', 'Heures supplémentaires 110% majorées'),
(NULL, 'CFR_MAJO_HS_120', 'Heures supplémentaire 120 majorées'),
(NULL, 'CFR_MAJO_HS_150', 'Majoration Heures sup 150%'),
(NULL, 'CFR_MAJO_JFG_SERVICE', 'Majoration JFG au service'),
(NULL, 'CFR_MAJO_JF_GARANTI', 'Majoration jour férié garanti'),
(NULL, 'CFR_MAJO_NSERV_1ERMAI3B', 'Majoration 1er Mai hres non au service'),
(NULL, 'CFR_MAJO_NSERV_JFG3B', 'Majoration JFG non au service'),
(NULL, 'CFR_MAJO_SUPERV_1ERMAI3B', 'Majo supervision 1er Mai'),
(NULL, 'CFR_MAJO_SUPERV_JFG3B', 'Majoration JFG supervision'),
(NULL, 'CFR_MEDAIL_TRAVAIL', 'Gratification médaille du travail 35 ans'),
(NULL, 'CFR_CSG_N_DED_ALLOC_RECL', 'CSG non déductible allocation de reclassement'),
(NULL, 'CFR_RET_ABS_MLP', 'Déduction maladie professionnelle'),
(NULL, 'CFR_RET_ABS_MPP', 'Déduction mise à pied'),
(NULL, 'CFR_RET_ABS_PAR_MAL', 'Déduction absence parent malade'),
(NULL, 'CFR_RET_ABS_PERIODE_MILIT', 'Déduction période militaire'),
(NULL, 'CFR_RET_ABS_PNE', 'Déduction préavis non effectué'),
(NULL, 'CFR_RET_ABS_RC', 'Déduction repos compensateur'),
(NULL, 'CFR_RET_ABS_RC_REMP', 'Déduction repos compensateur de remplacement'),
(NULL, 'CFR_RET_ABS_RECH_EMPL', 'Déduction recherche emploi'),
(NULL, 'CFR_RET_ABS_REP_MAT', 'Déduction repos maternité'),
(NULL, 'CFR_RET_ABS_RETARD', 'Déduction retard'),
(NULL, 'CFR_RET_ABS_RN', 'Déduction repos heures de nuit'),
(NULL, 'CFR_RET_ABS_RTT', 'Absence RTT'),
(NULL, 'CFR_RET_ABS_SANS_MOTIF', 'Déduction absence sans motif'),
(NULL, 'CFR_RET_ABS_CONGE_NAISS', 'Déduction congé naissance'),
(NULL, 'CFR_RET_ABS_CONGE_PARENTA', 'Déduction congé parental'),
(NULL, 'CFR_RET_ABS_CONGE_PRES_PA', 'Congé de présence parentale'),
(NULL, 'CFR_RET_ABS_CONGE_SABB', 'Déduction congé sabbatique'),
(NULL, 'SFR_HOUSING', 'Effor à la construction'),
(NULL, 'SFR_INDEM_VACATIONS', 'Indemnité congés payés'),
(NULL, 'SFR_NOR_OVERTIME_R1', 'Heures complémentaires'),
(NULL, 'SFR_NOR_OVERTIME_R2', 'Heures supplémentaires 1'),
(NULL, 'SFR_ALL_PREC', 'Indemnité de précarité'),
(NULL, 'SFR_ALL_PUT_RET', 'Indemnité de mise à la retraite'),
(NULL, 'SFR_ALL_VAC', 'Indem. compen. de congés payés N'),
(NULL, 'SFR_ALL_VAC_PREV', 'Indem. comp. de congés payés N-1'),
(NULL, 'SFR_ALL_VOL_RET', 'Indemnité de départ à la retraite'),
(NULL, 'SFR_ALL_VOL_RET_OVER_LIM', 'Ind. départ à la retraite (>3000 EUR)'),
(NULL, 'SFR_AMT_RED_BAS_GMR', 'Montant réduction bas salaires 35h GMR'),
(NULL, 'SFR_AMT_RED_BAS_SMIC', 'Montant réduction bas salaires SMIC'),
(NULL, 'CFR_PRIME_LOC_PARIS', 'Prime locale PARIS'),
(NULL, 'CFR_PRIME_MISSION', 'Prime mission'),
(NULL, 'CFR_PRIME_MOBILITE', 'Prime mobilité'),
(NULL, 'CFR_PRIME_MOBILITE_MUTAT', 'Prime de mobilité mutation'),
(NULL, 'CFR_PRIME_MOBILITE_NET', 'Prime mobilité (pour salarié expatrié)'),
(NULL, 'CFR_PRIME_NAE', 'Prime NAE'),
(NULL, 'CFR_PRIME_NUIT', 'Prime de Nuit'),
(NULL, 'CFR_PRIME_OBJECTIF', 'Prime sur objectif'),
(NULL, 'CFR_PRIME_OUVERT', 'Prime d''ouverture'),
(NULL, 'CFR_PRIME_POSTE', 'Prime de Poste'),
(NULL, 'CFR_PRIME_PROBAT', 'Prime probatoire'),
(NULL, 'CFR_PRIME_RECLASSEMENT', 'Prime de reclassement'),
(NULL, 'CFR_PRIME_REPAS_SOIR', 'Indemnité repas soir'),
(NULL, 'CFR_IND_ABS_CHOM_PART', 'Indemnisation absence chomage partiel'),
(NULL, 'CFR_IND_ABS_CONGE_DIVERS', 'Indemnisation congé divers'),
(NULL, 'CFR_IND_ABS_CONGE_EM', 'Congé enfant malade (LPC)'),
(NULL, 'CFR_IND_ABS_CONGE_ENF_MAL', 'Congé enfant malade'),
(NULL, 'CFR_IND_ABS_CONGE_FORM', 'Indemnisation congé formation'),
(NULL, 'CFR_HEURES_SUP_125', 'Heures supplémentaires 125%'),
(NULL, 'CFR_HEURES_SUP_150', 'Heures supplémentaires 150%'),
(NULL, 'CFR_IND_ABS_PAR_MAL', 'Indemnisation congé parent malade'),
(NULL, 'CFR_IND_ABS_PERIODE_MILIT', 'Indemnité Période militaire'),
(NULL, 'CFR_IND_ABS_PNE', 'Indemnisation préavis non effectué'),
(NULL, 'CFR_IND_ABS_RC', 'Indemnisation repos compensateur'),
(NULL, 'CFR_IND_ABS_RC_REMP', 'Repos compensateur de remplacement'),
(NULL, 'CFR_IND_ABS_RECH_EMPL', 'Indemnisation recherche emploi'),
(NULL, 'CFR_IND_ABS_REPOS_MAT', 'Indemnisation repos maternité'),
(NULL, 'CFR_IND_ABS_RN', 'Repos heures de nuit'),
(NULL, 'SFR_NOR_OVERTIME_R3', 'Heures supplémentaires 2'),
(NULL, 'SFR_NOR_OVERTIME_R4', 'Heures supplémentaires 3'),
(NULL, 'SFR_NOR_REG_OVERTIME_R1', 'Régulation heures complémentaires'),
('META4', 'CFR_CSG_CRDS_SUR_NET', 'CSG/CRDS sur Net'),
('META4', 'CFR_CSG_CRDS_TEPA', 'CFR CSGsur TEPA deductible'),
('META4', 'CFR_CSG_DEDUC_REGUL_PLACE', 'Base CSG sur régularisation interessement placé'),
('META4', 'CFR_CSG_DED_ALLOC_RECL', 'CSG déductible allocation reclassement'),
('META4', 'CFR_AV_NAT_FORM_MILIT', 'Avantage nature formation militaire'),
('META4', 'CFR_AV_NAT_INAPT_PHYS', 'Avantage en nature inaptitude physique'),
('META4', 'CFR_AV_NAT_JOUR_CITOYEN', 'Avantage nature journée de citoyenneté'),
('META4', 'CFR_AV_NAT_J_FERIE', 'Avantage nature jour férié'),
('META4', 'CFR_AV_NAT_MISE_PIED', 'Avantage nature mise à pied'),
('META4', 'CFR_AV_NAT_PER_MILIT', 'Avantage nature période militaire'),
('META4', 'CFR_AV_NAT_PNE', 'Avantage en nature préavis non effectué'),
('META4', 'CFR_AV_NAT_PNE_PAYE', 'Avantage nature préavis non effectué payé'),
('META4', 'CFR_MAJO_NSERV_JFG3B', 'Majoration JFG non au service'),
('META4', 'CFR_MAJO_SUPERV_1ERMAI3B', 'Majo supervision 1er Mai'),
('META4', 'CFR_MAJO_SUPERV_JFG3B', 'Majoration JFG supervision'),
('META4', 'CFR_MEDAIL_TRAVAIL', 'Gratification médaille du travail 35 ans'),
('META4', 'CFR_MEDAIL_TRAVAIL_40ANS', 'Gratification médaille du travail 40 ans'),
('META4', 'CFR_MEDECINE_TRAV', 'Médecine du travail'),
('META4', 'CFR_MNT_CARTE_ORANGE', 'Montant carte orange'),
('META4', 'CFR_MNT_CARTE_ORANGE_DEP', 'Montant carte orange départ'),
('META4', 'CFR_MUTUELLE', 'Mutuelle'),
('META4', 'CFR_MUTUELLE_CONTRIB', 'Participation de l''employeur à la mutuelle'),
('META4', 'CFR_NET_INTERESSEMENT', 'Interessement net'),
('META4', 'CFR_NV_MUTUELLE_OBL', 'Cotisation frais de santé Isolée Base'),
('META4', 'CFR_NV_MUTUELLE_OPT', 'Cotisation frais de santé Options'),
('META4', 'CFR_NV_MUT_PRIME_SANTE', 'Prime frais de santé'),
('META4', 'CFR_NV_MUT_PRIM_TRANSIT', 'Prime transitoire'),
('META4', 'CFR_N_DED_CSG_CHOM_PART', 'CSG non deductible sur chomage partiel'),
('META4', 'CFR_PARTICIPATION', 'Participation'),
('META4', 'CFR_PARTICIP_LOYER', 'Participation au loyer'),
('META4', 'CFR_PATRO_TICK_REP', 'Part patronale tickets repas'),
('META4', 'CFR_FORFAIT_SOCIAL_AUTRE', 'Forfait Social interessement/participation'),
('META4', 'CFR_FORFAIT_SOCIAL_COMP', 'Forfait Social'),
('META4', 'CFR_FRAIS_EXCEPTIONNELS', 'Frais exceptionnels'),
('META4', 'CFR_FRAIS_PROFESSIONNEL', 'Frais professionnel'),
('META4', 'CFR_FRAIS_PROF_TELEPHONE', 'Frais professionnel de téléphone'),
('META4', 'CFR_GAR_ANNUEL', 'Garantie annuelle'),
('META4', 'CFR_GAR_ANNUEL_PRIM_PROG', 'Garantie de rémunération (prime de progrès)'),
('META4', 'CFR_GAR_ANNUEL_SAL', 'Garantie annuelle (salaire)'),
('META4', 'SFR_BEN_KIND_V', 'Avantage en nature Voiture'),
('META4', 'SFR_BONUS_DIRTY', 'Prime de salissure'),
('META4', 'SFR_BONUS_PAIN', 'Prime de pénibilité'),
('META4', 'SFR_BONUS_PAYED_BIYEARLY', NULL),
('META4', 'SFR_BONUS_PAYED_YEARLY', NULL),
('META4', 'SFR_BONUS_PROD', 'Prime de productivité'),
('META4', 'SFR_BONUS_RESP', 'Prime de responsabilité'),
('META4', 'SFR_BONUS_RISK', 'Prime de risque'),
('META4', 'SFR_BONUS_STAND', 'Prime dastreinte'),
('META4', 'SFR_BONUS_TRANS', 'Prime de déplacement'),
('META4', 'CFR_REMU_VAR_INDIV_DR', 'Rémunération variable individuelle DR'),
('META4', 'CFR_REPRISE_AVANCE_IJSS', 'Reprise avançe IJSS'),
('META4', 'CFR_RETENUE_SOURCE', 'Retenue à la source'),
('META4', 'CFR_RET_ABSENCE_AT', 'Retenue pour absence AT'),
('META4', 'CFR_RET_ABSENCE_MALADIE', 'Retenue absence maladie'),
('META4', 'CFR_RET_ABSENCE_MAT', 'Retenue pour absence maternité'),
('META4', 'CFR_RET_ABSENCE_PAT', 'Retenue absence paternité'),
('META4', 'CFR_HEURES_NORMALES', 'Rémunération heures normales'),
('META4', 'CFR_HEURES_NORMAL_SERV', 'Heures Normales au service'),
('META4', 'CFR_HEURES_NUIT', 'Heures de nuit'),
('META4', 'CFR_SOLDE_CONGE_SUPP', 'Solde des congés supplémentaires'),
('META4', 'CFR_SOLDE_HRS_COMPTEUR', 'Solde des heures compteur'),
('META4', 'CFR_SOLDE_J_RTT', 'Solde des jours RTT'),
('META4', 'CFR_SS_FNAL_TA_COMP', 'FNAL plafonné sur part exonérée'),
('META4', 'CFR_SS_MALADIE_FRONT_DET', 'Cotisation SS maladie pour frontaliers et détachés'),
('META4', 'SFR_SS_FNAL_COMPLEM', 'FNAL plafonné complémentaire'),
('META4', 'CFR_IND_MALADIE_PROF', 'Indemnité maladie professionnel'),
('META4', 'CFR_PRIME_SNARR', 'Prime Annuelle Conventionnelle'),
('META4', 'CFR_PRIME_SUISSE', 'Prime Suisse'),
('META4', 'CFR_RET_ABS_MLP', 'Déduction maladie professionnelle'),
('META4', 'CFR_RET_ABS_INDEM_J_FERIE', 'Déduction indemnité jour férié'),
('META4', 'CFR_RET_ABS_JFG', 'deduction repos jour férié Garanti'),
('META4', 'CFR_RET_ABS_JOUR_CITOYEN', 'Déduction journée citoyenneté'),
('META4', 'CFR_RET_ABS_MAP_NP', 'Déduction mise à pied non payée'),
('META4', 'SFR_CSG_NON_TAX_EMP', 'CSG déductible'),
('META4', 'SFR_SAT_REG_OVERTIME_R1', 'Régularisation indemnités de samedis'),
('META4', 'SFR_SS_AT_COMP', 'Accident du travail'),
('META4', 'SFR_SS_FAM_ALLOW_COMP', 'Allocations familiales'),
('META4', 'SFR_SS_FAM_ALL_EXO_COMP', 'Allocations familiales 0%'),
('META4', 'CFR_RET_ABS_SANS_MOTIF', 'Déduction absence sans motif'),
('META4', 'CFR_RET_ABS_STAGE', 'Déduction stage'),
('META4', 'CFR_RET_CFE_EXPAT', 'Retraite CFE expatrié'),
('META4', 'CFR_RVI_MONITEUR', 'RVI moniteur'),
('META4', 'CFR_PROV_PRIME_TVA', 'Provision  Prime TVA'),
('META4', 'CFR_QUOT_PAR_LOC_VEHI', 'Quote part location véhicule'),
('META4', 'CFR_RECUPERATION', 'Récupération'),
('META4', 'CFR_RECUP_ADVANCE', 'Récupération de l''avance sur paie négative'),
('META4', 'CFR_RECUP_AVANCE_CP', 'Récupération avance sur CP'),
('META4', 'CFR_RECUP_AVANCE_FRAIS', 'Récupération avance sur frais'),
('META4', 'CFR_RECUP_AVANCE_IJSS_AT', 'Récupération avance sur IJSS_AT'),
('META4', 'CFR_RECUP_COMPLEMENT', 'Récupération avance SS'),
('META4', 'CFR_AV_NAT_CONS', 'Avantage en nature consommé'),
('META4', 'CFR_AV_NAT_ENF_MAL', 'Avantage nature enfant malade'),
('META4', 'SFR_TICKET_REST_COMP', 'Tickets restaurant part patronale'),
('META4', 'SFR_TRAINEES', 'Taxe d''apprentissage'),
('META4', 'SFR_TRAINEES_CS', 'Contribution supplémentaire apprentissage'),
('META4', 'SFR_TRAINING', 'Taxe formation'),
('META4', 'SFR_TS_BAS1', 'Taux salarial provisoire/Intermediare'),
('META4', 'SFR_TS_BAS2', 'Taux salarial provisoire/Tranche C'),
('META4', 'SFR_TS_GROSS', 'Taux salarial provisoire/Brut'),
('META4', 'SFR_WORKER_COUNCIL_1', 'Cotisation comité d''établissement 1'),
('META4', 'SFR_WORKER_COUNCIL_2', 'Cotisation comité d''établissement 2'),
('META4', 'SFR_SS_FAM_ALL_RED_COMP', 'Allocations familiales 2.7%'),
('META4', 'CFR_PEC_FRAIS_TRANSPORT', 'Prise en charge des Frais de transport'),
('META4', 'CFR_PORT_MUTUELLE_CONTRIB', 'Portabilité participation employeur à la mutuelle'),
('META4', 'CFR_PORT_MUTUELLE_OBL', 'Portabilité frais de santé Isolée Base'),
('META4', 'CFR_CSG_DED_CHOM_PART', 'CSG deductible chomage partiel'),
('META4', 'CFR_CSG_DED_REGUL_INT_PAY', 'Regualrisation interessement payé'),
('META4', 'CFR_PREV_PORT_MORNAY', 'Cotisation prévoyance portabilité Mornay'),
('META4', 'CFR_PREV_PORT_VERSP', 'Cotisation prévoyance portabilité Verspieren'),
('META4', 'CFR_PRIME_13EME_MOIS', 'Prime 13éme mois'),
('META4', 'SFR_SS_VEUV_NON_EXO_EMP', 'Séc. soc. vieillesse déplafonnée'),
('META4', 'SFR_SS_VIEILL_GROSS_COMP', 'Séc. soc. vieillesse patronale'),
('META4', 'CFR_RET_ABS_CAC', 'Retenue congé d''accompagnement');

-- --------------------------------------------------------

--
-- Structure de la table `QC1_REP_PRI_PR_RULE`
--

CREATE TABLE IF NOT EXISTS `QC1_REP_PRI_PR_RULE` (
  `CODE_PR_RULE` varchar(20) default NULL,
  `NAME_PR_RULE` varchar(100) default NULL
) ENGINE=InnoDB DEFAULT CHARSET=utf8;

--
-- Contenu de la table `QC1_REP_PRI_PR_RULE`
--

INSERT INTO `QC1_REP_PRI_PR_RULE` (`CODE_PR_RULE`, `NAME_PR_RULE`) VALUES
('ND', 'Non défini'),
('META4', 'META4');

-- --------------------------------------------------------

--
-- Structure de la table `QC1_REP_PRM_GLOBAL`
--

CREATE TABLE IF NOT EXISTS `QC1_REP_PRM_GLOBAL` (
  `CODE_PARAM` int(11) NOT NULL auto_increment,
  `DAT_BEG` datetime default NULL,
  `DAT_END` datetime default NULL,
  `NAME_PARAM` varchar(30) default NULL,
  `DESC_PARAM` varchar(100) default NULL,
  `VALUE_PARAM` varchar(100) default NULL,
  UNIQUE KEY `CODE_PARAM` (`CODE_PARAM`)
) ENGINE=InnoDB  DEFAULT CHARSET=utf8 AUTO_INCREMENT=9 ;

--
-- Contenu de la table `QC1_REP_PRM_GLOBAL`
--

INSERT INTO `QC1_REP_PRM_GLOBAL` (`CODE_PARAM`, `DAT_BEG`, `DAT_END`, `NAME_PARAM`, `DESC_PARAM`, `VALUE_PARAM`) VALUES
(1, NULL, NULL, 'QDD_DEFAULT_ND_VALUE', 'Valeur par défaut pour les attributs à NULL', 'Non défini'),
(2, NULL, NULL, 'MTA_TGT_NB', 'Nbre de colonnes cibles Modules Regroupement', '10'),
(3, NULL, NULL, 'MTA_SRC_NB', 'Nbre de colonnes sources Modules Regroupement', '5'),
(4, NULL, NULL, 'MTA_DATA_LOAD', 'Récupération des données de regroupement (TALEND ou PROC)', 'TALEND'),
(5, NULL, NULL, 'TALEND_JOB_PATH', 'Répertoire d''accès aux jobs Talend', 'F:QBIK_Solutionstdjob*;'),
(6, NULL, NULL, 'TALEND_LIB_PATH', 'Répertoire d''accès aux jars Talend', 'F:QBIK_Solutionstdlib*;'),
(7, NULL, NULL, 'ARC_NB_ARCH', 'Nombre d''Archives', '0'),
(8, NULL, NULL, 'ARC_MODE', 'Mode d''Archivage\r\n1:Oracle NoPartitionning\r\n2:Oracle Partitionning\r\n3:Not defined yet', '1');

-- --------------------------------------------------------

--
-- Structure de la table `QC1_REP_QDD_ATTRIBUTE`
--

CREATE TABLE IF NOT EXISTS `QC1_REP_QDD_ATTRIBUTE` (
  `CODE_ATTRIBUTE` int(11) NOT NULL auto_increment,
  `CODE_DOMAIN` varchar(10) default NULL,
  `NAME_ATTRIBUTE` varchar(100) default NULL,
  `DESC_ATTRIBUTE` varchar(250) default NULL,
  `FIELD_NAME` varchar(50) default NULL,
  `FLG_LOCKED` varchar(1) default NULL,
  `FLG_CUSTOM` varchar(1) default NULL,
  `FLG_LOV` varchar(1) default NULL,
  `FIELD_CODE` varchar(50) default NULL,
  `TYPE_ATTRIBUTE` varchar(20) default NULL,
  `FLG_TKH` varchar(1) default NULL,
  UNIQUE KEY `CODE_ATTRIBUTE` (`CODE_ATTRIBUTE`)
) ENGINE=InnoDB  DEFAULT CHARSET=utf8 AUTO_INCREMENT=50730 ;

--
-- Contenu de la table `QC1_REP_QDD_ATTRIBUTE`
--

INSERT INTO `QC1_REP_QDD_ATTRIBUTE` (`CODE_ATTRIBUTE`, `CODE_DOMAIN`, `NAME_ATTRIBUTE`, `DESC_ATTRIBUTE`, `FIELD_NAME`, `FLG_LOCKED`, `FLG_CUSTOM`, `FLG_LOV`, `FIELD_CODE`, `TYPE_ATTRIBUTE`, `FLG_TKH`) VALUES
(2783, '12', '001-Matricule', NULL, 'QC1_EMP_NUM', '0', '0', '0', NULL, 's', '0'),
(2784, '12', '002-Date d''effet', NULL, 'QC1_EFF_DATE', '0', '0', '0', NULL, 'd', '0'),
(2785, '12', '003-Mois d''effet', NULL, 'QC1_EFF_MONTH', '0', '0', '0', NULL, 's', '0'),
(2786, '12', '004-Identifiant de la période', NULL, 'QC1_ABS_ID', '0', '0', '0', NULL, 's', '0'),
(2787, '12', '005-Mois de l''absence', NULL, 'QC1_PERIOD', '0', '0', '0', NULL, 's', '0'),
(2788, '12', '006-Code du motif d''absence', NULL, 'QC1_REASON_CODE', '0', '0', '0', NULL, 's', '0'),
(2789, '12', '007-Date de début dans le mois', NULL, 'QC1_DAT_BEG', '0', '0', '0', NULL, 'd', '0'),
(2790, '12', '008-Date de fin dans le mois', NULL, 'QC1_DAT_END', '0', '0', '0', NULL, 'd', '0'),
(2791, '12', '009-Date de début absolue', NULL, 'QC1_DAT_INITIAL', '0', '0', '0', NULL, 'd', '0'),
(2792, '12', '010-Date de fin absolue', NULL, 'QC1_DAT_FINAL', '0', '0', '0', NULL, 'd', '0'),
(2793, '12', '011-Témoin de prolongation', NULL, 'QC1_FLG_EXTENDED', '0', '0', '0', NULL, 's', '0'),
(2794, '12', '012-Témoin adjacent week-end', NULL, 'QC1_FLG_ADJ_WE', '0', '0', '0', NULL, 's', '0'),
(2795, '12', '013-Nombre d''heures dans le mois', NULL, 'QC1_HOURS', '0', '0', '0', NULL, 'n', '0'),
(2796, '12', '014-Nombre de jours dans le mois', NULL, 'QC1_DAYS', '0', '0', '0', NULL, 'n', '0'),
(2797, '12', '015-Nombre de jours ouvrés dans le mois', NULL, 'QC1_WEEKDAYS', '0', '0', '0', NULL, 'n', '0'),
(2798, '12', '016-Nombre de jours ouvrables dans le mois', NULL, 'QC1_WORKING_DAYS', '0', '0', '0', NULL, 'n', '0'),
(2799, '12', '017-Nombre de jours calendaires dans le mois', NULL, 'QC1_CALENDAR_DAYS', '0', '0', '0', NULL, 'n', '0'),
(2800, '12', '018-Nombre d''heures total', NULL, 'QC1_HOURS_TOTAL', '0', '0', '0', NULL, 'n', '0'),
(2801, '12', '019-Nombre de jours total', NULL, 'QC1_DAYS_TOTAL', '0', '0', '0', NULL, 'n', '0'),
(2802, '12', '020-Nombre de jours total', NULL, 'QC1_WEEKDAYS_TOTAL', '0', '0', '0', NULL, 'n', '0'),
(2803, '12', '021-Nombre de jours total', NULL, 'QC1_WORKING_DAYS_TOTAL', '0', '0', '0', NULL, 'n', '0'),
(2804, '12', '022-Nombre de jours total', NULL, 'QC1_CALENDAR_DAYS_TOTAL', '0', '0', '0', NULL, 'n', '0'),
(2805, '11', '001-Absences - Date de début d''historique', NULL, 'QC1_DAT_BEG_HIST', '0', '0', '0', NULL, 'd', '0'),
(2806, '11', '002-Absences - Date de fin d''historique', NULL, 'QC1_DAT_END_HIST', '0', '0', '0', NULL, 'd', '0'),
(2807, '11', '003-Motif de l''absence (code)', NULL, 'QC1_REASON_CODE', '0', '0', '0', NULL, 's', '0'),
(2808, '11', '004-Motif de l''absence', NULL, 'QC1_REASON_DESC', '0', '0', '0', NULL, 's', '0'),
(2809, '11', '005-Famille d''absence (code)', NULL, 'QC1_FAMILY_CODE', '0', '0', '0', NULL, 's', '0'),
(2810, '11', '006-Famille d''absence', NULL, 'QC1_FAMILY_DESC', '0', '0', '0', NULL, 's', '0'),
(2811, '11', '007-Code de la rubrique liée au motif', NULL, 'QC1_PR_ITEM_CODE', '0', '0', '0', NULL, 's', '0'),
(2812, '11', '008-Champ libre 001', NULL, 'QC1_ABS_UDF_001', '0', '1', '0', NULL, 's', '0'),
(2813, '11', '009-Champ libre 002', NULL, 'QC1_ABS_UDF_002', '0', '1', '0', NULL, 's', '0'),
(2814, '11', '010-Champ libre 003', NULL, 'QC1_ABS_UDF_003', '0', '1', '0', NULL, 's', '0'),
(2815, '11', '011-Champ libre 004', NULL, 'QC1_ABS_UDF_004', '0', '1', '0', NULL, 's', '0'),
(2816, '11', '012-Champ libre 005', NULL, 'QC1_ABS_UDF_005', '0', '1', '0', NULL, 's', '0'),
(2817, '11', '013-Champ libre 006', NULL, 'QC1_ABS_UDF_006', '0', '1', '0', NULL, 's', '0'),
(2818, '11', '014-Champ libre 007', NULL, 'QC1_ABS_UDF_007', '0', '1', '0', NULL, 's', '0'),
(2819, '11', '015-Champ libre 008', NULL, 'QC1_ABS_UDF_008', '0', '1', '0', NULL, 's', '0'),
(2820, '11', '016-Champ libre 009', NULL, 'QC1_ABS_UDF_009', '0', '1', '0', NULL, 's', '0'),
(2821, '11', '017-Champ libre 010', NULL, 'QC1_ABS_UDF_010', '0', '1', '0', NULL, 's', '0'),
(2822, '11', '018-Champ libre 011', NULL, 'QC1_ABS_UDF_011', '0', '1', '0', NULL, 's', '0'),
(2823, '11', '019-Champ libre 012', NULL, 'QC1_ABS_UDF_012', '0', '1', '0', NULL, 's', '0'),
(2824, '11', '020-Champ libre 013', NULL, 'QC1_ABS_UDF_013', '0', '1', '0', NULL, 's', '0'),
(2825, '11', '021-Champ libre 014', NULL, 'QC1_ABS_UDF_014', '0', '1', '0', NULL, 's', '0'),
(2826, '11', '022-Champ libre 015', NULL, 'QC1_ABS_UDF_015', '0', '1', '0', NULL, 's', '0'),
(2827, '11', '023-Champ libre 016', NULL, 'QC1_ABS_UDF_016', '0', '1', '0', NULL, 's', '0'),
(2828, '11', '024-Champ libre 017', NULL, 'QC1_ABS_UDF_017', '0', '1', '0', NULL, 's', '0'),
(2829, '11', '025-Champ libre 018', NULL, 'QC1_ABS_UDF_018', '0', '1', '0', NULL, 's', '0'),
(2830, '11', '026-Champ libre 019', NULL, 'QC1_ABS_UDF_019', '0', '1', '0', NULL, 's', '0'),
(2831, '11', '027-Champ libre 020', NULL, 'QC1_ABS_UDF_020', '0', '1', '0', NULL, 's', '0'),
(2832, '4', '001-Matricule', NULL, 'QC1_EMP_ID', '0', '0', '0', NULL, 's', '0'),
(2833, '4', '002-N° d''affectation', NULL, 'QC1_ASS_ID', '0', '0', '0', NULL, 's', '0'),
(2834, '4', '003-UO d''affectation', NULL, 'QC1_ORG_ID', '0', '0', '0', NULL, 's', '0'),
(2835, '4', '004-Code de l''établissement', NULL, 'QC1_LOC_ID', '0', '0', '0', NULL, 's', '0'),
(2836, '4', '005-Code du centre de coût', NULL, 'QC1_BUD_ID', '0', '0', '0', NULL, 's', '0'),
(2837, '4', '006-Date de début d''historique', NULL, 'QC1_DAT_BEG_HIST', '0', '0', '0', NULL, 'd', '0'),
(2838, '4', '007-Date de fin d''historique', NULL, 'QC1_DAT_END_HIST', '0', '0', '0', NULL, 'd', '0'),
(2839, '4', '008-N° d''affectation', NULL, 'QC1_ASS_NUMBER', '0', '0', '0', NULL, 's', '0'),
(2840, '4', '009-Date de début d''affectation', NULL, 'QC1_ASS_DAT_BEG', '0', '0', '0', NULL, 'd', '0'),
(2841, '4', '010-Date de fin d''affectation', NULL, 'QC1_ASS_DAT_END', '0', '0', '0', NULL, 'd', '0'),
(2842, '4', '011-Statut de l''affectation (code)', NULL, 'QC1_ASS_STATUS_CODE', '0', '0', '0', NULL, 's', '0'),
(2843, '4', '012-Statut de l''affectation (libellé)', NULL, 'QC1_ASS_STATUS_DESC', '0', '0', '0', NULL, 's', '0'),
(2844, '4', '013-Type d''affectation (code)', NULL, 'QC1_ASS_TYPE_CODE', '0', '0', '0', NULL, 's', '0'),
(2845, '4', '014-Type d''affectation (libellé)', NULL, 'QC1_ASS_TYPE_DESC', '0', '0', '0', NULL, 's', '0'),
(2846, '4', '015-Temoin d''historique 001', NULL, 'QC1_ASS_TKH_001', '0', '0', '0', NULL, 's', '1'),
(2847, '4', '016-Temoin d''historique 002', NULL, 'QC1_ASS_TKH_002', '0', '0', '0', NULL, 's', '1'),
(2848, '4', '017-Temoin d''historique 003', NULL, 'QC1_ASS_TKH_003', '0', '0', '0', NULL, 's', '1'),
(2849, '4', '018-Temoin d''historique 004', NULL, 'QC1_ASS_TKH_004', '0', '0', '0', NULL, 's', '1'),
(2850, '4', '019-Temoin d''historique 005', NULL, 'QC1_ASS_TKH_005', '0', '0', '0', NULL, 's', '1'),
(2851, '4', '020-Temoin d''historique 006', NULL, 'QC1_ASS_TKH_006', '0', '0', '0', NULL, 's', '1'),
(2852, '4', '021-Temoin d''historique 007', NULL, 'QC1_ASS_TKH_007', '0', '0', '0', NULL, 's', '1'),
(2853, '4', '022-Temoin d''historique 008', NULL, 'QC1_ASS_TKH_008', '0', '0', '0', NULL, 's', '1'),
(2854, '4', '023-Temoin d''historique 009', NULL, 'QC1_ASS_TKH_009', '0', '0', '0', NULL, 's', '1'),
(2855, '4', '024-Temoin d''historique 010', NULL, 'QC1_ASS_TKH_010', '0', '0', '0', NULL, 's', '1'),
(2856, '4', '025-Temoin d''historique 011', NULL, 'QC1_ASS_TKH_011', '0', '0', '0', NULL, 's', '1'),
(2857, '4', '026-Temoin d''historique 012', NULL, 'QC1_ASS_TKH_012', '0', '0', '0', NULL, 's', '1'),
(2858, '4', '027-Temoin d''historique 013', NULL, 'QC1_ASS_TKH_013', '0', '0', '0', NULL, 's', '1'),
(2859, '4', '028-Temoin d''historique 014', NULL, 'QC1_ASS_TKH_014', '0', '0', '0', NULL, 's', '1'),
(2860, '4', '029-Temoin d''historique 015', NULL, 'QC1_ASS_TKH_015', '0', '0', '0', NULL, 's', '1'),
(2861, '4', '030-Temoin d''historique 016', NULL, 'QC1_ASS_TKH_016', '0', '0', '0', NULL, 's', '1'),
(2862, '4', '031-Temoin d''historique 017', NULL, 'QC1_ASS_TKH_017', '0', '0', '0', NULL, 's', '1'),
(2863, '4', '032-Temoin d''historique 018', NULL, 'QC1_ASS_TKH_018', '0', '0', '0', NULL, 's', '1'),
(2864, '4', '033-Temoin d''historique 019', NULL, 'QC1_ASS_TKH_019', '0', '0', '0', NULL, 's', '1'),
(2865, '4', '034-Temoin d''historique 020', NULL, 'QC1_ASS_TKH_020', '0', '0', '0', NULL, 's', '1'),
(2866, '4', '035-Champ libre 001', NULL, 'QC1_ASS_UDF_001', '0', '1', '0', NULL, 's', '0'),
(2867, '4', '036-Champ libre 002', NULL, 'QC1_ASS_UDF_002', '0', '1', '0', NULL, 's', '0'),
(2868, '4', '037-Champ libre 003', NULL, 'QC1_ASS_UDF_003', '0', '1', '0', NULL, 's', '0'),
(2869, '4', '038-Champ libre 004', NULL, 'QC1_ASS_UDF_004', '0', '1', '0', NULL, 's', '0'),
(2870, '4', '039-Champ libre 005', NULL, 'QC1_ASS_UDF_005', '0', '1', '0', NULL, 's', '0'),
(2871, '4', '040-Champ libre 006', NULL, 'QC1_ASS_UDF_006', '0', '1', '0', NULL, 's', '0'),
(2872, '4', '041-Champ libre 007', NULL, 'QC1_ASS_UDF_007', '0', '1', '0', NULL, 's', '0'),
(2873, '4', '042-Champ libre 008', NULL, 'QC1_ASS_UDF_008', '0', '1', '0', NULL, 's', '0'),
(2874, '4', '043-Champ libre 009', NULL, 'QC1_ASS_UDF_009', '0', '1', '0', NULL, 's', '0'),
(2875, '4', '044-Champ libre 010', NULL, 'QC1_ASS_UDF_010', '0', '1', '0', NULL, 's', '0'),
(2876, '4', '045-Champ libre 011', NULL, 'QC1_ASS_UDF_011', '0', '1', '0', NULL, 's', '0'),
(2877, '4', '046-Champ libre 012', NULL, 'QC1_ASS_UDF_012', '0', '1', '0', NULL, 's', '0'),
(2878, '4', '047-Champ libre 013', NULL, 'QC1_ASS_UDF_013', '0', '1', '0', NULL, 's', '0'),
(2879, '4', '048-Champ libre 014', NULL, 'QC1_ASS_UDF_014', '0', '1', '0', NULL, 's', '0'),
(2880, '4', '049-Champ libre 015', NULL, 'QC1_ASS_UDF_015', '0', '1', '0', NULL, 's', '0'),
(2881, '4', '050-Champ libre 016', NULL, 'QC1_ASS_UDF_016', '0', '1', '0', NULL, 's', '0'),
(2882, '4', '051-Champ libre 017', NULL, 'QC1_ASS_UDF_017', '0', '1', '0', NULL, 's', '0'),
(2883, '4', '052-Champ libre 018', NULL, 'QC1_ASS_UDF_018', '0', '1', '0', NULL, 's', '0'),
(2884, '4', '053-Champ libre 019', NULL, 'QC1_ASS_UDF_019', '0', '1', '0', NULL, 's', '0'),
(2885, '4', '054-Champ libre 020', NULL, 'QC1_ASS_UDF_020', '0', '1', '0', NULL, 's', '0'),
(2886, '10', '001-Code du centre de coût', NULL, 'QC1_BUD_ID', '0', '0', '0', NULL, 's', '0'),
(2887, '10', '002-Date de début d''historique', NULL, 'QC1_DAT_BEG_HIST', '0', '0', '0', NULL, 'd', '0'),
(2888, '10', '003-Date de fin d''historique', NULL, 'QC1_DAT_END_HIST', '0', '0', '0', NULL, 'd', '0'),
(2889, '10', '004-Section analytique (code)', NULL, 'QC1_BUD_CODE', '0', '0', '0', NULL, 's', '0'),
(2890, '10', '005-Section analytique', NULL, 'QC1_BUD_DESC', '0', '0', '0', NULL, 's', '0'),
(2891, '10', '006-Type d''unité budgétaire (code)', NULL, 'QC1_BUD_TYPE_CODE', '0', '0', '0', NULL, 's', '0'),
(2892, '10', '007-Type d''unité budgétaire', NULL, 'QC1_BUD_TYPE_DESC', '0', '0', '0', NULL, 's', '0'),
(2893, '10', '008-Niveau 001 (code)', NULL, 'QC1_LEV_01_CODE', '0', '0', '0', NULL, 's', '0'),
(2894, '10', '009-Niveau 001', NULL, 'QC1_LEV_01_DESC', '0', '0', '0', NULL, 's', '0'),
(2895, '10', '010-Niveau 002 (code)', NULL, 'QC1_LEV_02_CODE', '0', '0', '0', NULL, 's', '0'),
(2896, '10', '011-Niveau 002', NULL, 'QC1_LEV_02_DESC', '0', '0', '0', NULL, 's', '0'),
(2897, '10', '012-Niveau 003 (code)', NULL, 'QC1_LEV_03_CODE', '0', '0', '0', NULL, 's', '0'),
(2898, '10', '013-Niveau 003', NULL, 'QC1_LEV_03_DESC', '0', '0', '0', NULL, 's', '0'),
(2899, '10', '014-Niveau 004 (code)', NULL, 'QC1_LEV_04_CODE', '0', '0', '0', NULL, 's', '0'),
(2900, '10', '015-Niveau 004', NULL, 'QC1_LEV_04_DESC', '0', '0', '0', NULL, 's', '0'),
(2901, '10', '016-Niveau 005 (code)', NULL, 'QC1_LEV_05_CODE', '0', '0', '0', NULL, 's', '0'),
(2902, '10', '017-Niveau 005', NULL, 'QC1_LEV_05_DESC', '0', '0', '0', NULL, 's', '0'),
(2903, '10', '018-Niveau 006 (code)', NULL, 'QC1_LEV_06_CODE', '0', '0', '0', NULL, 's', '0'),
(2904, '10', '019-Niveau 006', NULL, 'QC1_LEV_06_DESC', '0', '0', '0', NULL, 's', '0'),
(2905, '10', '020-Niveau 007 (code)', NULL, 'QC1_LEV_07_CODE', '0', '0', '0', NULL, 's', '0'),
(2906, '10', '021-Niveau 007', NULL, 'QC1_LEV_07_DESC', '0', '0', '0', NULL, 's', '0'),
(2907, '10', '022-Niveau 008 (code)', NULL, 'QC1_LEV_08_CODE', '0', '0', '0', NULL, 's', '0'),
(2908, '10', '023-Niveau 008', NULL, 'QC1_LEV_08_DESC', '0', '0', '0', NULL, 's', '0'),
(2909, '10', '024-Niveau 009 (code)', NULL, 'QC1_LEV_09_CODE', '0', '0', '0', NULL, 's', '0'),
(2910, '10', '025-Niveau 009', NULL, 'QC1_LEV_09_DESC', '0', '0', '0', NULL, 's', '0'),
(2911, '10', '026-Niveau 010 (code)', NULL, 'QC1_LEV_10_CODE', '0', '0', '0', NULL, 's', '0'),
(2912, '10', '027-Niveau 010', NULL, 'QC1_LEV_10_DESC', '0', '0', '0', NULL, 's', '0'),
(2913, '10', '028-Niveau 011 (code)', NULL, 'QC1_LEV_11_CODE', '0', '0', '0', NULL, 's', '0'),
(2914, '10', '029-Niveau 011', NULL, 'QC1_LEV_11_DESC', '0', '0', '0', NULL, 's', '0'),
(2915, '10', '030-Niveau 012 (code)', NULL, 'QC1_LEV_12_CODE', '0', '0', '0', NULL, 's', '0'),
(2916, '10', '031-Niveau 012', NULL, 'QC1_LEV_12_DESC', '0', '0', '0', NULL, 's', '0'),
(2917, '10', '032-Niveau 013 (code)', NULL, 'QC1_LEV_13_CODE', '0', '0', '0', NULL, 's', '0'),
(2918, '10', '033-Niveau 013', NULL, 'QC1_LEV_13_DESC', '0', '0', '0', NULL, 's', '0'),
(2919, '10', '034-Niveau 014 (code)', NULL, 'QC1_LEV_14_CODE', '0', '0', '0', NULL, 's', '0'),
(2920, '10', '035-Niveau 014', NULL, 'QC1_LEV_14_DESC', '0', '0', '0', NULL, 's', '0'),
(2921, '10', '036-Niveau 015 (code)', NULL, 'QC1_LEV_15_CODE', '0', '0', '0', NULL, 's', '0'),
(2922, '10', '037-Niveau 015', NULL, 'QC1_LEV_15_DESC', '0', '0', '0', NULL, 's', '0'),
(2923, '10', '038-Niveau 016 (code)', NULL, 'QC1_LEV_16_CODE', '0', '0', '0', NULL, 's', '0'),
(2924, '10', '039-Niveau 016', NULL, 'QC1_LEV_16_DESC', '0', '0', '0', NULL, 's', '0'),
(2925, '10', '040-Niveau 017 (code)', NULL, 'QC1_LEV_17_CODE', '0', '0', '0', NULL, 's', '0'),
(2926, '10', '041-Niveau 017', NULL, 'QC1_LEV_17_DESC', '0', '0', '0', NULL, 's', '0'),
(2927, '10', '042-Niveau 018 (code)', NULL, 'QC1_LEV_18_CODE', '0', '0', '0', NULL, 's', '0'),
(2928, '10', '043-Niveau 018', NULL, 'QC1_LEV_18_DESC', '0', '0', '0', NULL, 's', '0'),
(2929, '10', '044-Niveau 019 (code)', NULL, 'QC1_LEV_19_CODE', '0', '0', '0', NULL, 's', '0'),
(2930, '10', '045-Niveau 019', NULL, 'QC1_LEV_19_DESC', '0', '0', '0', NULL, 's', '0'),
(2931, '10', '046-Niveau 020 (code)', NULL, 'QC1_LEV_20_CODE', '0', '0', '0', NULL, 's', '0'),
(2932, '10', '047-Niveau 020', NULL, 'QC1_LEV_20_DESC', '0', '0', '0', NULL, 's', '0'),
(2933, '10', '048-Champ libre 001', NULL, 'QC1_BUD_UDF_001', '0', '1', '0', NULL, 's', '0'),
(2934, '10', '049-Champ libre 002', NULL, 'QC1_BUD_UDF_002', '0', '1', '0', NULL, 's', '0'),
(2935, '10', '050-Champ libre 003', NULL, 'QC1_BUD_UDF_003', '0', '1', '0', NULL, 's', '0'),
(2936, '10', '051-Champ libre 004', NULL, 'QC1_BUD_UDF_004', '0', '1', '0', NULL, 's', '0'),
(2937, '10', '052-Champ libre 005', NULL, 'QC1_BUD_UDF_005', '0', '1', '0', NULL, 's', '0'),
(2938, '10', '053-Champ libre 006', NULL, 'QC1_BUD_UDF_006', '0', '1', '0', NULL, 's', '0'),
(2939, '10', '054-Champ libre 007', NULL, 'QC1_BUD_UDF_007', '0', '1', '0', NULL, 's', '0'),
(2940, '10', '055-Champ libre 008', NULL, 'QC1_BUD_UDF_008', '0', '1', '0', NULL, 's', '0'),
(2941, '10', '056-Champ libre 009', NULL, 'QC1_BUD_UDF_009', '0', '1', '0', NULL, 's', '0'),
(2942, '10', '057-Champ libre 010', NULL, 'QC1_BUD_UDF_010', '0', '1', '0', NULL, 's', '0'),
(2943, '10', '058-Champ libre 011', NULL, 'QC1_BUD_UDF_011', '0', '1', '0', NULL, 's', '0'),
(2944, '10', '059-Champ libre 012', NULL, 'QC1_BUD_UDF_012', '0', '1', '0', NULL, 's', '0'),
(2945, '10', '060-Champ libre 013', NULL, 'QC1_BUD_UDF_013', '0', '1', '0', NULL, 's', '0'),
(2946, '10', '061-Champ libre 014', NULL, 'QC1_BUD_UDF_014', '0', '1', '0', NULL, 's', '0'),
(2947, '10', '062-Champ libre 015', NULL, 'QC1_BUD_UDF_015', '0', '1', '0', NULL, 's', '0'),
(2948, '10', '063-Champ libre 016', NULL, 'QC1_BUD_UDF_016', '0', '1', '0', NULL, 's', '0'),
(2949, '10', '064-Champ libre 017', NULL, 'QC1_BUD_UDF_017', '0', '1', '0', NULL, 's', '0'),
(2950, '10', '065-Champ libre 018', NULL, 'QC1_BUD_UDF_018', '0', '1', '0', NULL, 's', '0'),
(2951, '10', '066-Champ libre 019', NULL, 'QC1_BUD_UDF_019', '0', '1', '0', NULL, 's', '0'),
(2952, '10', '067-Champ libre 020', NULL, 'QC1_BUD_UDF_020', '0', '1', '0', NULL, 's', '0'),
(2953, '5', '001-Matricule', NULL, 'QC1_EMP_ID', '0', '0', '0', NULL, 's', '0'),
(2954, '5', '002-Date de début d''historique', NULL, 'QC1_DAT_BEG_HIST', '0', '0', '0', NULL, 'd', '0'),
(2955, '5', '003-Date de fin d''historique', NULL, 'QC1_DAT_END_HIST', '0', '0', '0', NULL, 'd', '0'),
(2956, '5', '004-Classification (code)', NULL, 'QC1_EMP_CAT_CODE', '0', '0', '0', NULL, 's', '0'),
(2957, '5', '005-Classification', NULL, 'QC1_EMP_CAT_DESC', '0', '0', '0', NULL, 's', '0'),
(2958, '5', '006-Catégorie - Groupe 001', NULL, 'QC1_EMP_CAT_GROUP_001', '0', '0', '0', NULL, 's', '0'),
(2959, '5', '007-Catégorie - Groupe 002', NULL, 'QC1_EMP_CAT_GROUP_002', '0', '0', '0', NULL, 's', '0'),
(2960, '5', '008-Catégorie - Groupe 003', NULL, 'QC1_EMP_CAT_GROUP_003', '0', '0', '0', NULL, 's', '0'),
(2961, '5', '009-Catégorie - Groupe 004', NULL, 'QC1_EMP_CAT_GROUP_004', '0', '0', '0', NULL, 's', '0'),
(2962, '5', '010-Catégorie - Groupe 005', NULL, 'QC1_EMP_CAT_GROUP_005', '0', '0', '0', NULL, 's', '0'),
(2963, '5', '011-Catégorie - Groupe 006', NULL, 'QC1_EMP_CAT_GROUP_006', '0', '0', '0', NULL, 's', '0'),
(2964, '5', '012-Catégorie - Groupe 007', NULL, 'QC1_EMP_CAT_GROUP_007', '0', '0', '0', NULL, 's', '0'),
(2965, '5', '013-Catégorie - Groupe 008', NULL, 'QC1_EMP_CAT_GROUP_008', '0', '0', '0', NULL, 's', '0'),
(2966, '5', '014-Catégorie - Groupe 009', NULL, 'QC1_EMP_CAT_GROUP_009', '0', '0', '0', NULL, 's', '0'),
(2967, '5', '015-Catégorie - Groupe 010', NULL, 'QC1_EMP_CAT_GROUP_010', '0', '0', '0', NULL, 's', '0'),
(2968, '5', '016-Catégorie - Groupe 011', NULL, 'QC1_EMP_CAT_GROUP_011', '0', '0', '0', NULL, 's', '0'),
(2969, '5', '017-Catégorie - Groupe 012', NULL, 'QC1_EMP_CAT_GROUP_012', '0', '0', '0', NULL, 's', '0'),
(2970, '5', '018-Catégorie - Groupe 013', NULL, 'QC1_EMP_CAT_GROUP_013', '0', '0', '0', NULL, 's', '0'),
(2971, '5', '019-Catégorie - Groupe 014', NULL, 'QC1_EMP_CAT_GROUP_014', '0', '0', '0', NULL, 's', '0'),
(2972, '5', '020-Catégorie - Groupe 015', NULL, 'QC1_EMP_CAT_GROUP_015', '0', '0', '0', NULL, 's', '0'),
(2973, '5', '021-Catégorie - Groupe 016', NULL, 'QC1_EMP_CAT_GROUP_016', '0', '0', '0', NULL, 's', '0'),
(2974, '5', '022-Catégorie - Groupe 017', NULL, 'QC1_EMP_CAT_GROUP_017', '0', '0', '0', NULL, 's', '0'),
(2975, '5', '023-Catégorie - Groupe 018', NULL, 'QC1_EMP_CAT_GROUP_018', '0', '0', '0', NULL, 's', '0'),
(2976, '5', '024-Catégorie - Groupe 019', NULL, 'QC1_EMP_CAT_GROUP_019', '0', '0', '0', NULL, 's', '0'),
(2977, '5', '025-Catégorie - Groupe 020', NULL, 'QC1_EMP_CAT_GROUP_020', '0', '0', '0', NULL, 's', '0'),
(2978, '5', '026-Poste occupé (code)', NULL, 'QC1_POSITION_CODE', '0', '0', '0', NULL, 's', '0'),
(2979, '5', '027-Poste occupé (libellé)', NULL, 'QC1_POSITION_DESC', '0', '0', '0', NULL, 's', '0'),
(2980, '5', '028-Date d''entrée dans le poste', NULL, 'QC1_DAT_IN_POSITION', '0', '0', '0', NULL, 'd', '0'),
(2981, '5', '029-Emploi (code)', NULL, 'QC1_JOB_CODE', '0', '0', '0', NULL, 's', '0'),
(2982, '5', '030-Emploi', NULL, 'QC1_JOB_DESC', '0', '0', '0', NULL, 's', '0'),
(2983, '5', '031-Date d''entrée dans l''emploi', NULL, 'QC1_DAT_IN_JOB', '0', '0', '0', NULL, 'd', '0'),
(2984, '5', '032-Classification - Groupe 001', NULL, 'QC1_JOB_GROUP_001', '0', '1', '0', NULL, 's', '0'),
(2985, '5', '033-Classification - Groupe 002', NULL, 'QC1_JOB_GROUP_002', '0', '1', '0', NULL, 's', '0'),
(2986, '5', '034-Classification - Groupe 003', NULL, 'QC1_JOB_GROUP_003', '0', '1', '0', NULL, 's', '0'),
(2987, '5', '035-Classification - Groupe 004', NULL, 'QC1_JOB_GROUP_004', '0', '1', '0', NULL, 's', '0'),
(2988, '5', '036-Classification - Groupe 005', NULL, 'QC1_JOB_GROUP_005', '0', '1', '0', NULL, 's', '0'),
(2989, '5', '037-Classification - Groupe 006', NULL, 'QC1_JOB_GROUP_006', '0', '1', '0', NULL, 's', '0'),
(2990, '5', '038-Classification - Groupe 007', NULL, 'QC1_JOB_GROUP_007', '0', '1', '0', NULL, 's', '0'),
(2991, '5', '039-Classification - Groupe 008', NULL, 'QC1_JOB_GROUP_008', '0', '1', '0', NULL, 's', '0'),
(2992, '5', '040-Classification - Groupe 009', NULL, 'QC1_JOB_GROUP_009', '0', '1', '0', NULL, 's', '0'),
(2993, '5', '041-Classification - Groupe 010', NULL, 'QC1_JOB_GROUP_010', '0', '1', '0', NULL, 's', '0'),
(2994, '5', '042-Classification - Groupe 011', NULL, 'QC1_JOB_GROUP_011', '0', '1', '0', NULL, 's', '0'),
(2995, '5', '043-Classification - Groupe 012', NULL, 'QC1_JOB_GROUP_012', '0', '1', '0', NULL, 's', '0'),
(2996, '5', '044-Classification - Groupe 013', NULL, 'QC1_JOB_GROUP_013', '0', '1', '0', NULL, 's', '0'),
(2997, '5', '045-Classification - Groupe 014', NULL, 'QC1_JOB_GROUP_014', '0', '1', '0', NULL, 's', '0'),
(2998, '5', '046-Classification - Groupe 015', NULL, 'QC1_JOB_GROUP_015', '0', '1', '0', NULL, 's', '0'),
(2999, '5', '047-Classification - Groupe 016', NULL, 'QC1_JOB_GROUP_016', '0', '1', '0', NULL, 's', '0'),
(3000, '5', '048-Classification - Groupe 017', NULL, 'QC1_JOB_GROUP_017', '0', '1', '0', NULL, 's', '0'),
(3001, '5', '049-Classification - Groupe 018', NULL, 'QC1_JOB_GROUP_018', '0', '1', '0', NULL, 's', '0'),
(3002, '5', '050-Classification - Groupe 019', NULL, 'QC1_JOB_GROUP_019', '0', '1', '0', NULL, 's', '0'),
(3003, '5', '051-Classification - Groupe 020', NULL, 'QC1_JOB_GROUP_020', '0', '1', '0', NULL, 's', '0'),
(3004, '5', '052-Rattachement aux opérationnels', NULL, 'QC1_FLG_STAFF', '0', '0', '0', NULL, 's', '0'),
(3005, '5', '053-Rattachement au siège', NULL, 'QC1_FLG_FIELD', '0', '0', '0', NULL, 's', '0'),
(3006, '5', '054-Témoin de position de manager', NULL, 'QC1_FLG_MGR', '0', '0', '0', NULL, 's', '0'),
(3007, '5', '055-Type de la position manager (code)', NULL, 'QC1_MGR_TYPE_CODE', '0', '0', '0', NULL, 's', '0'),
(3008, '5', '056-Type de la position manager (libellé)', NULL, 'QC1_MGR_TYPE_DESC', '0', '0', '0', NULL, 's', '0'),
(3009, '5', '057-Nombre de personnes gerées', NULL, 'QC1_MGR_SOC', '0', '0', '0', NULL, 's', '0'),
(3010, '5', '058-Matricule du manager de l''employé', NULL, 'QC1_MGR_ID', '0', '0', '0', NULL, 's', '0'),
(3011, '5', '059-Classification - Grade 001', NULL, 'QC1_GRADE_001', '0', '0', '0', NULL, 's', '0'),
(3012, '5', '060-Classification - Grade 002', NULL, 'QC1_GRADE_002', '0', '0', '0', NULL, 's', '0'),
(3013, '5', '061-Classification - Grade 003', NULL, 'QC1_GRADE_003', '0', '0', '0', NULL, 's', '0'),
(3014, '5', '062-Classification - Grade 004', NULL, 'QC1_GRADE_004', '0', '0', '0', NULL, 's', '0'),
(3015, '5', '063-Classification - Grade 005', NULL, 'QC1_GRADE_005', '0', '0', '0', NULL, 's', '0'),
(3016, '5', '064-Classification - Grade 006', NULL, 'QC1_GRADE_006', '0', '0', '0', NULL, 's', '0'),
(3017, '5', '065-Classification - Grade 007', NULL, 'QC1_GRADE_007', '0', '0', '0', NULL, 's', '0'),
(3018, '5', '066-Classification - Grade 008', NULL, 'QC1_GRADE_008', '0', '0', '0', NULL, 's', '0'),
(3019, '5', '067-Classification - Grade 009', NULL, 'QC1_GRADE_009', '0', '0', '0', NULL, 's', '0'),
(3020, '5', '068-Classification - Grade 010', NULL, 'QC1_GRADE_010', '0', '0', '0', NULL, 's', '0'),
(3021, '5', '069-Temoin d''historique 001', NULL, 'QC1_CLS_TKH_001', '0', '0', '0', NULL, 's', '1'),
(3022, '5', '070-Temoin d''historique 002', NULL, 'QC1_CLS_TKH_002', '0', '0', '0', NULL, 's', '1'),
(3023, '5', '071-Temoin d''historique 003', NULL, 'QC1_CLS_TKH_003', '0', '0', '0', NULL, 's', '1'),
(3024, '5', '072-Temoin d''historique 004', NULL, 'QC1_CLS_TKH_004', '0', '0', '0', NULL, 's', '1'),
(3025, '5', '073-Temoin d''historique 005', NULL, 'QC1_CLS_TKH_005', '0', '0', '0', NULL, 's', '1'),
(3026, '5', '074-Temoin d''historique 006', NULL, 'QC1_CLS_TKH_006', '0', '0', '0', NULL, 's', '1'),
(3027, '5', '075-Temoin d''historique 007', NULL, 'QC1_CLS_TKH_007', '0', '0', '0', NULL, 's', '1'),
(3028, '5', '076-Temoin d''historique 008', NULL, 'QC1_CLS_TKH_008', '0', '0', '0', NULL, 's', '1'),
(3029, '5', '077-Temoin d''historique 009', NULL, 'QC1_CLS_TKH_009', '0', '0', '0', NULL, 's', '1'),
(3030, '5', '078-Temoin d''historique 010', NULL, 'QC1_CLS_TKH_010', '0', '0', '0', NULL, 's', '1'),
(3031, '5', '079-Temoin d''historique 011', NULL, 'QC1_CLS_TKH_011', '0', '0', '0', NULL, 's', '1'),
(3032, '5', '080-Temoin d''historique 012', NULL, 'QC1_CLS_TKH_012', '0', '0', '0', NULL, 's', '1'),
(3033, '5', '081-Temoin d''historique 013', NULL, 'QC1_CLS_TKH_013', '0', '0', '0', NULL, 's', '1'),
(3034, '5', '082-Temoin d''historique 014', NULL, 'QC1_CLS_TKH_014', '0', '0', '0', NULL, 's', '1'),
(3035, '5', '083-Temoin d''historique 015', NULL, 'QC1_CLS_TKH_015', '0', '0', '0', NULL, 's', '1'),
(3036, '5', '084-Temoin d''historique 016', NULL, 'QC1_CLS_TKH_016', '0', '0', '0', NULL, 's', '1'),
(3037, '5', '085-Temoin d''historique 017', NULL, 'QC1_CLS_TKH_017', '0', '0', '0', NULL, 's', '1'),
(3038, '5', '086-Temoin d''historique 018', NULL, 'QC1_CLS_TKH_018', '0', '0', '0', NULL, 's', '1'),
(3039, '5', '087-Temoin d''historique 019', NULL, 'QC1_CLS_TKH_019', '0', '0', '0', NULL, 's', '1'),
(3040, '5', '088-Temoin d''historique 020', NULL, 'QC1_CLS_TKH_020', '0', '0', '0', NULL, 's', '1'),
(3041, '5', '089-Champ libre 001', NULL, 'QC1_CLS_UDF_001', '0', '1', '0', NULL, 's', '0'),
(3042, '5', '090-Champ libre 002', NULL, 'QC1_CLS_UDF_002', '0', '1', '0', NULL, 's', '0'),
(3043, '5', '091-Champ libre 003', NULL, 'QC1_CLS_UDF_003', '0', '1', '0', NULL, 's', '0'),
(3044, '5', '092-Champ libre 004', NULL, 'QC1_CLS_UDF_004', '0', '1', '0', NULL, 's', '0'),
(3045, '5', '093-Champ libre 005', NULL, 'QC1_CLS_UDF_005', '0', '1', '0', NULL, 's', '0'),
(3046, '5', '094-Champ libre 006', NULL, 'QC1_CLS_UDF_006', '0', '1', '0', NULL, 's', '0'),
(3047, '5', '095-Champ libre 007', NULL, 'QC1_CLS_UDF_007', '0', '1', '0', NULL, 's', '0'),
(3048, '5', '096-Champ libre 008', NULL, 'QC1_CLS_UDF_008', '0', '1', '0', NULL, 's', '0'),
(3049, '5', '097-Champ libre 009', NULL, 'QC1_CLS_UDF_009', '0', '1', '0', NULL, 's', '0'),
(3050, '5', '098-Champ libre 010', NULL, 'QC1_CLS_UDF_010', '0', '1', '0', NULL, 's', '0'),
(3051, '5', '099-Champ libre 011', NULL, 'QC1_CLS_UDF_011', '0', '1', '0', NULL, 's', '0'),
(3052, '5', '100-Champ libre 012', NULL, 'QC1_CLS_UDF_012', '0', '1', '0', NULL, 's', '0'),
(3053, '5', '101-Champ libre 013', NULL, 'QC1_CLS_UDF_013', '0', '1', '0', NULL, 's', '0'),
(3054, '5', '102-Champ libre 014', NULL, 'QC1_CLS_UDF_014', '0', '1', '0', NULL, 's', '0'),
(3055, '5', '103-Champ libre 015', NULL, 'QC1_CLS_UDF_015', '0', '1', '0', NULL, 's', '0'),
(3056, '5', '104-Champ libre 016', NULL, 'QC1_CLS_UDF_016', '0', '1', '0', NULL, 's', '0'),
(3057, '5', '105-Champ libre 017', NULL, 'QC1_CLS_UDF_017', '0', '1', '0', NULL, 's', '0'),
(3058, '5', '106-Champ libre 018', NULL, 'QC1_CLS_UDF_018', '0', '1', '0', NULL, 's', '0'),
(3059, '5', '107-Champ libre 019', NULL, 'QC1_CLS_UDF_019', '0', '1', '0', NULL, 's', '0'),
(3060, '5', '108-Champ libre 020', NULL, 'QC1_CLS_UDF_020', '0', '1', '0', NULL, 's', '0'),
(3061, '8', '001-Code société', NULL, 'QC1_CPY_ID', '0', '0', '0', NULL, 's', '0'),
(3062, '8', '002-Société - Date de début d''historique', NULL, 'QC1_DAT_BEG_HIST', '0', '0', '0', NULL, 'd', '0'),
(3063, '8', '003-Société - Date de fin d''historique', NULL, 'QC1_DAT_END_HIST', '0', '0', '0', NULL, 'd', '0'),
(3064, '8', '004-Code société', NULL, 'QC1_CPY_CODE', '0', '0', '0', NULL, 's', '0'),
(3065, '8', '005-Société (libellé)', NULL, 'QC1_CPY_DESC', '0', '0', '0', NULL, 's', '0'),
(3066, '8', '006-Niveau 001 (code)', NULL, 'QC1_LEV_01_CODE', '0', '0', '0', NULL, 's', '0'),
(3067, '8', '007-Niveau 001', NULL, 'QC1_LEV_01_DESC', '0', '0', '0', NULL, 's', '0'),
(3068, '8', '008-Niveau 002 (code)', NULL, 'QC1_LEV_02_CODE', '0', '0', '0', NULL, 's', '0'),
(3069, '8', '009-Niveau 002', NULL, 'QC1_LEV_02_DESC', '0', '0', '0', NULL, 's', '0'),
(3070, '8', '010-Niveau 003 (code)', NULL, 'QC1_LEV_03_CODE', '0', '0', '0', NULL, 's', '0'),
(3071, '8', '011-Niveau 003', NULL, 'QC1_LEV_03_DESC', '0', '0', '0', NULL, 's', '0'),
(3072, '8', '012-Niveau 004 (code)', NULL, 'QC1_LEV_04_CODE', '0', '0', '0', NULL, 's', '0'),
(3073, '8', '013-Niveau 004', NULL, 'QC1_LEV_04_DESC', '0', '0', '0', NULL, 's', '0'),
(3074, '8', '014-Niveau 005 (code)', NULL, 'QC1_LEV_05_CODE', '0', '0', '0', NULL, 's', '0'),
(3075, '8', '015-Niveau 005', NULL, 'QC1_LEV_05_DESC', '0', '0', '0', NULL, 's', '0'),
(3076, '8', '016-Niveau 006 (code)', NULL, 'QC1_LEV_06_CODE', '0', '0', '0', NULL, 's', '0'),
(3077, '8', '017-Niveau 006', NULL, 'QC1_LEV_06_DESC', '0', '0', '0', NULL, 's', '0'),
(3078, '8', '018-Niveau 007 (code)', NULL, 'QC1_LEV_07_CODE', '0', '0', '0', NULL, 's', '0'),
(3079, '8', '019-Niveau 007', NULL, 'QC1_LEV_07_DESC', '0', '0', '0', NULL, 's', '0'),
(3080, '8', '020-Niveau 008 (code)', NULL, 'QC1_LEV_08_CODE', '0', '0', '0', NULL, 's', '0'),
(3081, '8', '021-Niveau 008', NULL, 'QC1_LEV_08_DESC', '0', '0', '0', NULL, 's', '0'),
(3082, '8', '022-Niveau 009 (code)', NULL, 'QC1_LEV_09_CODE', '0', '0', '0', NULL, 's', '0'),
(3083, '8', '023-Niveau 009', NULL, 'QC1_LEV_09_DESC', '0', '0', '0', NULL, 's', '0'),
(3084, '8', '024-Niveau 010 (code)', NULL, 'QC1_LEV_10_CODE', '0', '0', '0', NULL, 's', '0'),
(3085, '8', '025-Niveau 010', NULL, 'QC1_LEV_10_DESC', '0', '0', '0', NULL, 's', '0'),
(3086, '8', '026-Niveau 011 (code)', NULL, 'QC1_LEV_11_CODE', '0', '0', '0', NULL, 's', '0'),
(3087, '8', '027-Niveau 011', NULL, 'QC1_LEV_11_DESC', '0', '0', '0', NULL, 's', '0'),
(3088, '8', '028-Niveau 012 (code)', NULL, 'QC1_LEV_12_CODE', '0', '0', '0', NULL, 's', '0'),
(3089, '8', '029-Niveau 012', NULL, 'QC1_LEV_12_DESC', '0', '0', '0', NULL, 's', '0'),
(3090, '8', '030-Niveau 013 (code)', NULL, 'QC1_LEV_13_CODE', '0', '0', '0', NULL, 's', '0'),
(3091, '8', '031-Niveau 013', NULL, 'QC1_LEV_13_DESC', '0', '0', '0', NULL, 's', '0'),
(3092, '8', '032-Niveau 014 (code)', NULL, 'QC1_LEV_14_CODE', '0', '0', '0', NULL, 's', '0'),
(3093, '8', '033-Niveau 014', NULL, 'QC1_LEV_14_DESC', '0', '0', '0', NULL, 's', '0'),
(3094, '8', '034-Niveau 015 (code)', NULL, 'QC1_LEV_15_CODE', '0', '0', '0', NULL, 's', '0'),
(3095, '8', '035-Niveau 015', NULL, 'QC1_LEV_15_DESC', '0', '0', '0', NULL, 's', '0'),
(3096, '8', '036-Niveau 016 (code)', NULL, 'QC1_LEV_16_CODE', '0', '0', '0', NULL, 's', '0'),
(3097, '8', '037-Niveau 016', NULL, 'QC1_LEV_16_DESC', '0', '0', '0', NULL, 's', '0'),
(3098, '8', '038-Niveau 017 (code)', NULL, 'QC1_LEV_17_CODE', '0', '0', '0', NULL, 's', '0'),
(3099, '8', '039-Niveau 017', NULL, 'QC1_LEV_17_DESC', '0', '0', '0', NULL, 's', '0'),
(3100, '8', '040-Niveau 018 (code)', NULL, 'QC1_LEV_18_CODE', '0', '0', '0', NULL, 's', '0'),
(3101, '8', '041-Niveau 018', NULL, 'QC1_LEV_18_DESC', '0', '0', '0', NULL, 's', '0'),
(3102, '8', '042-Niveau 019 (code)', NULL, 'QC1_LEV_19_CODE', '0', '0', '0', NULL, 's', '0'),
(3103, '8', '043-Niveau 019', NULL, 'QC1_LEV_19_DESC', '0', '0', '0', NULL, 's', '0'),
(3104, '8', '044-Niveau 020 (code)', NULL, 'QC1_LEV_20_CODE', '0', '0', '0', NULL, 's', '0'),
(3105, '8', '045-Niveau 020', NULL, 'QC1_LEV_20_DESC', '0', '0', '0', NULL, 's', '0'),
(3106, '8', '046-Champ libre 001', NULL, 'QC1_CPY_UDF_001', '0', '1', '0', NULL, 's', '0'),
(3107, '8', '047-Champ libre 002', NULL, 'QC1_CPY_UDF_002', '0', '1', '0', NULL, 's', '0'),
(3108, '8', '048-Champ libre 003', NULL, 'QC1_CPY_UDF_003', '0', '1', '0', NULL, 's', '0'),
(3109, '8', '049-Champ libre 004', NULL, 'QC1_CPY_UDF_004', '0', '1', '0', NULL, 's', '0'),
(3110, '8', '050-Champ libre 005', NULL, 'QC1_CPY_UDF_005', '0', '1', '0', NULL, 's', '0'),
(3111, '8', '051-Champ libre 006', NULL, 'QC1_CPY_UDF_006', '0', '1', '0', NULL, 's', '0'),
(3112, '8', '052-Champ libre 007', NULL, 'QC1_CPY_UDF_007', '0', '1', '0', NULL, 's', '0'),
(3113, '8', '053-Champ libre 008', NULL, 'QC1_CPY_UDF_008', '0', '1', '0', NULL, 's', '0'),
(3114, '8', '054-Champ libre 009', NULL, 'QC1_CPY_UDF_009', '0', '1', '0', NULL, 's', '0'),
(3115, '8', '055-Champ libre 010', NULL, 'QC1_CPY_UDF_010', '0', '1', '0', NULL, 's', '0'),
(3116, '8', '056-Champ libre 011', NULL, 'QC1_CPY_UDF_011', '0', '1', '0', NULL, 's', '0'),
(3117, '8', '057-Champ libre 012', NULL, 'QC1_CPY_UDF_012', '0', '1', '0', NULL, 's', '0'),
(3118, '8', '058-Champ libre 013', NULL, 'QC1_CPY_UDF_013', '0', '1', '0', NULL, 's', '0'),
(3119, '8', '059-Champ libre 014', NULL, 'QC1_CPY_UDF_014', '0', '1', '0', NULL, 's', '0'),
(3120, '8', '060-Champ libre 015', NULL, 'QC1_CPY_UDF_015', '0', '1', '0', NULL, 's', '0'),
(3121, '8', '061-Champ libre 016', NULL, 'QC1_CPY_UDF_016', '0', '1', '0', NULL, 's', '0'),
(3122, '8', '062-Champ libre 017', NULL, 'QC1_CPY_UDF_017', '0', '1', '0', NULL, 's', '0'),
(3123, '8', '063-Champ libre 018', NULL, 'QC1_CPY_UDF_018', '0', '1', '0', NULL, 's', '0'),
(3124, '8', '064-Champ libre 019', NULL, 'QC1_CPY_UDF_019', '0', '1', '0', NULL, 's', '0'),
(3125, '8', '065-Champ libre 020', NULL, 'QC1_CPY_UDF_020', '0', '1', '0', NULL, 's', '0'),
(3126, '3', '001-Matricule', NULL, 'QC1_EMP_ID', '0', '0', '0', NULL, 's', '0'),
(3127, '3', '002-N° de contrat', NULL, 'QC1_CTR_ID', '0', '0', '0', NULL, 's', '0'),
(3128, '3', '003-Code société', NULL, 'QC1_CPY_ID', '0', '0', '0', NULL, 's', '0'),
(3129, '3', '004-Date de début d''historique', NULL, 'QC1_DAT_BEG_HIST', '0', '0', '0', NULL, 'd', '0'),
(3130, '3', '005-Date de fin d''historique', NULL, 'QC1_DAT_END_HIST', '0', '0', '0', NULL, 'd', '0'),
(3131, '3', '006-N° de contrat', NULL, 'QC1_CTR_NUMBER', '0', '0', '0', NULL, 's', '0'),
(3132, '3', '007-Statut du contrat (code)', NULL, 'QC1_CTR_STATUS_CODE', '0', '0', '0', NULL, 's', '0'),
(3133, '3', '008-Statut du contrat (libellé)', NULL, 'QC1_CTR_STATUS_DESC', '0', '0', '0', NULL, 's', '0'),
(3134, '3', '009-Type de contrat (code)', NULL, 'QC1_CTR_TYPE_CODE', '0', '0', '0', NULL, 's', '0'),
(3135, '3', '010-Type de contrat', NULL, 'QC1_CTR_TYPE_DESC', '0', '0', '0', NULL, 's', '0'),
(3136, '3', '011-Nature de contrat (code)', NULL, 'QC1_CTR_CAT_CODE', '0', '0', '0', NULL, 's', '0'),
(3137, '3', '012-Nature de contrat (libellé)', NULL, 'QC1_CTR_CAT_DESC', '0', '0', '0', NULL, 's', '0'),
(3138, '3', '013-Date de début de contrat', NULL, 'QC1_CTR_DAT_BEG', '0', '0', '0', NULL, 'd', '0'),
(3139, '3', '014-Date réelle de fin de contrat', NULL, 'QC1_CTR_DAT_END_REAL', '0', '0', '0', NULL, 'd', '0'),
(3140, '3', '015-Date prévisionnelle de fin de contrat', NULL, 'QC1_CTR_DAT_END_FORE', '0', '0', '0', NULL, 'd', '0'),
(3141, '3', '016-Date d''ancienneté dans le groupe', NULL, 'QC1_DAT_IN_CORP', '0', '0', '0', NULL, 'd', '0'),
(3142, '3', '017-Date d''ancienneté dans la société', NULL, 'QC1_DAT_IN_COMPANY', '0', '0', '0', NULL, 'd', '0'),
(3143, '3', '018-Date de première embauche', NULL, 'QC1_DAT_SENIORITY', '0', '0', '0', NULL, 'd', '0'),
(3144, '3', '019-Motif d''entrée (code)', NULL, 'QC1_HIRE_REASON_CODE', '0', '0', '0', NULL, 's', '0'),
(3145, '3', '020-Motif d''entrée', NULL, 'QC1_HIRE_REASON_DESC', '0', '0', '0', NULL, 's', '0'),
(3146, '3', '021-Motif d''entrée - Groupe 001', NULL, 'QC1_HIRE_REASON_GROUP_001', '0', '0', '0', NULL, 's', '0'),
(3147, '3', '022-Motif d''entrée - Groupe 002', NULL, 'QC1_HIRE_REASON_GROUP_002', '0', '0', '0', NULL, 's', '0'),
(3148, '3', '023-Motif d''entrée - Groupe 003', NULL, 'QC1_HIRE_REASON_GROUP_003', '0', '0', '0', NULL, 's', '0'),
(3149, '3', '024-Motif d''entrée - Groupe 004', NULL, 'QC1_HIRE_REASON_GROUP_004', '0', '0', '0', NULL, 's', '0'),
(3150, '3', '025-Motif d''entrée - Groupe 005', NULL, 'QC1_HIRE_REASON_GROUP_005', '0', '0', '0', NULL, 's', '0'),
(3151, '3', '026-Motif d''entrée - Groupe 006', NULL, 'QC1_HIRE_REASON_GROUP_006', '0', '0', '0', NULL, 's', '0'),
(3152, '3', '027-Motif d''entrée - Groupe 007', NULL, 'QC1_HIRE_REASON_GROUP_007', '0', '0', '0', NULL, 's', '0'),
(3153, '3', '028-Motif d''entrée - Groupe 008', NULL, 'QC1_HIRE_REASON_GROUP_008', '0', '0', '0', NULL, 's', '0'),
(3154, '3', '029-Motif d''entrée - Groupe 009', NULL, 'QC1_HIRE_REASON_GROUP_009', '0', '0', '0', NULL, 's', '0'),
(3155, '3', '030-Motif d''entrée - Groupe 010', NULL, 'QC1_HIRE_REASON_GROUP_010', '0', '0', '0', NULL, 's', '0'),
(3156, '3', '031-Motif d''entrée - Groupe 011', NULL, 'QC1_HIRE_REASON_GROUP_011', '0', '0', '0', NULL, 's', '0'),
(3157, '3', '032-Motif d''entrée - Groupe 012', NULL, 'QC1_HIRE_REASON_GROUP_012', '0', '0', '0', NULL, 's', '0'),
(3158, '3', '033-Motif d''entrée - Groupe 013', NULL, 'QC1_HIRE_REASON_GROUP_013', '0', '0', '0', NULL, 's', '0'),
(3159, '3', '034-Motif d''entrée - Groupe 014', NULL, 'QC1_HIRE_REASON_GROUP_014', '0', '0', '0', NULL, 's', '0'),
(3160, '3', '035-Motif d''entrée - Groupe 015', NULL, 'QC1_HIRE_REASON_GROUP_015', '0', '0', '0', NULL, 's', '0'),
(3161, '3', '036-Motif d''entrée - Groupe 016', NULL, 'QC1_HIRE_REASON_GROUP_016', '0', '0', '0', NULL, 's', '0'),
(3162, '3', '037-Motif d''entrée - Groupe 017', NULL, 'QC1_HIRE_REASON_GROUP_017', '0', '0', '0', NULL, 's', '0'),
(3163, '3', '038-Motif d''entrée - Groupe 018', NULL, 'QC1_HIRE_REASON_GROUP_018', '0', '0', '0', NULL, 's', '0'),
(3164, '3', '039-Motif d''entrée - Groupe 019', NULL, 'QC1_HIRE_REASON_GROUP_019', '0', '0', '0', NULL, 's', '0'),
(3165, '3', '040-Motif d''entrée - Groupe 020', NULL, 'QC1_HIRE_REASON_GROUP_020', '0', '0', '0', NULL, 's', '0'),
(3166, '3', '041-Motif de sortie (code)', NULL, 'QC1_LEAVE_REASON_CODE', '0', '0', '0', NULL, 's', '0'),
(3167, '3', '042-Motif de sortie', NULL, 'QC1_LEAVE_REASON_DESC', '0', '0', '0', NULL, 's', '0'),
(3168, '3', '043-Motif de sortie - Groupe 001', NULL, 'QC1_LEAVE_REASON_GROUP_001', '0', '0', '0', NULL, 's', '0'),
(3169, '3', '044-Motif de sortie - Groupe 002', NULL, 'QC1_LEAVE_REASON_GROUP_002', '0', '0', '0', NULL, 's', '0'),
(3170, '3', '045-Motif de sortie - Groupe 003', NULL, 'QC1_LEAVE_REASON_GROUP_003', '0', '0', '0', NULL, 's', '0'),
(3171, '3', '046-Motif de sortie - Groupe 004', NULL, 'QC1_LEAVE_REASON_GROUP_004', '0', '0', '0', NULL, 's', '0'),
(3172, '3', '047-Motif de sortie - Groupe 005', NULL, 'QC1_LEAVE_REASON_GROUP_005', '0', '0', '0', NULL, 's', '0'),
(3173, '3', '048-Motif de sortie - Groupe 006', NULL, 'QC1_LEAVE_REASON_GROUP_006', '0', '0', '0', NULL, 's', '0'),
(3174, '3', '049-Motif de sortie - Groupe 007', NULL, 'QC1_LEAVE_REASON_GROUP_007', '0', '0', '0', NULL, 's', '0'),
(3175, '3', '050-Motif de sortie - Groupe 008', NULL, 'QC1_LEAVE_REASON_GROUP_008', '0', '0', '0', NULL, 's', '0'),
(3176, '3', '051-Motif de sortie - Groupe 009', NULL, 'QC1_LEAVE_REASON_GROUP_009', '0', '0', '0', NULL, 's', '0'),
(3177, '3', '052-Motif de sortie - Groupe 010', NULL, 'QC1_LEAVE_REASON_GROUP_010', '0', '0', '0', NULL, 's', '0'),
(3178, '3', '053-Motif de sortie - Groupe 011', NULL, 'QC1_LEAVE_REASON_GROUP_011', '0', '0', '0', NULL, 's', '0'),
(3179, '3', '054-Motif de sortie - Groupe 012', NULL, 'QC1_LEAVE_REASON_GROUP_012', '0', '0', '0', NULL, 's', '0'),
(3180, '3', '055-Motif de sortie - Groupe 013', NULL, 'QC1_LEAVE_REASON_GROUP_013', '0', '0', '0', NULL, 's', '0'),
(3181, '3', '056-Motif de sortie - Groupe 014', NULL, 'QC1_LEAVE_REASON_GROUP_014', '0', '0', '0', NULL, 's', '0'),
(3182, '3', '057-Motif de sortie - Groupe 015', NULL, 'QC1_LEAVE_REASON_GROUP_015', '0', '0', '0', NULL, 's', '0'),
(3183, '3', '058-Motif de sortie - Groupe 016', NULL, 'QC1_LEAVE_REASON_GROUP_016', '0', '0', '0', NULL, 's', '0'),
(3184, '3', '059-Motif de sortie - Groupe 017', NULL, 'QC1_LEAVE_REASON_GROUP_017', '0', '0', '0', NULL, 's', '0'),
(3185, '3', '060-Motif de sortie - Groupe 018', NULL, 'QC1_LEAVE_REASON_GROUP_018', '0', '0', '0', NULL, 's', '0'),
(3186, '3', '061-Motif de sortie - Groupe 019', NULL, 'QC1_LEAVE_REASON_GROUP_019', '0', '0', '0', NULL, 's', '0'),
(3187, '3', '062-Motif de sortie - Groupe 020', NULL, 'QC1_LEAVE_REASON_GROUP_020', '0', '0', '0', NULL, 's', '0'),
(3188, '3', '063-Temps contractuel (code)', NULL, 'QC1_WORK_TIME_CODE', '0', '0', '0', NULL, 's', '0'),
(3189, '3', '064-Temps contractuel', NULL, 'QC1_WORK_TIME_DESC', '0', '0', '0', NULL, 's', '0'),
(3190, '3', '065-Nombre d''heures de travail par jour', NULL, 'QC1_WORK_TIME_HOURS_DAY', '0', '0', '0', NULL, 'n', '0'),
(3191, '3', '066-Nombre d''heures de travail par semaine', NULL, 'QC1_WORK_TIME_HOURS_WEEK', '0', '0', '0', NULL, 'n', '0'),
(3192, '3', '067-Nombre d''heures de travail par mois', NULL, 'QC1_WORK_TIME_HOURS_MONTH', '0', '0', '0', NULL, 'n', '0'),
(3193, '3', '068-Nombre de jours de travail par semaine', NULL, 'QC1_WORK_TIME_DAYS_WEEK', '0', '0', '0', NULL, 'n', '0'),
(3194, '3', '069-Nombre de jours de travail par mois', NULL, 'QC1_WORK_TIME_DAYS_MONTH', '0', '0', '0', NULL, 'n', '0'),
(3195, '3', '070-Temps de travail (%)', NULL, 'QC1_FTE_PERCENT', '0', '0', '0', NULL, 'n', '0'),
(3196, '3', '071-Date de début de période d''essai', NULL, 'QC1_DAT_BEG_PROB', '0', '0', '0', NULL, 'd', '0'),
(3197, '3', '072-Date de fin de période d''essai', NULL, 'QC1_DAT_END_PROB', '0', '0', '0', NULL, 'd', '0'),
(3198, '3', '073-Date de début de préavis', NULL, 'QC1_DAT_BEG_NOTICE', '0', '0', '0', NULL, 'd', '0'),
(3199, '3', '074-Date de fin de préavis', NULL, 'QC1_DAT_END_NOTICE', '0', '0', '0', NULL, 'd', '0'),
(3200, '3', '075-Temoin d''historique 001', NULL, 'QC1_CTR_TKH_001', '0', '0', '0', NULL, 's', '1'),
(3201, '3', '076-Temoin d''historique 002', NULL, 'QC1_CTR_TKH_002', '0', '0', '0', NULL, 's', '1'),
(3202, '3', '077-Temoin d''historique 003', NULL, 'QC1_CTR_TKH_003', '0', '0', '0', NULL, 's', '1'),
(3203, '3', '078-Temoin d''historique 004', NULL, 'QC1_CTR_TKH_004', '0', '0', '0', NULL, 's', '1'),
(3204, '3', '079-Temoin d''historique 005', NULL, 'QC1_CTR_TKH_005', '0', '0', '0', NULL, 's', '1'),
(3205, '3', '080-Temoin d''historique 006', NULL, 'QC1_CTR_TKH_006', '0', '0', '0', NULL, 's', '1'),
(3206, '3', '081-Temoin d''historique 007', NULL, 'QC1_CTR_TKH_007', '0', '0', '0', NULL, 's', '1'),
(3207, '3', '082-Temoin d''historique 008', NULL, 'QC1_CTR_TKH_008', '0', '0', '0', NULL, 's', '1'),
(3208, '3', '083-Temoin d''historique 009', NULL, 'QC1_CTR_TKH_009', '0', '0', '0', NULL, 's', '1'),
(3209, '3', '084-Temoin d''historique 010', NULL, 'QC1_CTR_TKH_010', '0', '0', '0', NULL, 's', '1'),
(3210, '3', '085-Temoin d''historique 011', NULL, 'QC1_CTR_TKH_011', '0', '0', '0', NULL, 's', '1'),
(3211, '3', '086-Temoin d''historique 012', NULL, 'QC1_CTR_TKH_012', '0', '0', '0', NULL, 's', '1'),
(3212, '3', '087-Temoin d''historique 013', NULL, 'QC1_CTR_TKH_013', '0', '0', '0', NULL, 's', '1'),
(3213, '3', '088-Temoin d''historique 014', NULL, 'QC1_CTR_TKH_014', '0', '0', '0', NULL, 's', '1'),
(3214, '3', '089-Temoin d''historique 015', NULL, 'QC1_CTR_TKH_015', '0', '0', '0', NULL, 's', '1'),
(3215, '3', '090-Temoin d''historique 016', NULL, 'QC1_CTR_TKH_016', '0', '0', '0', NULL, 's', '1'),
(3216, '3', '091-Temoin d''historique 017', NULL, 'QC1_CTR_TKH_017', '0', '0', '0', NULL, 's', '1'),
(3217, '3', '092-Temoin d''historique 018', NULL, 'QC1_CTR_TKH_018', '0', '0', '0', NULL, 's', '1'),
(3218, '3', '093-Temoin d''historique 019', NULL, 'QC1_CTR_TKH_019', '0', '0', '0', NULL, 's', '1'),
(3219, '3', '094-Temoin d''historique 020', NULL, 'QC1_CTR_TKH_020', '0', '0', '0', NULL, 's', '1'),
(3220, '3', '095-Champ libre 001', NULL, 'QC1_CTR_UDF_001', '0', '1', '0', NULL, 's', '0'),
(3221, '3', '096-Champ libre 002', NULL, 'QC1_CTR_UDF_002', '0', '1', '0', NULL, 's', '0'),
(3222, '3', '097-Champ libre 003', NULL, 'QC1_CTR_UDF_003', '0', '1', '0', NULL, 's', '0'),
(3223, '3', '098-Champ libre 004', NULL, 'QC1_CTR_UDF_004', '0', '1', '0', NULL, 's', '0'),
(3224, '3', '099-Champ libre 005', NULL, 'QC1_CTR_UDF_005', '0', '1', '0', NULL, 's', '0'),
(3225, '3', '100-Champ libre 006', NULL, 'QC1_CTR_UDF_006', '0', '1', '0', NULL, 's', '0'),
(3226, '3', '101-Champ libre 007', NULL, 'QC1_CTR_UDF_007', '0', '1', '0', NULL, 's', '0'),
(3227, '3', '102-Champ libre 008', NULL, 'QC1_CTR_UDF_008', '0', '1', '0', NULL, 's', '0'),
(3228, '3', '103-Champ libre 009', NULL, 'QC1_CTR_UDF_009', '0', '1', '0', NULL, 's', '0'),
(3229, '3', '104-Champ libre 010', NULL, 'QC1_CTR_UDF_010', '0', '1', '0', NULL, 's', '0'),
(3230, '3', '105-Champ libre 011', NULL, 'QC1_CTR_UDF_011', '0', '1', '0', NULL, 's', '0'),
(3231, '3', '106-Champ libre 012', NULL, 'QC1_CTR_UDF_012', '0', '1', '0', NULL, 's', '0'),
(3232, '3', '107-Champ libre 013', NULL, 'QC1_CTR_UDF_013', '0', '1', '0', NULL, 's', '0'),
(3233, '3', '108-Champ libre 014', NULL, 'QC1_CTR_UDF_014', '0', '1', '0', NULL, 's', '0'),
(3234, '3', '109-Champ libre 015', NULL, 'QC1_CTR_UDF_015', '0', '1', '0', NULL, 's', '0'),
(3235, '3', '110-Champ libre 016', NULL, 'QC1_CTR_UDF_016', '0', '1', '0', NULL, 's', '0'),
(3236, '3', '111-Champ libre 017', NULL, 'QC1_CTR_UDF_017', '0', '1', '0', NULL, 's', '0'),
(3237, '3', '112-Champ libre 018', NULL, 'QC1_CTR_UDF_018', '0', '1', '0', NULL, 's', '0'),
(3238, '3', '113-Champ libre 019', NULL, 'QC1_CTR_UDF_019', '0', '1', '0', NULL, 's', '0'),
(3239, '3', '114-Champ libre 020', NULL, 'QC1_CTR_UDF_020', '0', '1', '0', NULL, 's', '0'),
(3240, '1', '001-Clé de la date (AAAAMMJJ)', NULL, 'QC1_DAT_KEY', '0', '0', '0', NULL, 's', '0'),
(3241, '1', '002-Date', NULL, 'QC1_DAT_DAY', '0', '0', '0', NULL, 'd', '0'),
(3242, '1', '003-Date premier jour du mois', NULL, 'QC1_DAT_FDOM', '0', '0', '0', NULL, 'd', '0'),
(3243, '1', '004-Date dernier jour du mois', NULL, 'QC1_DAT_LDOM', '0', '0', '0', NULL, 'd', '0'),
(3244, '1', '005-Jour (J)', NULL, 'QC1_DAT_NUM_DAY', '0', '0', '0', NULL, 's', '0'),
(3245, '1', '006-Mois (M)', NULL, 'QC1_DAT_MONTH', '0', '0', '0', NULL, 's', '0'),
(3246, '1', '007-Numéro du trimestre', NULL, 'QC1_DAT_QUARTER', '0', '0', '0', NULL, 's', '0'),
(3247, '1', '008-Témoin dernier mois du trimestre', NULL, 'QC1_DAT_FLG_EOQ', '0', '0', '0', NULL, 's', '0'),
(3248, '1', '009-Numéro du semestre', NULL, 'QC1_DAT_SEMESTER', '0', '0', '0', NULL, 's', '0'),
(3249, '1', '010-Témoin dernier mois du semestre', NULL, 'QC1_DAT_FLG_EOS', '0', '0', '0', NULL, 's', '0'),
(3250, '1', '011-Numéro de l''année', NULL, 'QC1_DAT_YEAR', '0', '0', '0', NULL, 's', '0'),
(3251, '1', '012-Jour (JJ)', NULL, 'QC1_DAT_STR_DD', '0', '0', '0', NULL, 's', '0'),
(3252, '1', '013-Mois (MM)', NULL, 'QC1_DAT_STR_MM', '0', '0', '0', NULL, 's', '0'),
(3253, '1', '014-Mois-Jour', NULL, 'QC1_DAT_STR_MM_DD', '0', '0', '0', NULL, 's', '0'),
(3254, '1', '015-Date au format MMM (mois abrégé)', NULL, 'QC1_DAT_STR_MMM', '0', '0', '0', NULL, 's', '0'),
(3255, '1', '016-Date au format MMMM (nom entier du mois)', NULL, 'QC1_DAT_STR_MMMM', '0', '0', '0', NULL, 's', '0'),
(3256, '1', '017-Trimestre', NULL, 'QC1_DAT_STR_Q', '0', '0', '0', NULL, 's', '0'),
(3257, '1', '018-Semestre', NULL, 'QC1_DAT_STR_S', '0', '0', '0', NULL, 's', '0'),
(3258, '1', '019-Année', NULL, 'QC1_DAT_STR_YYYY', '0', '0', '0', NULL, 's', '0'),
(3259, '1', '020-Date au format YYYYMM', NULL, 'QC1_DAT_STR_YYYYMM', '0', '0', '0', NULL, 's', '0'),
(3260, '1', '021-Année-Mois', NULL, 'QC1_DAT_STR_YYYY_MM', '0', '0', '0', NULL, 's', '0'),
(3261, '1', '022-Année-Trimestre', NULL, 'QC1_DAT_STR_YYYY_Q', '0', '0', '0', NULL, 's', '0'),
(3262, '1', '023-Année-Semestre', NULL, 'QC1_DAT_STR_YYYY_S', '0', '0', '0', NULL, 's', '0'),
(3263, '1', '024-Date au format DD-MM-YYYY', NULL, 'QC1_DAT_STR_DD_MM_YYYY', '0', '0', '0', NULL, 's', '0'),
(3264, '1', '025-Mois précédent', NULL, 'QC1_DAT_PREV_MONTH_1', '0', '0', '0', NULL, 's', '0'),
(3265, '1', '026-Mois précédent au format MM', NULL, 'QC1_DAT_PREV_MONTH_1_MM', '0', '0', '0', NULL, 's', '0'),
(3266, '1', '027-Mois précédent au format MMMM', NULL, 'QC1_DAT_PREV_MONTH_1_MMMM', '0', '0', '0', NULL, 's', '0'),
(3267, '1', '028-Mois année précédente', NULL, 'QC1_DAT_PREV_YEAR_MONTH_12', '0', '0', '0', NULL, 's', '0'),
(3268, '1', '029-Trimestre précédent', NULL, 'QC1_DAT_PREV_QUARTER', '0', '0', '0', NULL, 's', '0'),
(3269, '1', '030-Trimestre précédent au format Q', NULL, 'QC1_DAT_PREV_QUARTER_Q', '0', '0', '0', NULL, 's', '0'),
(3270, '1', '031-Fin du trimestre précédent au format YYYY-MM', NULL, 'QC1_DAT_PREV_EOQ_YYYY_MM', '0', '0', '0', NULL, 's', '0'),
(3271, '1', '032-Semestre précédent', NULL, 'QC1_DAT_PREV_SEMESTER', '0', '0', '0', NULL, 's', '0'),
(3272, '1', '033-Semestre précédent au format S', NULL, 'QC1_DAT_PREV_SEMESTER_S', '0', '0', '0', NULL, 's', '0'),
(3273, '1', '034-Fin du semestre précédent au format YYYY-MM', NULL, 'QC1_DAT_PREV_EOS_YYYY_MM', '0', '0', '0', NULL, 's', '0'),
(3274, '1', '035-Année -1', NULL, 'QC1_DAT_PREV_YEAR_1', '0', '0', '0', NULL, 's', '0'),
(3275, '1', '036-Année -2', NULL, 'QC1_DAT_PREV_YEAR_2', '0', '0', '0', NULL, 's', '0'),
(3276, '1', '037-Année -3', NULL, 'QC1_DAT_PREV_YEAR_3', '0', '0', '0', NULL, 's', '0'),
(3277, '1', '038-Année -4', NULL, 'QC1_DAT_PREV_YEAR_4', '0', '0', '0', NULL, 's', '0'),
(3278, '1', '039-Année -5', NULL, 'QC1_DAT_PREV_YEAR_5', '0', '0', '0', NULL, 's', '0'),
(3279, '1', '040-Date premier jour de l''année -1', NULL, 'QC1_DAT_FDOY_PREV_YEAR_1', '0', '0', '0', NULL, 'd', '0'),
(3280, '1', '041-Premier jour de l''année -1 au format YYYY-MM', NULL, 'QC1_DAT_FDOY_P_Y_1_YYYY_MM', '0', '0', '0', NULL, 's', '0'),
(3281, '1', '042-Date premier jour de l''année -2', NULL, 'QC1_DAT_FDOY_PREV_YEAR_2', '0', '0', '0', NULL, 'd', '0'),
(3282, '1', '043-Premier jour de l''année -2 au format YYYY-MM', NULL, 'QC1_DAT_FDOY_P_Y_2_YYYY_MM', '0', '0', '0', NULL, 's', '0'),
(3283, '1', '044-Date dernier jour de l''année -1', NULL, 'QC1_DAT_LDOY_PREV_YEAR_1', '0', '0', '0', NULL, 'd', '0'),
(3284, '1', '045-Dernier jour de l''année -1 au format YYYY-MM', NULL, 'QC1_DAT_LDOY_P_Y_1_YYYY_MM', '0', '0', '0', NULL, 's', '0'),
(3285, '1', '046-Date dernier jour de l''année -2', NULL, 'QC1_DAT_LDOY_PREV_YEAR_2', '0', '0', '0', NULL, 'd', '0'),
(3286, '1', '047-Dernier jour de l''année -2 au format YYYY-MM', NULL, 'QC1_DAT_LDOY_P_Y_2_YYYY_MM', '0', '0', '0', NULL, 's', '0'),
(3287, '1', '048-Témoin vacances', NULL, 'QC1_DAT_FLG_HOLIDAY', '0', '0', '0', NULL, 's', '0'),
(3288, '1', '049-Témoin jour ouvrable', NULL, 'QC1_DAT_FLG_WORKING', '0', '0', '0', NULL, 's', '0'),
(3289, '1', '050-Témoin jour de la semaine', NULL, 'QC1_DAT_FLG_WEEKDAY', '0', '0', '0', NULL, 's', '0'),
(3290, '1', '051-Témoin week-end', NULL, 'QC1_DAT_FLG_WEEKEND', '0', '0', '0', NULL, 's', '0'),
(3291, '1', '052-Témoin week-end, lundi, ou vendredi', NULL, 'QC1_DAT_FLG_ADJ_WE', '0', '0', '0', NULL, 's', '0'),
(3292, '1', '053-Nombre de jours dans le mois', NULL, 'QC1_DAT_MONTH_CAL_DAYS', '0', '0', '0', NULL, 's', '0');
INSERT INTO `QC1_REP_QDD_ATTRIBUTE` (`CODE_ATTRIBUTE`, `CODE_DOMAIN`, `NAME_ATTRIBUTE`, `DESC_ATTRIBUTE`, `FIELD_NAME`, `FLG_LOCKED`, `FLG_CUSTOM`, `FLG_LOV`, `FIELD_CODE`, `TYPE_ATTRIBUTE`, `FLG_TKH`) VALUES
(3293, '1', '054-Nombre de jours ouvrables dans le mois', NULL, 'QC1_DAT_MONTH_WKG_DAYS', '0', '0', '0', NULL, 's', '0'),
(3294, '1', '055-Nombre de jours ouvrés dans le mois', NULL, 'QC1_DAT_MONTH_WEK_DAYS', '0', '1', '0', NULL, 's', '0'),
(3295, '1', '056-Champ libre 001', NULL, 'QC1_DAT_UDF_001', '0', '1', '0', NULL, 's', '0'),
(3296, '1', '057-Champ libre 002', NULL, 'QC1_DAT_UDF_002', '0', '1', '0', NULL, 's', '0'),
(3297, '1', '058-Champ libre 003', NULL, 'QC1_DAT_UDF_003', '0', '1', '0', NULL, 's', '0'),
(3298, '1', '059-Champ libre 004', NULL, 'QC1_DAT_UDF_004', '0', '1', '0', NULL, 's', '0'),
(3299, '1', '060-Champ libre 005', NULL, 'QC1_DAT_UDF_005', '0', '1', '0', NULL, 's', '0'),
(3300, '1', '061-Champ libre 006', NULL, 'QC1_DAT_UDF_006', '0', '1', '0', NULL, 's', '0'),
(3301, '1', '062-Champ libre 007', NULL, 'QC1_DAT_UDF_007', '0', '1', '0', NULL, 's', '0'),
(3302, '1', '063-Champ libre 008', NULL, 'QC1_DAT_UDF_008', '0', '1', '0', NULL, 's', '0'),
(3303, '1', '064-Champ libre 009', NULL, 'QC1_DAT_UDF_009', '0', '1', '0', NULL, 's', '0'),
(3304, '1', '065-Champ libre 010', NULL, 'QC1_DAT_UDF_010', '0', '1', '0', NULL, 's', '0'),
(3305, '1', '066-Champ libre 011', NULL, 'QC1_DAT_UDF_011', '0', '1', '0', NULL, 's', '0'),
(3306, '1', '067-Champ libre 012', NULL, 'QC1_DAT_UDF_012', '0', '1', '0', NULL, 's', '0'),
(3307, '1', '068-Champ libre 013', NULL, 'QC1_DAT_UDF_013', '0', '1', '0', NULL, 's', '0'),
(3308, '1', '069-Champ libre 014', NULL, 'QC1_DAT_UDF_014', '0', '1', '0', NULL, 's', '0'),
(3309, '1', '070-Champ libre 015', NULL, 'QC1_DAT_UDF_015', '0', '1', '0', NULL, 's', '0'),
(3310, '1', '071-Champ libre 016', NULL, 'QC1_DAT_UDF_016', '0', '1', '0', NULL, 's', '0'),
(3311, '1', '072-Champ libre 017', NULL, 'QC1_DAT_UDF_017', '0', '1', '0', NULL, 's', '0'),
(3312, '1', '073-Champ libre 018', NULL, 'QC1_DAT_UDF_018', '0', '1', '0', NULL, 's', '0'),
(3313, '1', '074-Champ libre 019', NULL, 'QC1_DAT_UDF_019', '0', '1', '0', NULL, 's', '0'),
(3314, '1', '075-Champ libre 020', NULL, 'QC1_DAT_UDF_020', '0', '1', '0', NULL, 's', '0'),
(3315, '2', '001-Matricule', NULL, 'QC1_EMP_ID', '0', '0', '0', NULL, 's', '0'),
(3316, '2', '002-Date de début d''historique', NULL, 'QC1_DAT_BEG_HIST', '0', '0', '0', NULL, 'd', '0'),
(3317, '2', '003-Date de fin d''historique', NULL, 'QC1_DAT_END_HIST', '0', '0', '0', NULL, 'd', '0'),
(3318, '2', '004-Matricule', NULL, 'QC1_EMP_NUMBER', '0', '0', '0', NULL, 's', '0'),
(3319, '2', '005-Nom', NULL, 'QC1_LAST_NAME', '0', '0', '0', NULL, 's', '0'),
(3320, '2', '006-Prénom', NULL, 'QC1_FIRST_NAME', '0', '0', '0', NULL, 's', '0'),
(3321, '2', '007-Nom de jeune fille', NULL, 'QC1_MAIDEN_NAME', '0', '0', '0', NULL, 's', '0'),
(3322, '2', '008-Titre ou qualité (code)', NULL, 'QC1_TITLE_CODE', '0', '0', '0', NULL, 's', '0'),
(3323, '2', '009-Titre ou qualité', NULL, 'QC1_TITLE_DESC', '0', '0', '0', NULL, 's', '0'),
(3324, '2', '010-Sexe (code)', NULL, 'QC1_SEX_CODE', '0', '0', '0', NULL, 's', '0'),
(3325, '2', '011-Sexe', NULL, 'QC1_SEX_DESC', '0', '0', '0', NULL, 's', '0'),
(3326, '2', '012-N° de sécurité sociale', NULL, 'QC1_SS_NUM', '0', '0', '0', NULL, 's', '0'),
(3327, '2', '013-Date de naissance', NULL, 'QC1_DAT_OF_BIRTH', '0', '0', '0', NULL, 'd', '0'),
(3328, '2', '014-Date de décès', NULL, 'QC1_DAT_OF_DEATH', '0', '0', '0', NULL, 'd', '0'),
(3329, '2', '015-Situation familiale (code)', NULL, 'QC1_MAR_STAT_CODE', '0', '0', '0', NULL, 's', '0'),
(3330, '2', '016-Situation familiale', NULL, 'QC1_MAR_STAT_DESC', '0', '0', '0', NULL, 's', '0'),
(3331, '2', '017-Nationalité (code)', NULL, 'QC1_NATIONALITY_CODE', '0', '0', '0', NULL, 's', '0'),
(3332, '2', '018-Nationalité', NULL, 'QC1_NATIONALITY_DESC', '0', '0', '0', NULL, 's', '0'),
(3333, '2', '019-Pays de naissance (code)', NULL, 'QC1_BIRTH_COUNTRY_CODE', '0', '0', '0', NULL, 's', '0'),
(3334, '2', '020-Pays de naissance', NULL, 'QC1_BIRTH_COUNTRY_DESC', '0', '0', '0', NULL, 's', '0'),
(3335, '2', '021-Adresse personnelle 1', NULL, 'QC1_HOME_ADDR_01', '0', '0', '0', NULL, 's', '0'),
(3336, '2', '022-Adresse personnelle 2', NULL, 'QC1_HOME_ADDR_02', '0', '0', '0', NULL, 's', '0'),
(3337, '2', '023-Adresse personnelle (code postal)', NULL, 'QC1_HOME_ZIPCODE', '0', '0', '0', NULL, 's', '0'),
(3338, '2', '024-Adresse personnelle (ville)', NULL, 'QC1_HOME_CITY', '0', '0', '0', NULL, 's', '0'),
(3339, '2', '025-Adresse personnelle (code pays)', NULL, 'QC1_HOME_COUNTRY_CODE', '0', '0', '0', NULL, 's', '0'),
(3340, '2', '026-Adresse personnelle (libellé pays)', NULL, 'QC1_HOME_COUNTRY_DESC', '0', '0', '0', NULL, 's', '0'),
(3341, '2', '027-Pourcentage de handicap', NULL, 'QC1_HANDICAP_PERCENT', '0', '0', '0', NULL, 'n', '0'),
(3342, '2', '028-Temoin d''historique 001', NULL, 'QC1_EMP_TKH_001', '0', '0', '0', NULL, 's', '1'),
(3343, '2', '029-Temoin d''historique 002', NULL, 'QC1_EMP_TKH_002', '0', '0', '0', NULL, 's', '1'),
(3344, '2', '030-Temoin d''historique 003', NULL, 'QC1_EMP_TKH_003', '0', '0', '0', NULL, 's', '1'),
(3345, '2', '031-Temoin d''historique 004', NULL, 'QC1_EMP_TKH_004', '0', '0', '0', NULL, 's', '1'),
(3346, '2', '032-Temoin d''historique 005', NULL, 'QC1_EMP_TKH_005', '0', '0', '0', NULL, 's', '1'),
(3347, '2', '033-Temoin d''historique 006', NULL, 'QC1_EMP_TKH_006', '0', '0', '0', NULL, 's', '1'),
(3348, '2', '034-Temoin d''historique 007', NULL, 'QC1_EMP_TKH_007', '0', '0', '0', NULL, 's', '1'),
(3349, '2', '035-Temoin d''historique 008', NULL, 'QC1_EMP_TKH_008', '0', '0', '0', NULL, 's', '1'),
(3350, '2', '036-Temoin d''historique 009', NULL, 'QC1_EMP_TKH_009', '0', '0', '0', NULL, 's', '1'),
(3351, '2', '037-Temoin d''historique 010', NULL, 'QC1_EMP_TKH_010', '0', '0', '0', NULL, 's', '1'),
(3352, '2', '038-Temoin d''historique 011', NULL, 'QC1_EMP_TKH_011', '0', '0', '0', NULL, 's', '1'),
(3353, '2', '039-Temoin d''historique 012', NULL, 'QC1_EMP_TKH_012', '0', '0', '0', NULL, 's', '1'),
(3354, '2', '040-Temoin d''historique 013', NULL, 'QC1_EMP_TKH_013', '0', '0', '0', NULL, 's', '1'),
(3355, '2', '041-Temoin d''historique 014', NULL, 'QC1_EMP_TKH_014', '0', '0', '0', NULL, 's', '1'),
(3356, '2', '042-Temoin d''historique 015', NULL, 'QC1_EMP_TKH_015', '0', '0', '0', NULL, 's', '1'),
(3357, '2', '043-Temoin d''historique 016', NULL, 'QC1_EMP_TKH_016', '0', '0', '0', NULL, 's', '1'),
(3358, '2', '044-Temoin d''historique 017', NULL, 'QC1_EMP_TKH_017', '0', '0', '0', NULL, 's', '1'),
(3359, '2', '045-Temoin d''historique 018', NULL, 'QC1_EMP_TKH_018', '0', '0', '0', NULL, 's', '1'),
(3360, '2', '046-Temoin d''historique 019', NULL, 'QC1_EMP_TKH_019', '0', '0', '0', NULL, 's', '1'),
(3361, '2', '047-Temoin d''historique 020', NULL, 'QC1_EMP_TKH_020', '0', '0', '0', NULL, 's', '1'),
(3362, '2', '048-Champ libre 001', NULL, 'QC1_EMP_UDF_001', '0', '1', '0', NULL, 's', '0'),
(3363, '2', '049-Champ libre 002', NULL, 'QC1_EMP_UDF_002', '0', '1', '0', NULL, 's', '0'),
(3364, '2', '050-Champ libre 003', NULL, 'QC1_EMP_UDF_003', '0', '1', '0', NULL, 's', '0'),
(3365, '2', '051-Champ libre 004', NULL, 'QC1_EMP_UDF_004', '0', '1', '0', NULL, 's', '0'),
(3366, '2', '052-Champ libre 005', NULL, 'QC1_EMP_UDF_005', '0', '1', '0', NULL, 's', '0'),
(3367, '2', '053-Champ libre 006', NULL, 'QC1_EMP_UDF_006', '0', '1', '0', NULL, 's', '0'),
(3368, '2', '054-Champ libre 007', NULL, 'QC1_EMP_UDF_007', '0', '1', '0', NULL, 's', '0'),
(3369, '2', '055-Champ libre 008', NULL, 'QC1_EMP_UDF_008', '0', '1', '0', NULL, 's', '0'),
(3370, '2', '056-Champ libre 009', NULL, 'QC1_EMP_UDF_009', '0', '1', '0', NULL, 's', '0'),
(3371, '2', '057-Champ libre 010', NULL, 'QC1_EMP_UDF_010', '0', '1', '0', NULL, 's', '0'),
(3372, '2', '058-Champ libre 011', NULL, 'QC1_EMP_UDF_011', '0', '1', '0', NULL, 's', '0'),
(3373, '2', '059-Champ libre 012', NULL, 'QC1_EMP_UDF_012', '0', '1', '0', NULL, 's', '0'),
(3374, '2', '060-Champ libre 013', NULL, 'QC1_EMP_UDF_013', '0', '1', '0', NULL, 's', '0'),
(3375, '2', '061-Champ libre 014', NULL, 'QC1_EMP_UDF_014', '0', '1', '0', NULL, 's', '0'),
(3376, '2', '062-Champ libre 015', NULL, 'QC1_EMP_UDF_015', '0', '1', '0', NULL, 's', '0'),
(3377, '2', '063-Champ libre 016', NULL, 'QC1_EMP_UDF_016', '0', '1', '0', NULL, 's', '0'),
(3378, '2', '064-Champ libre 017', NULL, 'QC1_EMP_UDF_017', '0', '1', '0', NULL, 's', '0'),
(3379, '2', '065-Champ libre 018', NULL, 'QC1_EMP_UDF_018', '0', '1', '0', NULL, 's', '0'),
(3380, '2', '066-Champ libre 019', NULL, 'QC1_EMP_UDF_019', '0', '1', '0', NULL, 's', '0'),
(3381, '2', '067-Champ libre 020', NULL, 'QC1_EMP_UDF_020', '0', '1', '0', NULL, 's', '0'),
(3382, '9', '001-Code établissement', NULL, 'QC1_LOC_ID', '0', '0', '0', NULL, 's', '0'),
(3383, '9', '002-Date de début d''historique', NULL, 'QC1_DAT_BEG_HIST', '0', '0', '0', NULL, 'd', '0'),
(3384, '9', '003-Date de fin d''historique', NULL, 'QC1_DAT_END_HIST', '0', '0', '0', NULL, 'd', '0'),
(3385, '9', '004-Code établissement', NULL, 'QC1_LOC_CODE', '0', '0', '0', NULL, 's', '0'),
(3386, '9', '005-Etablissement', NULL, 'QC1_LOC_DESC', '0', '0', '0', NULL, 's', '0'),
(3387, '9', '006-Adresse de l''établissement 1', NULL, 'QC1_ADDR_01', '0', '0', '0', NULL, 's', '0'),
(3388, '9', '007-Adresse de l''établissement 2', NULL, 'QC1_ADDR_02', '0', '0', '0', NULL, 's', '0'),
(3389, '9', '008-Adresse de l''établissement : code postal', NULL, 'QC1_ZIP_CODE', '0', '0', '0', NULL, 's', '0'),
(3390, '9', '009-Adresse de l''établissement : ville', NULL, 'QC1_CITY', '0', '0', '0', NULL, 's', '0'),
(3391, '9', '010-Adresse de l''établissement : département', NULL, 'QC1_STATE', '0', '0', '0', NULL, 's', '0'),
(3392, '9', '011-Adresse de l''établissement : région', NULL, 'QC1_REGION', '0', '0', '0', NULL, 's', '0'),
(3393, '9', '012-Adresse de l''établissement : zone', NULL, 'QC1_AREA', '0', '0', '0', NULL, 's', '0'),
(3394, '9', '013-Adresse de l''établissement : pays (code)', NULL, 'QC1_COUNTRY_CODE', '0', '0', '0', NULL, 's', '0'),
(3395, '9', '014-Adresse de l''établissement : pays', NULL, 'QC1_COUNTRY_DESC', '0', '0', '0', NULL, 's', '0'),
(3396, '9', '015-Champ libre 001', NULL, 'QC1_LOC_UDF_001', '0', '1', '0', NULL, 's', '0'),
(3397, '9', '016-Champ libre 002', NULL, 'QC1_LOC_UDF_002', '0', '1', '0', NULL, 's', '0'),
(3398, '9', '017-Champ libre 003', NULL, 'QC1_LOC_UDF_003', '0', '1', '0', NULL, 's', '0'),
(3399, '9', '018-Champ libre 004', NULL, 'QC1_LOC_UDF_004', '0', '1', '0', NULL, 's', '0'),
(3400, '9', '019-Champ libre 005', NULL, 'QC1_LOC_UDF_005', '0', '1', '0', NULL, 's', '0'),
(3401, '9', '020-Champ libre 006', NULL, 'QC1_LOC_UDF_006', '0', '1', '0', NULL, 's', '0'),
(3402, '9', '021-Champ libre 007', NULL, 'QC1_LOC_UDF_007', '0', '1', '0', NULL, 's', '0'),
(3403, '9', '022-Champ libre 008', NULL, 'QC1_LOC_UDF_008', '0', '1', '0', NULL, 's', '0'),
(3404, '9', '023-Champ libre 009', NULL, 'QC1_LOC_UDF_009', '0', '1', '0', NULL, 's', '0'),
(3405, '9', '024-Champ libre 010', NULL, 'QC1_LOC_UDF_010', '0', '1', '0', NULL, 's', '0'),
(3406, '9', '025-Champ libre 011', NULL, 'QC1_LOC_UDF_011', '0', '1', '0', NULL, 's', '0'),
(3407, '9', '026-Champ libre 012', NULL, 'QC1_LOC_UDF_012', '0', '1', '0', NULL, 's', '0'),
(3408, '9', '027-Champ libre 013', NULL, 'QC1_LOC_UDF_013', '0', '1', '0', NULL, 's', '0'),
(3409, '9', '028-Champ libre 014', NULL, 'QC1_LOC_UDF_014', '0', '1', '0', NULL, 's', '0'),
(3410, '9', '029-Champ libre 015', NULL, 'QC1_LOC_UDF_015', '0', '1', '0', NULL, 's', '0'),
(3411, '9', '030-Champ libre 016', NULL, 'QC1_LOC_UDF_016', '0', '1', '0', NULL, 's', '0'),
(3412, '9', '031-Champ libre 017', NULL, 'QC1_LOC_UDF_017', '0', '1', '0', NULL, 's', '0'),
(3413, '9', '032-Champ libre 018', NULL, 'QC1_LOC_UDF_018', '0', '1', '0', NULL, 's', '0'),
(3414, '9', '033-Champ libre 019', NULL, 'QC1_LOC_UDF_019', '0', '1', '0', NULL, 's', '0'),
(3415, '9', '034-Champ libre 020', NULL, 'QC1_LOC_UDF_020', '0', '1', '0', NULL, 's', '0'),
(3416, '7', '035-Code UO', NULL, 'QC1_ORG_ID', '0', '0', '0', NULL, 's', '0'),
(3417, '7', '036-Date de début d''historique', NULL, 'QC1_DAT_BEG_HIST', '0', '0', '0', NULL, 'd', '0'),
(3418, '7', '037-Date de fin d''historique', NULL, 'QC1_DAT_END_HIST', '0', '0', '0', NULL, 'd', '0'),
(3419, '7', '038-Unité organisationnelle (code)', NULL, 'QC1_ORG_CODE', '0', '0', '0', NULL, 's', '0'),
(3420, '7', '039-Unité organisationnelle', NULL, 'QC1_ORG_DESC', '0', '0', '0', NULL, 's', '0'),
(3421, '7', '040-Type de structure (code)', NULL, 'QC1_ORG_TYPE_CODE', '0', '0', '0', NULL, 's', '0'),
(3422, '7', '041-Type de structure (libellé)', NULL, 'QC1_ORG_TYPE_DESC', '0', '0', '0', NULL, 's', '0'),
(3423, '7', '042-Niveau 001 (code)', NULL, 'QC1_LEV_01_CODE', '0', '0', '0', NULL, 's', '0'),
(3424, '7', '043-Niveau 001', NULL, 'QC1_LEV_01_DESC', '0', '0', '0', NULL, 's', '0'),
(3425, '7', '044-Niveau 002 (code)', NULL, 'QC1_LEV_02_CODE', '0', '0', '0', NULL, 's', '0'),
(3426, '7', '045-Niveau 002', NULL, 'QC1_LEV_02_DESC', '0', '0', '0', NULL, 's', '0'),
(3427, '7', '046-Niveau 003 (code)', NULL, 'QC1_LEV_03_CODE', '0', '0', '0', NULL, 's', '0'),
(3428, '7', '047-Niveau 003', NULL, 'QC1_LEV_03_DESC', '0', '0', '0', NULL, 's', '0'),
(3429, '7', '048-Niveau 004 (code)', NULL, 'QC1_LEV_04_CODE', '0', '0', '0', NULL, 's', '0'),
(3430, '7', '049-Niveau 004', NULL, 'QC1_LEV_04_DESC', '0', '0', '0', NULL, 's', '0'),
(3431, '7', '050-Niveau 005 (code)', NULL, 'QC1_LEV_05_CODE', '0', '0', '0', NULL, 's', '0'),
(3432, '7', '051-Niveau 005', NULL, 'QC1_LEV_05_DESC', '0', '0', '0', NULL, 's', '0'),
(3433, '7', '052-Niveau 006 (code)', NULL, 'QC1_LEV_06_CODE', '0', '0', '0', NULL, 's', '0'),
(3434, '7', '053-Niveau 006', NULL, 'QC1_LEV_06_DESC', '0', '0', '0', NULL, 's', '0'),
(3435, '7', '054-Niveau 007 (code)', NULL, 'QC1_LEV_07_CODE', '0', '0', '0', NULL, 's', '0'),
(3436, '7', '055-Niveau 007', NULL, 'QC1_LEV_07_DESC', '0', '0', '0', NULL, 's', '0'),
(3437, '7', '056-Niveau 008 (code)', NULL, 'QC1_LEV_08_CODE', '0', '0', '0', NULL, 's', '0'),
(3438, '7', '057-Niveau 008', NULL, 'QC1_LEV_08_DESC', '0', '0', '0', NULL, 's', '0'),
(3439, '7', '058-Niveau 009 (code)', NULL, 'QC1_LEV_09_CODE', '0', '0', '0', NULL, 's', '0'),
(3440, '7', '059-Niveau 009', NULL, 'QC1_LEV_09_DESC', '0', '0', '0', NULL, 's', '0'),
(3441, '7', '060-Niveau 010 (code)', NULL, 'QC1_LEV_10_CODE', '0', '0', '0', NULL, 's', '0'),
(3442, '7', '061-Niveau 010', NULL, 'QC1_LEV_10_DESC', '0', '0', '0', NULL, 's', '0'),
(3443, '7', '062-Niveau 011 (code)', NULL, 'QC1_LEV_11_CODE', '0', '0', '0', NULL, 's', '0'),
(3444, '7', '063-Niveau 011', NULL, 'QC1_LEV_11_DESC', '0', '0', '0', NULL, 's', '0'),
(3445, '7', '064-Niveau 012 (code)', NULL, 'QC1_LEV_12_CODE', '0', '0', '0', NULL, 's', '0'),
(3446, '7', '065-Niveau 012', NULL, 'QC1_LEV_12_DESC', '0', '0', '0', NULL, 's', '0'),
(3447, '7', '066-Niveau 013 (code)', NULL, 'QC1_LEV_13_CODE', '0', '0', '0', NULL, 's', '0'),
(3448, '7', '067-Niveau 013', NULL, 'QC1_LEV_13_DESC', '0', '0', '0', NULL, 's', '0'),
(3449, '7', '068-Niveau 014 (code)', NULL, 'QC1_LEV_14_CODE', '0', '0', '0', NULL, 's', '0'),
(3450, '7', '069-Niveau 014', NULL, 'QC1_LEV_14_DESC', '0', '0', '0', NULL, 's', '0'),
(3451, '7', '070-Niveau 015 (code)', NULL, 'QC1_LEV_15_CODE', '0', '0', '0', NULL, 's', '0'),
(3452, '7', '071-Niveau 015', NULL, 'QC1_LEV_15_DESC', '0', '0', '0', NULL, 's', '0'),
(3453, '7', '072-Niveau 016 (code)', NULL, 'QC1_LEV_16_CODE', '0', '0', '0', NULL, 's', '0'),
(3454, '7', '073-Niveau 016', NULL, 'QC1_LEV_16_DESC', '0', '0', '0', NULL, 's', '0'),
(3455, '7', '074-Niveau 017 (code)', NULL, 'QC1_LEV_17_CODE', '0', '0', '0', NULL, 's', '0'),
(3456, '7', '075-Niveau 017', NULL, 'QC1_LEV_17_DESC', '0', '0', '0', NULL, 's', '0'),
(3457, '7', '076-Niveau 018 (code)', NULL, 'QC1_LEV_18_CODE', '0', '0', '0', NULL, 's', '0'),
(3458, '7', '077-Niveau 018', NULL, 'QC1_LEV_18_DESC', '0', '0', '0', NULL, 's', '0'),
(3459, '7', '078-Niveau 019 (code)', NULL, 'QC1_LEV_19_CODE', '0', '0', '0', NULL, 's', '0'),
(3460, '7', '079-Niveau 019', NULL, 'QC1_LEV_19_DESC', '0', '0', '0', NULL, 's', '0'),
(3461, '7', '080-Niveau 020 (code)', NULL, 'QC1_LEV_20_CODE', '0', '0', '0', NULL, 's', '0'),
(3462, '7', '081-Niveau 020', NULL, 'QC1_LEV_20_DESC', '0', '0', '0', NULL, 's', '0'),
(3463, '7', '082-Champ libre 001', NULL, 'QC1_ORG_UDF_001', '0', '1', '0', NULL, 's', '0'),
(3464, '7', '083-Champ libre 002', NULL, 'QC1_ORG_UDF_002', '0', '1', '0', NULL, 's', '0'),
(3465, '7', '084-Champ libre 003', NULL, 'QC1_ORG_UDF_003', '0', '1', '0', NULL, 's', '0'),
(3466, '7', '085-Champ libre 004', NULL, 'QC1_ORG_UDF_004', '0', '1', '0', NULL, 's', '0'),
(3467, '7', '086-Champ libre 005', NULL, 'QC1_ORG_UDF_005', '0', '1', '0', NULL, 's', '0'),
(3468, '7', '087-Champ libre 006', NULL, 'QC1_ORG_UDF_006', '0', '1', '0', NULL, 's', '0'),
(3469, '7', '088-Champ libre 007', NULL, 'QC1_ORG_UDF_007', '0', '1', '0', NULL, 's', '0'),
(3470, '7', '089-Champ libre 008', NULL, 'QC1_ORG_UDF_008', '0', '1', '0', NULL, 's', '0'),
(3471, '7', '090-Champ libre 009', NULL, 'QC1_ORG_UDF_009', '0', '1', '0', NULL, 's', '0'),
(3472, '7', '091-Champ libre 010', NULL, 'QC1_ORG_UDF_010', '0', '1', '0', NULL, 's', '0'),
(3473, '7', '092-Champ libre 011', NULL, 'QC1_ORG_UDF_011', '0', '1', '0', NULL, 's', '0'),
(3474, '7', '093-Champ libre 012', NULL, 'QC1_ORG_UDF_012', '0', '1', '0', NULL, 's', '0'),
(3475, '7', '094-Champ libre 013', NULL, 'QC1_ORG_UDF_013', '0', '1', '0', NULL, 's', '0'),
(3476, '7', '095-Champ libre 014', NULL, 'QC1_ORG_UDF_014', '0', '1', '0', NULL, 's', '0'),
(3477, '7', '096-Champ libre 015', NULL, 'QC1_ORG_UDF_015', '0', '1', '0', NULL, 's', '0'),
(3478, '7', '097-Champ libre 016', NULL, 'QC1_ORG_UDF_016', '0', '1', '0', NULL, 's', '0'),
(3479, '7', '098-Champ libre 017', NULL, 'QC1_ORG_UDF_017', '0', '1', '0', NULL, 's', '0'),
(3480, '7', '099-Champ libre 018', NULL, 'QC1_ORG_UDF_018', '0', '1', '0', NULL, 's', '0'),
(3481, '7', '100-Champ libre 019', NULL, 'QC1_ORG_UDF_019', '0', '1', '0', NULL, 's', '0'),
(3482, '7', '101-Champ libre 020', NULL, 'QC1_ORG_UDF_020', '0', '1', '0', NULL, 's', '0'),
(3483, '13', '001-Plan de paie (code)', NULL, 'QC1_PR_RULE_CODE', '0', '0', '0', NULL, 's', '0'),
(3484, '13', '002-Plan de paie', NULL, 'QC1_PR_RULE_DESC', '0', '0', '0', NULL, 's', '0'),
(3485, '13', '003-Rubrique de paie (code)', NULL, 'QC1_PR_ITEM_CODE', '0', '0', '0', NULL, 's', '0'),
(3486, '13', '004-Rubrique de paie', NULL, 'QC1_PR_ITEM_DESC', '0', '0', '0', NULL, 's', '0'),
(3487, '13', '005-Type de rubrique de paie (code)', NULL, 'QC1_PR_ITEM_TYPE_CODE', '0', '0', '0', NULL, 's', '0'),
(3488, '13', '006-Type de rubrique de paie', NULL, 'QC1_PR_ITEM_TYPE_DESC', '0', '0', '0', NULL, 's', '0'),
(3489, '13', '007-Témoin cumul de paie', NULL, 'QC1_FLG_AGG', '0', '0', '0', NULL, 's', '0'),
(3490, '13', '008-Compte de crédit pour le montant employé', NULL, 'QC1_EMPLOYEE_ACC_CREDIT_CODE', '0', '0', '0', NULL, 's', '0'),
(3491, '13', '009-Compte de débit pour le montant employé', NULL, 'QC1_EMPLOYEE_ACC_DEBIT_CODE', '0', '0', '0', NULL, 's', '0'),
(3492, '13', '010-Compte de crédit pour le montant employeur', NULL, 'QC1_EMPLOYER_ACC_CREDIT_CODE', '0', '0', '0', NULL, 's', '0'),
(3493, '13', '011-Compte de débit pour le montant employeur', NULL, 'QC1_EMPLOYER_ACC_DEBIT_CODE', '0', '0', '0', NULL, 's', '0'),
(3494, '13', '012-Champ libre 001', NULL, 'QC1_PRI_UDF_001', '0', '1', '0', NULL, 's', '0'),
(3495, '13', '013-Champ libre 002', NULL, 'QC1_PRI_UDF_002', '0', '1', '0', NULL, 's', '0'),
(3496, '13', '014-Champ libre 003', NULL, 'QC1_PRI_UDF_003', '0', '1', '0', NULL, 's', '0'),
(3497, '13', '015-Champ libre 004', NULL, 'QC1_PRI_UDF_004', '0', '1', '0', NULL, 's', '0'),
(3498, '13', '016-Champ libre 005', NULL, 'QC1_PRI_UDF_005', '0', '1', '0', NULL, 's', '0'),
(3499, '13', '017-Champ libre 006', NULL, 'QC1_PRI_UDF_006', '0', '1', '0', NULL, 's', '0'),
(3500, '13', '018-Champ libre 007', NULL, 'QC1_PRI_UDF_007', '0', '1', '0', NULL, 's', '0'),
(3501, '13', '019-Champ libre 008', NULL, 'QC1_PRI_UDF_008', '0', '1', '0', NULL, 's', '0'),
(3502, '13', '020-Champ libre 009', NULL, 'QC1_PRI_UDF_009', '0', '1', '0', NULL, 's', '0'),
(3503, '13', '021-Champ libre 010', NULL, 'QC1_PRI_UDF_010', '0', '1', '0', NULL, 's', '0'),
(3504, '13', '022-Champ libre 011', NULL, 'QC1_PRI_UDF_011', '0', '1', '0', NULL, 's', '0'),
(3505, '13', '023-Champ libre 012', NULL, 'QC1_PRI_UDF_012', '0', '1', '0', NULL, 's', '0'),
(3506, '13', '024-Champ libre 013', NULL, 'QC1_PRI_UDF_013', '0', '1', '0', NULL, 's', '0'),
(3507, '13', '025-Champ libre 014', NULL, 'QC1_PRI_UDF_014', '0', '1', '0', NULL, 's', '0'),
(3508, '13', '026-Champ libre 015', NULL, 'QC1_PRI_UDF_015', '0', '1', '0', NULL, 's', '0'),
(3509, '13', '027-Champ libre 016', NULL, 'QC1_PRI_UDF_016', '0', '1', '0', NULL, 's', '0'),
(3510, '13', '028-Champ libre 017', NULL, 'QC1_PRI_UDF_017', '0', '1', '0', NULL, 's', '0'),
(3511, '13', '029-Champ libre 018', NULL, 'QC1_PRI_UDF_018', '0', '1', '0', NULL, 's', '0'),
(3512, '13', '030-Champ libre 019', NULL, 'QC1_PRI_UDF_019', '0', '1', '0', NULL, 's', '0'),
(3513, '13', '031-Champ libre 020', NULL, 'QC1_PRI_UDF_020', '0', '1', '0', NULL, 's', '0'),
(3514, '6', '001-Matricule', NULL, 'QC1_EMP_ID', '0', '0', '0', NULL, 's', '0'),
(3515, '6', '002-Date de début d''historique', NULL, 'QC1_DAT_BEG_HIST', '0', '0', '0', NULL, 'd', '0'),
(3516, '6', '003-Date de fin d''historique', NULL, 'QC1_DAT_END_HIST', '0', '0', '0', NULL, 'd', '0'),
(3517, '6', '004-Echelon', NULL, 'QC1_SALARY_INDEX', '0', '0', '0', NULL, 'n', '0'),
(3518, '6', '005-Valeur du point', NULL, 'QC1_POINT_VALUE', '0', '0', '0', NULL, 'n', '0'),
(3519, '6', '006-Salaire de base mensuel', NULL, 'QC1_BASE_SALARY_MONTH', '0', '0', '0', NULL, 'n', '0'),
(3520, '6', '007-Salaire de base annuel', NULL, 'QC1_BASE_SALARY_YEAR', '0', '0', '0', NULL, 'n', '0'),
(3521, '6', '008-Nombre de mois payés par année', NULL, 'QC1_NB_MONTHS_PAID', '0', '0', '0', NULL, 'n', '0'),
(3522, '6', '009-Code de la monnaie', NULL, 'QC1_CURRENCY_CODE', '0', '0', '0', NULL, 's', '0'),
(3523, '6', '010-Motif d''augmentation 001', NULL, 'QC1_RAISE_REASON_001', '0', '0', '0', NULL, 's', '0'),
(3524, '6', '011-Motif d''augmentation 002', NULL, 'QC1_RAISE_REASON_002', '0', '0', '0', NULL, 's', '0'),
(3525, '6', '012-Motif d''augmentation 003', NULL, 'QC1_RAISE_REASON_003', '0', '0', '0', NULL, 's', '0'),
(3526, '6', '013-Motif d''augmentation 004', NULL, 'QC1_RAISE_REASON_004', '0', '0', '0', NULL, 's', '0'),
(3527, '6', '014-Motif d''augmentation 005', NULL, 'QC1_RAISE_REASON_005', '0', '0', '0', NULL, 's', '0'),
(3528, '6', '015-Motif d''augmentation 006', NULL, 'QC1_RAISE_REASON_006', '0', '0', '0', NULL, 's', '0'),
(3529, '6', '016-Motif d''augmentation 007', NULL, 'QC1_RAISE_REASON_007', '0', '0', '0', NULL, 's', '0'),
(3530, '6', '017-Motif d''augmentation 008', NULL, 'QC1_RAISE_REASON_008', '0', '0', '0', NULL, 's', '0'),
(3531, '6', '018-Motif d''augmentation 009', NULL, 'QC1_RAISE_REASON_009', '0', '0', '0', NULL, 's', '0'),
(3532, '6', '019-Motif d''augmentation 010', NULL, 'QC1_RAISE_REASON_010', '0', '0', '0', NULL, 's', '0'),
(3533, '6', '020-Montant d''augmentation 001', NULL, 'QC1_RAISE_AMOUNT_001', '0', '0', '0', NULL, 'n', '0'),
(3534, '6', '021-Montant d''augmentation 002', NULL, 'QC1_RAISE_AMOUNT_002', '0', '0', '0', NULL, 'n', '0'),
(3535, '6', '022-Montant d''augmentation 003', NULL, 'QC1_RAISE_AMOUNT_003', '0', '0', '0', NULL, 'n', '0'),
(3536, '6', '023-Montant d''augmentation 004', NULL, 'QC1_RAISE_AMOUNT_004', '0', '0', '0', NULL, 'n', '0'),
(3537, '6', '024-Montant d''augmentation 005', NULL, 'QC1_RAISE_AMOUNT_005', '0', '0', '0', NULL, 'n', '0'),
(3538, '6', '025-Montant d''augmentation 006', NULL, 'QC1_RAISE_AMOUNT_006', '0', '0', '0', NULL, 'n', '0'),
(3539, '6', '026-Montant d''augmentation 007', NULL, 'QC1_RAISE_AMOUNT_007', '0', '0', '0', NULL, 'n', '0'),
(3540, '6', '027-Montant d''augmentation 008', NULL, 'QC1_RAISE_AMOUNT_008', '0', '0', '0', NULL, 'n', '0'),
(3541, '6', '028-Montant d''augmentation 009', NULL, 'QC1_RAISE_AMOUNT_009', '0', '0', '0', NULL, 'n', '0'),
(3542, '6', '029-Montant d''augmentation 010', NULL, 'QC1_RAISE_AMOUNT_010', '0', '0', '0', NULL, 'n', '0'),
(3543, '6', '030-Pourcentage d''augmentation 001', NULL, 'QC1_RAISE_PCT_001', '0', '0', '0', NULL, 'n', '0'),
(3544, '6', '031-Pourcentage d''augmentation 002', NULL, 'QC1_RAISE_PCT_002', '0', '0', '0', NULL, 'n', '0'),
(3545, '6', '032-Pourcentage d''augmentation 003', NULL, 'QC1_RAISE_PCT_003', '0', '0', '0', NULL, 'n', '0'),
(3546, '6', '033-Pourcentage d''augmentation 004', NULL, 'QC1_RAISE_PCT_004', '0', '0', '0', NULL, 'n', '0'),
(3547, '6', '034-Pourcentage d''augmentation 005', NULL, 'QC1_RAISE_PCT_005', '0', '0', '0', NULL, 'n', '0'),
(3548, '6', '035-Pourcentage d''augmentation 006', NULL, 'QC1_RAISE_PCT_006', '0', '0', '0', NULL, 'n', '0'),
(3549, '6', '036-Pourcentage d''augmentation 007', NULL, 'QC1_RAISE_PCT_007', '0', '0', '0', NULL, 'n', '0'),
(3550, '6', '037-Pourcentage d''augmentation 008', NULL, 'QC1_RAISE_PCT_008', '0', '0', '0', NULL, 'n', '0'),
(3551, '6', '038-Pourcentage d''augmentation 009', NULL, 'QC1_RAISE_PCT_009', '0', '0', '0', NULL, 'n', '0'),
(3552, '6', '039-Pourcentage d''augmentation 010', NULL, 'QC1_RAISE_PCT_010', '0', '0', '0', NULL, 'n', '0'),
(3553, '6', '040-Montant personnalisé 001', NULL, 'QC1_SAL_AMOUNT_001', '0', '0', '0', NULL, 'n', '0'),
(3554, '6', '041-Montant personnalisé 002', NULL, 'QC1_SAL_AMOUNT_002', '0', '0', '0', NULL, 'n', '0'),
(3555, '6', '042-Montant personnalisé 003', NULL, 'QC1_SAL_AMOUNT_003', '0', '0', '0', NULL, 'n', '0'),
(3556, '6', '043-Montant personnalisé 004', NULL, 'QC1_SAL_AMOUNT_004', '0', '0', '0', NULL, 'n', '0'),
(3557, '6', '044-Montant personnalisé 005', NULL, 'QC1_SAL_AMOUNT_005', '0', '0', '0', NULL, 'n', '0'),
(3558, '6', '045-Montant personnalisé 006', NULL, 'QC1_SAL_AMOUNT_006', '0', '0', '0', NULL, 'n', '0'),
(3559, '6', '046-Montant personnalisé 007', NULL, 'QC1_SAL_AMOUNT_007', '0', '0', '0', NULL, 'n', '0'),
(3560, '6', '047-Montant personnalisé 008', NULL, 'QC1_SAL_AMOUNT_008', '0', '0', '0', NULL, 'n', '0'),
(3561, '6', '048-Montant personnalisé 009', NULL, 'QC1_SAL_AMOUNT_009', '0', '0', '0', NULL, 'n', '0'),
(3562, '6', '049-Montant personnalisé 010', NULL, 'QC1_SAL_AMOUNT_010', '0', '0', '0', NULL, 'n', '0'),
(3563, '6', '050-Montant personnalisé 011', NULL, 'QC1_SAL_AMOUNT_011', '0', '0', '0', NULL, 'n', '0'),
(3564, '6', '051-Montant personnalisé 012', NULL, 'QC1_SAL_AMOUNT_012', '0', '0', '0', NULL, 'n', '0'),
(3565, '6', '052-Montant personnalisé 013', NULL, 'QC1_SAL_AMOUNT_013', '0', '0', '0', NULL, 'n', '0'),
(3566, '6', '053-Montant personnalisé 014', NULL, 'QC1_SAL_AMOUNT_014', '0', '0', '0', NULL, 'n', '0'),
(3567, '6', '054-Montant personnalisé 015', NULL, 'QC1_SAL_AMOUNT_015', '0', '0', '0', NULL, 'n', '0'),
(3568, '6', '055-Montant personnalisé 016', NULL, 'QC1_SAL_AMOUNT_016', '0', '0', '0', NULL, 'n', '0'),
(3569, '6', '056-Montant personnalisé 017', NULL, 'QC1_SAL_AMOUNT_017', '0', '0', '0', NULL, 'n', '0'),
(3570, '6', '057-Montant personnalisé 018', NULL, 'QC1_SAL_AMOUNT_018', '0', '0', '0', NULL, 'n', '0'),
(3571, '6', '058-Montant personnalisé 019', NULL, 'QC1_SAL_AMOUNT_019', '0', '0', '0', NULL, 'n', '0'),
(3572, '6', '059-Montant personnalisé 020', NULL, 'QC1_SAL_AMOUNT_020', '0', '0', '0', NULL, 'n', '0'),
(3573, '6', '060-Temoin d''historique 001', NULL, 'QC1_SAL_TKH_001', '0', '0', '0', NULL, 's', '1'),
(3574, '6', '061-Temoin d''historique 002', NULL, 'QC1_SAL_TKH_002', '0', '0', '0', NULL, 's', '1'),
(3575, '6', '062-Temoin d''historique 003', NULL, 'QC1_SAL_TKH_003', '0', '0', '0', NULL, 's', '1'),
(3576, '6', '063-Temoin d''historique 004', NULL, 'QC1_SAL_TKH_004', '0', '0', '0', NULL, 's', '1'),
(3577, '6', '064-Temoin d''historique 005', NULL, 'QC1_SAL_TKH_005', '0', '0', '0', NULL, 's', '1'),
(3578, '6', '065-Temoin d''historique 006', NULL, 'QC1_SAL_TKH_006', '0', '0', '0', NULL, 's', '1'),
(3579, '6', '066-Temoin d''historique 007', NULL, 'QC1_SAL_TKH_007', '0', '0', '0', NULL, 's', '1'),
(3580, '6', '067-Temoin d''historique 008', NULL, 'QC1_SAL_TKH_008', '0', '0', '0', NULL, 's', '1'),
(3581, '6', '068-Temoin d''historique 009', NULL, 'QC1_SAL_TKH_009', '0', '0', '0', NULL, 's', '1'),
(3582, '6', '069-Temoin d''historique 010', NULL, 'QC1_SAL_TKH_010', '0', '0', '0', NULL, 's', '1'),
(3583, '6', '070-Temoin d''historique 011', NULL, 'QC1_SAL_TKH_011', '0', '0', '0', NULL, 's', '1'),
(3584, '6', '071-Temoin d''historique 012', NULL, 'QC1_SAL_TKH_012', '0', '0', '0', NULL, 's', '1'),
(3585, '6', '072-Temoin d''historique 013', NULL, 'QC1_SAL_TKH_013', '0', '0', '0', NULL, 's', '1'),
(3586, '6', '073-Temoin d''historique 014', NULL, 'QC1_SAL_TKH_014', '0', '0', '0', NULL, 's', '1'),
(3587, '6', '074-Temoin d''historique 015', NULL, 'QC1_SAL_TKH_015', '0', '0', '0', NULL, 's', '1'),
(3588, '6', '075-Temoin d''historique 016', NULL, 'QC1_SAL_TKH_016', '0', '0', '0', NULL, 's', '1'),
(3589, '6', '076-Temoin d''historique 017', NULL, 'QC1_SAL_TKH_017', '0', '0', '0', NULL, 's', '1'),
(3590, '6', '077-Temoin d''historique 018', NULL, 'QC1_SAL_TKH_018', '0', '0', '0', NULL, 's', '1'),
(3591, '6', '078-Temoin d''historique 019', NULL, 'QC1_SAL_TKH_019', '0', '0', '0', NULL, 's', '1'),
(3592, '6', '079-Temoin d''historique 020', NULL, 'QC1_SAL_TKH_020', '0', '0', '0', NULL, 's', '1'),
(3593, '6', '080-Champ libre 001', NULL, 'QC1_SAL_UDF_001', '0', '1', '0', NULL, 's', '0'),
(3594, '6', '081-Champ libre 002', NULL, 'QC1_SAL_UDF_002', '0', '1', '0', NULL, 's', '0'),
(3595, '6', '082-Champ libre 003', NULL, 'QC1_SAL_UDF_003', '0', '1', '0', NULL, 's', '0'),
(3596, '6', '083-Champ libre 004', NULL, 'QC1_SAL_UDF_004', '0', '1', '0', NULL, 's', '0'),
(3597, '6', '084-Champ libre 005', NULL, 'QC1_SAL_UDF_005', '0', '1', '0', NULL, 's', '0'),
(3598, '6', '085-Champ libre 006', NULL, 'QC1_SAL_UDF_006', '0', '1', '0', NULL, 's', '0'),
(3599, '6', '086-Champ libre 007', NULL, 'QC1_SAL_UDF_007', '0', '1', '0', NULL, 's', '0'),
(3600, '6', '087-Champ libre 008', NULL, 'QC1_SAL_UDF_008', '0', '1', '0', NULL, 's', '0'),
(3601, '6', '088-Champ libre 009', NULL, 'QC1_SAL_UDF_009', '0', '1', '0', NULL, 's', '0'),
(3602, '6', '089-Champ libre 010', NULL, 'QC1_SAL_UDF_010', '0', '1', '0', NULL, 's', '0'),
(3603, '6', '090-Champ libre 011', NULL, 'QC1_SAL_UDF_011', '0', '1', '0', NULL, 's', '0'),
(3604, '6', '091-Champ libre 012', NULL, 'QC1_SAL_UDF_012', '0', '1', '0', NULL, 's', '0'),
(3605, '6', '092-Champ libre 013', NULL, 'QC1_SAL_UDF_013', '0', '1', '0', NULL, 's', '0'),
(3606, '6', '093-Champ libre 014', NULL, 'QC1_SAL_UDF_014', '0', '1', '0', NULL, 's', '0'),
(3607, '6', '094-Champ libre 015', NULL, 'QC1_SAL_UDF_015', '0', '1', '0', NULL, 's', '0'),
(3608, '6', '095-Champ libre 016', NULL, 'QC1_SAL_UDF_016', '0', '1', '0', NULL, 's', '0'),
(3609, '6', '096-Champ libre 017', NULL, 'QC1_SAL_UDF_017', '0', '1', '0', NULL, 's', '0'),
(3610, '6', '097-Champ libre 018', NULL, 'QC1_SAL_UDF_018', '0', '1', '0', NULL, 's', '0'),
(3611, '6', '098-Champ libre 019', NULL, 'QC1_SAL_UDF_019', '0', '1', '0', NULL, 's', '0'),
(3612, '6', '099-Champ libre 020', NULL, 'QC1_SAL_UDF_020', '0', '1', '0', NULL, 's', '0'),
(3613, '3', '115-Champ libre 021', NULL, 'QC1_CTR_UDF_021', '0', '1', '0', NULL, 's', '0'),
(3614, '3', '116-Champ libre 022', NULL, 'QC1_CTR_UDF_022', '0', '1', '0', NULL, 's', '0'),
(3615, '3', '117-Champ libre 023', NULL, 'QC1_CTR_UDF_023', '0', '1', '0', NULL, 's', '0'),
(3616, '3', '118-Champ libre 024', NULL, 'QC1_CTR_UDF_024', '0', '1', '0', NULL, 's', '0'),
(3617, '3', '119-Champ libre 025', NULL, 'QC1_CTR_UDF_025', '0', '1', '0', NULL, 's', '0'),
(3618, '3', '120-Champ libre 026', NULL, 'QC1_CTR_UDF_026', '0', '1', '0', NULL, 's', '0'),
(3619, '3', '121-Champ libre 027', NULL, 'QC1_CTR_UDF_027', '0', '1', '0', NULL, 's', '0'),
(3620, '3', '122-Champ libre 028', NULL, 'QC1_CTR_UDF_028', '0', '1', '0', NULL, 's', '0'),
(3621, '3', '123-Champ libre 029', NULL, 'QC1_CTR_UDF_029', '0', '1', '0', NULL, 's', '0'),
(3622, '3', '124-Champ libre 030', NULL, 'QC1_CTR_UDF_030', '0', '1', '0', NULL, 's', '0'),
(3623, '3', '125-Champ libre 031', NULL, 'QC1_CTR_UDF_031', '0', '1', '0', NULL, 's', '0'),
(3624, '3', '126-Champ libre 032', NULL, 'QC1_CTR_UDF_032', '0', '1', '0', NULL, 's', '0'),
(3625, '3', '127-Champ libre 033', NULL, 'QC1_CTR_UDF_033', '0', '1', '0', NULL, 's', '0'),
(3626, '3', '128-Champ libre 034', NULL, 'QC1_CTR_UDF_034', '0', '1', '0', NULL, 's', '0'),
(3627, '3', '129-Champ libre 035', NULL, 'QC1_CTR_UDF_035', '0', '1', '0', NULL, 's', '0'),
(3628, '3', '130-Champ libre 036', NULL, 'QC1_CTR_UDF_036', '0', '1', '0', NULL, 's', '0'),
(3629, '3', '131-Champ libre 037', NULL, 'QC1_CTR_UDF_037', '0', '1', '0', NULL, 's', '0'),
(3630, '3', '132-Champ libre 038', NULL, 'QC1_CTR_UDF_038', '0', '1', '0', NULL, 's', '0'),
(3631, '3', '133-Champ libre 039', NULL, 'QC1_CTR_UDF_039', '0', '1', '0', NULL, 's', '0'),
(3632, '3', '134-Champ libre 040', NULL, 'QC1_CTR_UDF_040', '0', '1', '0', NULL, 's', '0'),
(3633, '3', '135-Champ libre 041', NULL, 'QC1_CTR_UDF_041', '0', '1', '0', NULL, 's', '0'),
(3634, '3', '136-Champ libre 042', NULL, 'QC1_CTR_UDF_042', '0', '1', '0', NULL, 's', '0'),
(3635, '3', '137-Champ libre 043', NULL, 'QC1_CTR_UDF_043', '0', '1', '0', NULL, 's', '0'),
(3636, '3', '138-Champ libre 044', NULL, 'QC1_CTR_UDF_044', '0', '1', '0', NULL, 's', '0'),
(3637, '3', '139-Champ libre 045', NULL, 'QC1_CTR_UDF_045', '0', '1', '0', NULL, 's', '0'),
(3638, '3', '140-Champ libre 046', NULL, 'QC1_CTR_UDF_046', '0', '1', '0', NULL, 's', '0'),
(3639, '3', '141-Champ libre 047', NULL, 'QC1_CTR_UDF_047', '0', '1', '0', NULL, 's', '0'),
(3640, '3', '142-Champ libre 048', NULL, 'QC1_CTR_UDF_048', '0', '1', '0', NULL, 's', '0'),
(3641, '3', '143-Champ libre 049', NULL, 'QC1_CTR_UDF_049', '0', '1', '0', NULL, 's', '0'),
(3642, '3', '144-Champ libre 050', NULL, 'QC1_CTR_UDF_050', '0', '1', '0', NULL, 's', '0'),
(3643, '3', '145-Champ libre 051', NULL, 'QC1_CTR_UDF_051', '0', '1', '0', NULL, 's', '0'),
(3644, '3', '146-Champ libre 052', NULL, 'QC1_CTR_UDF_052', '0', '1', '0', NULL, 's', '0'),
(3645, '3', '147-Champ libre 053', NULL, 'QC1_CTR_UDF_053', '0', '1', '0', NULL, 's', '0'),
(3646, '3', '148-Champ libre 054', NULL, 'QC1_CTR_UDF_054', '0', '1', '0', NULL, 's', '0'),
(3647, '3', '149-Champ libre 055', NULL, 'QC1_CTR_UDF_055', '0', '1', '0', NULL, 's', '0'),
(3648, '3', '150-Champ libre 056', NULL, 'QC1_CTR_UDF_056', '0', '1', '0', NULL, 's', '0'),
(3649, '3', '151-Champ libre 057', NULL, 'QC1_CTR_UDF_057', '0', '1', '0', NULL, 's', '0'),
(3650, '3', '152-Champ libre 058', NULL, 'QC1_CTR_UDF_058', '0', '1', '0', NULL, 's', '0'),
(3651, '3', '153-Champ libre 059', NULL, 'QC1_CTR_UDF_059', '0', '1', '0', NULL, 's', '0'),
(3652, '3', '154-Champ libre 060', NULL, 'QC1_CTR_UDF_060', '0', '1', '0', NULL, 's', '0'),
(3653, '5', '109-Champ libre 021', NULL, 'QC1_CLS_UDF_021', '0', '1', '0', NULL, 's', '0'),
(3654, '5', '110-Champ libre 022', NULL, 'QC1_CLS_UDF_022', '0', '1', '0', NULL, 's', '0'),
(3655, '5', '111-Champ libre 023', NULL, 'QC1_CLS_UDF_023', '0', '1', '0', NULL, 's', '0'),
(3656, '5', '112-Champ libre 024', NULL, 'QC1_CLS_UDF_024', '0', '1', '0', NULL, 's', '0'),
(3657, '5', '113-Champ libre 025', NULL, 'QC1_CLS_UDF_025', '0', '1', '0', NULL, 's', '0'),
(3658, '5', '114-Champ libre 026', NULL, 'QC1_CLS_UDF_026', '0', '1', '0', NULL, 's', '0'),
(3659, '5', '115-Champ libre 027', NULL, 'QC1_CLS_UDF_027', '0', '1', '0', NULL, 's', '0'),
(3660, '5', '116-Champ libre 028', NULL, 'QC1_CLS_UDF_028', '0', '1', '0', NULL, 's', '0'),
(3661, '5', '117-Champ libre 029', NULL, 'QC1_CLS_UDF_029', '0', '1', '0', NULL, 's', '0'),
(3662, '5', '118-Champ libre 030', NULL, 'QC1_CLS_UDF_030', '0', '1', '0', NULL, 's', '0'),
(3663, '5', '119-Champ libre 031', NULL, 'QC1_CLS_UDF_031', '0', '1', '0', NULL, 's', '0'),
(3664, '5', '120-Champ libre 032', NULL, 'QC1_CLS_UDF_032', '0', '1', '0', NULL, 's', '0'),
(3665, '5', '121-Champ libre 033', NULL, 'QC1_CLS_UDF_033', '0', '1', '0', NULL, 's', '0'),
(3666, '5', '122-Champ libre 034', NULL, 'QC1_CLS_UDF_034', '0', '1', '0', NULL, 's', '0'),
(3667, '5', '123-Champ libre 035', NULL, 'QC1_CLS_UDF_035', '0', '1', '0', NULL, 's', '0'),
(3668, '5', '124-Champ libre 036', NULL, 'QC1_CLS_UDF_036', '0', '1', '0', NULL, 's', '0'),
(3669, '5', '125-Champ libre 037', NULL, 'QC1_CLS_UDF_037', '0', '1', '0', NULL, 's', '0'),
(3670, '5', '126-Champ libre 038', NULL, 'QC1_CLS_UDF_038', '0', '1', '0', NULL, 's', '0'),
(3671, '5', '127-Champ libre 039', NULL, 'QC1_CLS_UDF_039', '0', '1', '0', NULL, 's', '0'),
(3672, '5', '128-Champ libre 040', NULL, 'QC1_CLS_UDF_040', '0', '1', '0', NULL, 's', '0'),
(3673, '5', '129-Champ libre 041', NULL, 'QC1_CLS_UDF_041', '0', '1', '0', NULL, 's', '0'),
(3674, '5', '130-Champ libre 042', NULL, 'QC1_CLS_UDF_042', '0', '1', '0', NULL, 's', '0'),
(3675, '5', '131-Champ libre 043', NULL, 'QC1_CLS_UDF_043', '0', '1', '0', NULL, 's', '0'),
(3676, '5', '132-Champ libre 044', NULL, 'QC1_CLS_UDF_044', '0', '1', '0', NULL, 's', '0'),
(3677, '5', '133-Champ libre 045', NULL, 'QC1_CLS_UDF_045', '0', '1', '0', NULL, 's', '0'),
(3678, '5', '134-Champ libre 046', NULL, 'QC1_CLS_UDF_046', '0', '1', '0', NULL, 's', '0'),
(3679, '5', '135-Champ libre 047', NULL, 'QC1_CLS_UDF_047', '0', '1', '0', NULL, 's', '0'),
(3680, '5', '136-Champ libre 048', NULL, 'QC1_CLS_UDF_048', '0', '1', '0', NULL, 's', '0'),
(3681, '5', '137-Champ libre 049', NULL, 'QC1_CLS_UDF_049', '0', '1', '0', NULL, 's', '0'),
(3682, '5', '138-Champ libre 050', NULL, 'QC1_CLS_UDF_050', '0', '1', '0', NULL, 's', '0'),
(3683, '5', '139-Champ libre 051', NULL, 'QC1_CLS_UDF_051', '0', '1', '0', NULL, 's', '0'),
(3684, '5', '140-Champ libre 052', NULL, 'QC1_CLS_UDF_052', '0', '1', '0', NULL, 's', '0'),
(3685, '5', '141-Champ libre 053', NULL, 'QC1_CLS_UDF_053', '0', '1', '0', NULL, 's', '0'),
(3686, '5', '142-Champ libre 054', NULL, 'QC1_CLS_UDF_054', '0', '1', '0', NULL, 's', '0'),
(3687, '5', '143-Champ libre 055', NULL, 'QC1_CLS_UDF_055', '0', '1', '0', NULL, 's', '0'),
(3688, '5', '144-Champ libre 056', NULL, 'QC1_CLS_UDF_056', '0', '1', '0', NULL, 's', '0'),
(3689, '5', '145-Champ libre 057', NULL, 'QC1_CLS_UDF_057', '0', '1', '0', NULL, 's', '0'),
(3690, '5', '146-Champ libre 058', NULL, 'QC1_CLS_UDF_058', '0', '1', '0', NULL, 's', '0'),
(3691, '5', '147-Champ libre 059', NULL, 'QC1_CLS_UDF_059', '0', '1', '0', NULL, 's', '0'),
(3692, '5', '148-Champ libre 060', NULL, 'QC1_CLS_UDF_060', '0', '1', '0', NULL, 's', '0'),
(3693, '2', '068-Champ libre 021', NULL, 'QC1_EMP_UDF_021', '0', '1', '0', NULL, 's', '0'),
(3694, '2', '069-Champ libre 022', NULL, 'QC1_EMP_UDF_022', '0', '1', '0', NULL, 's', '0'),
(3695, '2', '070-Champ libre 023', NULL, 'QC1_EMP_UDF_023', '0', '1', '0', NULL, 's', '0'),
(3696, '2', '071-Champ libre 024', NULL, 'QC1_EMP_UDF_024', '0', '1', '0', NULL, 's', '0'),
(3697, '2', '072-Champ libre 025', NULL, 'QC1_EMP_UDF_025', '0', '1', '0', NULL, 's', '0'),
(3698, '2', '073-Champ libre 026', NULL, 'QC1_EMP_UDF_026', '0', '1', '0', NULL, 's', '0'),
(3699, '2', '074-Champ libre 027', NULL, 'QC1_EMP_UDF_027', '0', '1', '0', NULL, 's', '0'),
(3700, '2', '075-Champ libre 028', NULL, 'QC1_EMP_UDF_028', '0', '1', '0', NULL, 's', '0'),
(3701, '2', '076-Champ libre 029', NULL, 'QC1_EMP_UDF_029', '0', '1', '0', NULL, 's', '0'),
(3702, '2', '077-Champ libre 030', NULL, 'QC1_EMP_UDF_030', '0', '1', '0', NULL, 's', '0'),
(3703, '2', '078-Champ libre 031', NULL, 'QC1_EMP_UDF_031', '0', '1', '0', NULL, 's', '0'),
(3704, '2', '079-Champ libre 032', NULL, 'QC1_EMP_UDF_032', '0', '1', '0', NULL, 's', '0'),
(3705, '2', '080-Champ libre 033', NULL, 'QC1_EMP_UDF_033', '0', '1', '0', NULL, 's', '0'),
(3706, '2', '081-Champ libre 034', NULL, 'QC1_EMP_UDF_034', '0', '1', '0', NULL, 's', '0'),
(3707, '2', '082-Champ libre 035', NULL, 'QC1_EMP_UDF_035', '0', '1', '0', NULL, 's', '0'),
(3708, '2', '083-Champ libre 036', NULL, 'QC1_EMP_UDF_036', '0', '1', '0', NULL, 's', '0'),
(3709, '2', '084-Champ libre 037', NULL, 'QC1_EMP_UDF_037', '0', '1', '0', NULL, 's', '0'),
(3710, '2', '085-Champ libre 038', NULL, 'QC1_EMP_UDF_038', '0', '1', '0', NULL, 's', '0'),
(3711, '2', '086-Champ libre 039', NULL, 'QC1_EMP_UDF_039', '0', '1', '0', NULL, 's', '0'),
(3712, '2', '087-Champ libre 040', NULL, 'QC1_EMP_UDF_040', '0', '1', '0', NULL, 's', '0'),
(3713, '4', '055-Champ libre 021', NULL, 'QC1_ASS_UDF_021', '0', '1', '0', NULL, 's', '0'),
(3714, '4', '056-Champ libre 022', NULL, 'QC1_ASS_UDF_022', '0', '1', '0', NULL, 's', '0'),
(3715, '4', '057-Champ libre 023', NULL, 'QC1_ASS_UDF_023', '0', '1', '0', NULL, 's', '0'),
(3716, '4', '058-Champ libre 024', NULL, 'QC1_ASS_UDF_024', '0', '1', '0', NULL, 's', '0'),
(3717, '4', '059-Champ libre 025', NULL, 'QC1_ASS_UDF_025', '0', '1', '0', NULL, 's', '0'),
(3718, '4', '060-Champ libre 026', NULL, 'QC1_ASS_UDF_026', '0', '1', '0', NULL, 's', '0'),
(3719, '4', '061-Champ libre 027', NULL, 'QC1_ASS_UDF_027', '0', '1', '0', NULL, 's', '0'),
(3720, '4', '062-Champ libre 028', NULL, 'QC1_ASS_UDF_028', '0', '1', '0', NULL, 's', '0'),
(3721, '4', '063-Champ libre 029', NULL, 'QC1_ASS_UDF_029', '0', '1', '0', NULL, 's', '0'),
(3722, '4', '064-Champ libre 030', NULL, 'QC1_ASS_UDF_030', '0', '1', '0', NULL, 's', '0'),
(3723, '4', '065-Champ libre 031', NULL, 'QC1_ASS_UDF_031', '0', '1', '0', NULL, 's', '0'),
(3724, '4', '066-Champ libre 032', NULL, 'QC1_ASS_UDF_032', '0', '1', '0', NULL, 's', '0'),
(3725, '4', '067-Champ libre 033', NULL, 'QC1_ASS_UDF_033', '0', '1', '0', NULL, 's', '0'),
(3726, '4', '068-Champ libre 034', NULL, 'QC1_ASS_UDF_034', '0', '1', '0', NULL, 's', '0'),
(3727, '4', '069-Champ libre 035', NULL, 'QC1_ASS_UDF_035', '0', '1', '0', NULL, 's', '0'),
(3728, '4', '070-Champ libre 036', NULL, 'QC1_ASS_UDF_036', '0', '1', '0', NULL, 's', '0'),
(3729, '4', '071-Champ libre 037', NULL, 'QC1_ASS_UDF_037', '0', '1', '0', NULL, 's', '0'),
(3730, '4', '072-Champ libre 038', NULL, 'QC1_ASS_UDF_038', '0', '1', '0', NULL, 's', '0'),
(3731, '4', '073-Champ libre 039', NULL, 'QC1_ASS_UDF_039', '0', '1', '0', NULL, 's', '0'),
(3732, '4', '074-Champ libre 040', NULL, 'QC1_ASS_UDF_040', '0', '1', '0', NULL, 's', '0'),
(3733, '4', '75-Champ libre 041', NULL, 'QC1_ASS_UDF_041', '0', '1', '0', NULL, 's', '0'),
(3734, '4', '76-Champ libre 042', NULL, 'QC1_ASS_UDF_042', '0', '1', '0', NULL, 's', '0'),
(3735, '4', '77-Champ libre 043', NULL, 'QC1_ASS_UDF_043', '0', '1', '0', NULL, 's', '0'),
(3736, '4', '78-Champ libre 044', NULL, 'QC1_ASS_UDF_044', '0', '1', '0', NULL, 's', '0'),
(3737, '4', '79-Champ libre 045', NULL, 'QC1_ASS_UDF_045', '0', '1', '0', NULL, 's', '0'),
(3738, '4', '80-Champ libre 046', NULL, 'QC1_ASS_UDF_046', '0', '1', '0', NULL, 's', '0'),
(3739, '4', '81-Champ libre 047', NULL, 'QC1_ASS_UDF_047', '0', '1', '0', NULL, 's', '0'),
(3740, '4', '82-Champ libre 048', NULL, 'QC1_ASS_UDF_048', '0', '1', '0', NULL, 's', '0'),
(3741, '4', '83-Champ libre 049', NULL, 'QC1_ASS_UDF_049', '0', '1', '0', NULL, 's', '0'),
(3742, '4', '84-Champ libre 050', NULL, 'QC1_ASS_UDF_050', '0', '1', '0', NULL, 's', '0'),
(3743, '4', '85-Champ libre 051', NULL, 'QC1_ASS_UDF_051', '0', '1', '0', NULL, 's', '0'),
(3744, '4', '86-Champ libre 052', NULL, 'QC1_ASS_UDF_052', '0', '1', '0', NULL, 's', '0'),
(3745, '4', '87-Champ libre 053', NULL, 'QC1_ASS_UDF_053', '0', '1', '0', NULL, 's', '0'),
(3746, '4', '88-Champ libre 054', NULL, 'QC1_ASS_UDF_054', '0', '1', '0', NULL, 's', '0'),
(3747, '4', '89-Champ libre 055', NULL, 'QC1_ASS_UDF_055', '0', '1', '0', NULL, 's', '0'),
(3748, '4', '90-Champ libre 056', NULL, 'QC1_ASS_UDF_056', '0', '1', '0', NULL, 's', '0'),
(3749, '4', '91-Champ libre 057', NULL, 'QC1_ASS_UDF_057', '0', '1', '0', NULL, 's', '0'),
(3750, '4', '92-Champ libre 058', NULL, 'QC1_ASS_UDF_058', '0', '1', '0', NULL, 's', '0'),
(3751, '4', '93-Champ libre 059', NULL, 'QC1_ASS_UDF_059', '0', '1', '0', NULL, 's', '0'),
(3752, '4', '94-Champ libre 060', NULL, 'QC1_ASS_UDF_060', '0', '1', '0', NULL, 's', '0'),
(3753, '4', '95-Champ libre 061', NULL, 'QC1_ASS_UDF_061', '0', '1', '0', NULL, 's', '0'),
(3754, '4', '96-Champ libre 062', NULL, 'QC1_ASS_UDF_062', '0', '1', '0', NULL, 's', '0'),
(3755, '4', '97-Champ libre 063', NULL, 'QC1_ASS_UDF_063', '0', '1', '0', NULL, 's', '0'),
(3756, '4', '98-Champ libre 064', NULL, 'QC1_ASS_UDF_064', '0', '1', '0', NULL, 's', '0'),
(3757, '4', '99-Champ libre 065', NULL, 'QC1_ASS_UDF_065', '0', '1', '0', NULL, 's', '0'),
(3758, '4', '100-Champ libre 066', NULL, 'QC1_ASS_UDF_066', '0', '1', '0', NULL, 's', '0'),
(3759, '4', '101-Champ libre 067', NULL, 'QC1_ASS_UDF_067', '0', '1', '0', NULL, 's', '0'),
(3760, '4', '102-Champ libre 068', NULL, 'QC1_ASS_UDF_068', '0', '1', '0', NULL, 's', '0'),
(3761, '4', '103-Champ libre 069', NULL, 'QC1_ASS_UDF_069', '0', '1', '0', NULL, 's', '0'),
(3762, '4', '104-Champ libre 070', NULL, 'QC1_ASS_UDF_070', '0', '1', '0', NULL, 's', '0'),
(3763, '4', '105-Champ libre 071', NULL, 'QC1_ASS_UDF_071', '0', '1', '0', NULL, 's', '0'),
(3764, '4', '106-Champ libre 072', NULL, 'QC1_ASS_UDF_072', '0', '1', '0', NULL, 's', '0'),
(3765, '4', '107-Champ libre 073', NULL, 'QC1_ASS_UDF_073', '0', '1', '0', NULL, 's', '0'),
(3766, '4', '108-Champ libre 074', NULL, 'QC1_ASS_UDF_074', '0', '1', '0', NULL, 's', '0'),
(3767, '4', '109-Champ libre 075', NULL, 'QC1_ASS_UDF_075', '0', '1', '0', NULL, 's', '0'),
(3768, '4', '110-Champ libre 076', NULL, 'QC1_ASS_UDF_076', '0', '1', '0', NULL, 's', '0'),
(3769, '4', '111-Champ libre 077', NULL, 'QC1_ASS_UDF_077', '0', '1', '0', NULL, 's', '0'),
(3770, '4', '112-Champ libre 078', NULL, 'QC1_ASS_UDF_078', '0', '1', '0', NULL, 's', '0'),
(3771, '4', '113-Champ libre 079', NULL, 'QC1_ASS_UDF_079', '0', '1', '0', NULL, 's', '0'),
(3772, '4', '114-Champ libre 080', NULL, 'QC1_ASS_UDF_080', '0', '1', '0', NULL, 's', '0'),
(3773, '4', '115-Champ libre 081', NULL, 'QC1_ASS_UDF_081', '0', '1', '0', NULL, 's', '0'),
(3774, '4', '116-Champ libre 082', NULL, 'QC1_ASS_UDF_082', '0', '1', '0', NULL, 's', '0'),
(3775, '4', '117-Champ libre 083', NULL, 'QC1_ASS_UDF_083', '0', '1', '0', NULL, 's', '0'),
(3776, '4', '118-Champ libre 084', NULL, 'QC1_ASS_UDF_084', '0', '1', '0', NULL, 's', '0'),
(3777, '4', '119-Champ libre 085', NULL, 'QC1_ASS_UDF_085', '0', '1', '0', NULL, 's', '0'),
(3778, '4', '120-Champ libre 086', NULL, 'QC1_ASS_UDF_086', '0', '1', '0', NULL, 's', '0'),
(3779, '4', '121-Champ libre 087', NULL, 'QC1_ASS_UDF_087', '0', '1', '0', NULL, 's', '0'),
(3780, '4', '122-Champ libre 088', NULL, 'QC1_ASS_UDF_088', '0', '1', '0', NULL, 's', '0'),
(3781, '4', '123-Champ libre 089', NULL, 'QC1_ASS_UDF_089', '0', '1', '0', NULL, 's', '0'),
(3782, '4', '124-Champ libre 090', NULL, 'QC1_ASS_UDF_090', '0', '1', '0', NULL, 's', '0'),
(3783, '4', '125-Champ libre 091', NULL, 'QC1_ASS_UDF_091', '0', '1', '0', NULL, 's', '0'),
(3784, '4', '126-Champ libre 092', NULL, 'QC1_ASS_UDF_092', '0', '1', '0', NULL, 's', '0'),
(3785, '4', '127-Champ libre 093', NULL, 'QC1_ASS_UDF_093', '0', '1', '0', NULL, 's', '0'),
(3786, '4', '128-Champ libre 094', NULL, 'QC1_ASS_UDF_094', '0', '1', '0', NULL, 's', '0'),
(3787, '4', '129-Champ libre 095', NULL, 'QC1_ASS_UDF_095', '0', '1', '0', NULL, 's', '0'),
(3788, '4', '130-Champ libre 096', NULL, 'QC1_ASS_UDF_096', '0', '1', '0', NULL, 's', '0'),
(3789, '4', '131-Champ libre 097', NULL, 'QC1_ASS_UDF_097', '0', '1', '0', NULL, 's', '0'),
(3790, '4', '132-Champ libre 098', NULL, 'QC1_ASS_UDF_098', '0', '1', '0', NULL, 's', '0'),
(3791, '4', '133-Champ libre 099', NULL, 'QC1_ASS_UDF_099', '0', '1', '0', NULL, 's', '0'),
(3792, '4', '134-Champ libre 100', NULL, 'QC1_ASS_UDF_100', '0', '1', '0', NULL, 's', '0'),
(3793, '1', '76-Champ libre 021', NULL, 'QC1_DAT_UDF_021', '0', '1', '0', NULL, 's', '0'),
(3794, '1', '77-Champ libre 022', NULL, 'QC1_DAT_UDF_022', '0', '1', '0', NULL, 's', '0'),
(3795, '1', '78-Champ libre 023', NULL, 'QC1_DAT_UDF_023', '0', '1', '0', NULL, 's', '0'),
(3796, '1', '79-Champ libre 024', NULL, 'QC1_DAT_UDF_024', '0', '1', '0', NULL, 's', '0'),
(3797, '1', '80-Champ libre 025', NULL, 'QC1_DAT_UDF_025', '0', '1', '0', NULL, 's', '0'),
(3798, '1', '81-Champ libre 026', NULL, 'QC1_DAT_UDF_026', '0', '1', '0', NULL, 's', '0'),
(3799, '1', '82-Champ libre 027', NULL, 'QC1_DAT_UDF_027', '0', '1', '0', NULL, 's', '0'),
(3800, '1', '83-Champ libre 028', NULL, 'QC1_DAT_UDF_028', '0', '1', '0', NULL, 's', '0'),
(3801, '1', '84-Champ libre 029', NULL, 'QC1_DAT_UDF_029', '0', '1', '0', NULL, 's', '0'),
(3802, '1', '85-Champ libre 030', NULL, 'QC1_DAT_UDF_030', '0', '1', '0', NULL, 's', '0'),
(3803, '1', '86-Champ libre 031', NULL, 'QC1_DAT_UDF_031', '0', '1', '0', NULL, 's', '0'),
(3804, '1', '87-Champ libre 032', NULL, 'QC1_DAT_UDF_032', '0', '1', '0', NULL, 's', '0'),
(3805, '1', '88-Champ libre 033', NULL, 'QC1_DAT_UDF_033', '0', '1', '0', NULL, 's', '0'),
(3806, '1', '89-Champ libre 034', NULL, 'QC1_DAT_UDF_034', '0', '1', '0', NULL, 's', '0'),
(3807, '1', '90-Champ libre 035', NULL, 'QC1_DAT_UDF_035', '0', '1', '0', NULL, 's', '0'),
(3808, '1', '91-Champ libre 036', NULL, 'QC1_DAT_UDF_036', '0', '1', '0', NULL, 's', '0'),
(3809, '1', '92-Champ libre 037', NULL, 'QC1_DAT_UDF_037', '0', '1', '0', NULL, 's', '0'),
(3810, '1', '93-Champ libre 038', NULL, 'QC1_DAT_UDF_038', '0', '1', '0', NULL, 's', '0'),
(3811, '1', '94-Champ libre 039', NULL, 'QC1_DAT_UDF_039', '0', '1', '0', NULL, 's', '0'),
(3812, '1', '95-Champ libre 040', NULL, 'QC1_DAT_UDF_040', '0', '1', '0', NULL, 's', '0'),
(3813, '1', '96-Champ libre 041', NULL, 'QC1_DAT_UDF_041', '0', '1', '0', NULL, 's', '0'),
(3814, '1', '97-Champ libre 042', NULL, 'QC1_DAT_UDF_042', '0', '1', '0', NULL, 's', '0'),
(3815, '1', '98-Champ libre 043', NULL, 'QC1_DAT_UDF_043', '0', '1', '0', NULL, 's', '0'),
(3816, '1', '99-Champ libre 044', NULL, 'QC1_DAT_UDF_044', '0', '1', '0', NULL, 's', '0'),
(3817, '1', '100-Champ libre 045', NULL, 'QC1_DAT_UDF_045', '0', '1', '0', NULL, 's', '0'),
(3818, '1', '101-Champ libre 046', NULL, 'QC1_DAT_UDF_046', '0', '1', '0', NULL, 's', '0'),
(3819, '1', '102-Champ libre 047', NULL, 'QC1_DAT_UDF_047', '0', '1', '0', NULL, 's', '0'),
(3820, '1', '103-Champ libre 048', NULL, 'QC1_DAT_UDF_048', '0', '1', '0', NULL, 's', '0'),
(3821, '1', '104-Champ libre 049', NULL, 'QC1_DAT_UDF_049', '0', '1', '0', NULL, 's', '0'),
(3822, '1', '105-Champ libre 050', NULL, 'QC1_DAT_UDF_050', '0', '1', '0', NULL, 's', '0'),
(3823, '1', '106-Champ libre 051', NULL, 'QC1_DAT_UDF_051', '0', '1', '0', NULL, 's', '0'),
(3824, '1', '107-Champ libre 052', NULL, 'QC1_DAT_UDF_052', '0', '1', '0', NULL, 's', '0'),
(3825, '1', '108-Champ libre 053', NULL, 'QC1_DAT_UDF_053', '0', '1', '0', NULL, 's', '0');
INSERT INTO `QC1_REP_QDD_ATTRIBUTE` (`CODE_ATTRIBUTE`, `CODE_DOMAIN`, `NAME_ATTRIBUTE`, `DESC_ATTRIBUTE`, `FIELD_NAME`, `FLG_LOCKED`, `FLG_CUSTOM`, `FLG_LOV`, `FIELD_CODE`, `TYPE_ATTRIBUTE`, `FLG_TKH`) VALUES
(3826, '1', '109-Champ libre 054', NULL, 'QC1_DAT_UDF_054', '0', '1', '0', NULL, 's', '0'),
(3827, '1', '110-Champ libre 055', NULL, 'QC1_DAT_UDF_055', '0', '1', '0', NULL, 's', '0'),
(3828, '1', '111-Champ libre 056', NULL, 'QC1_DAT_UDF_056', '0', '1', '0', NULL, 's', '0'),
(3829, '1', '112-Champ libre 057', NULL, 'QC1_DAT_UDF_057', '0', '1', '0', NULL, 's', '0'),
(3830, '1', '113-Champ libre 058', NULL, 'QC1_DAT_UDF_058', '0', '1', '0', NULL, 's', '0'),
(3831, '1', '114-Champ libre 059', NULL, 'QC1_DAT_UDF_059', '0', '1', '0', NULL, 's', '0'),
(3832, '1', '115-Champ libre 060', NULL, 'QC1_DAT_UDF_060', '0', '1', '0', NULL, 's', '0'),
(3833, '1', '116-Champ libre 061', NULL, 'QC1_DAT_UDF_061', '0', '1', '0', NULL, 's', '0'),
(3834, '1', '117-Champ libre 062', NULL, 'QC1_DAT_UDF_062', '0', '1', '0', NULL, 's', '0'),
(3835, '1', '118-Champ libre 063', NULL, 'QC1_DAT_UDF_063', '0', '1', '0', NULL, 's', '0'),
(3836, '1', '119-Champ libre 064', NULL, 'QC1_DAT_UDF_064', '0', '1', '0', NULL, 's', '0'),
(3837, '1', '120-Champ libre 065', NULL, 'QC1_DAT_UDF_065', '0', '1', '0', NULL, 's', '0'),
(3838, '1', '121-Champ libre 066', NULL, 'QC1_DAT_UDF_066', '0', '1', '0', NULL, 's', '0'),
(3839, '1', '122-Champ libre 067', NULL, 'QC1_DAT_UDF_067', '0', '1', '0', NULL, 's', '0'),
(3840, '1', '123-Champ libre 068', NULL, 'QC1_DAT_UDF_068', '0', '1', '0', NULL, 's', '0'),
(3841, '1', '124-Champ libre 069', NULL, 'QC1_DAT_UDF_069', '0', '1', '0', NULL, 's', '0'),
(3842, '1', '125-Champ libre 070', NULL, 'QC1_DAT_UDF_070', '0', '1', '0', NULL, 's', '0'),
(3843, '1', '126-Champ libre 071', NULL, 'QC1_DAT_UDF_071', '0', '1', '0', NULL, 's', '0'),
(3844, '1', '127-Champ libre 072', NULL, 'QC1_DAT_UDF_072', '0', '1', '0', NULL, 's', '0'),
(3845, '1', '128-Champ libre 073', NULL, 'QC1_DAT_UDF_073', '0', '1', '0', NULL, 's', '0'),
(3846, '1', '129-Champ libre 074', NULL, 'QC1_DAT_UDF_074', '0', '1', '0', NULL, 's', '0'),
(3847, '1', '130-Champ libre 075', NULL, 'QC1_DAT_UDF_075', '0', '1', '0', NULL, 's', '0'),
(3848, '1', '131-Champ libre 076', NULL, 'QC1_DAT_UDF_076', '0', '1', '0', NULL, 's', '0'),
(3849, '1', '132-Champ libre 077', NULL, 'QC1_DAT_UDF_077', '0', '1', '0', NULL, 's', '0'),
(3850, '1', '133-Champ libre 078', NULL, 'QC1_DAT_UDF_078', '0', '1', '0', NULL, 's', '0'),
(3851, '1', '134-Champ libre 079', NULL, 'QC1_DAT_UDF_079', '0', '1', '0', NULL, 's', '0'),
(3852, '1', '135-Champ libre 080', NULL, 'QC1_DAT_UDF_080', '0', '1', '0', NULL, 's', '0'),
(3853, '1', '136-Champ libre 081', NULL, 'QC1_DAT_UDF_081', '0', '1', '0', NULL, 's', '0'),
(3854, '1', '137-Champ libre 082', NULL, 'QC1_DAT_UDF_082', '0', '1', '0', NULL, 's', '0'),
(3855, '1', '138-Champ libre 083', NULL, 'QC1_DAT_UDF_083', '0', '1', '0', NULL, 's', '0'),
(3856, '1', '139-Champ libre 084', NULL, 'QC1_DAT_UDF_084', '0', '1', '0', NULL, 's', '0'),
(3857, '1', '140-Champ libre 085', NULL, 'QC1_DAT_UDF_085', '0', '1', '0', NULL, 's', '0'),
(3858, '1', '141-Champ libre 086', NULL, 'QC1_DAT_UDF_086', '0', '1', '0', NULL, 's', '0'),
(3859, '1', '142-Champ libre 087', NULL, 'QC1_DAT_UDF_087', '0', '1', '0', NULL, 's', '0'),
(3860, '1', '143-Champ libre 088', NULL, 'QC1_DAT_UDF_088', '0', '1', '0', NULL, 's', '0'),
(3861, '1', '144-Champ libre 089', NULL, 'QC1_DAT_UDF_089', '0', '1', '0', NULL, 's', '0'),
(3862, '1', '145-Champ libre 090', NULL, 'QC1_DAT_UDF_090', '0', '1', '0', NULL, 's', '0'),
(3863, '1', '146-Champ libre 091', NULL, 'QC1_DAT_UDF_091', '0', '1', '0', NULL, 's', '0'),
(3864, '1', '147-Champ libre 092', NULL, 'QC1_DAT_UDF_092', '0', '1', '0', NULL, 's', '0'),
(3865, '1', '148-Champ libre 093', NULL, 'QC1_DAT_UDF_093', '0', '1', '0', NULL, 's', '0'),
(3866, '1', '149-Champ libre 094', NULL, 'QC1_DAT_UDF_094', '0', '1', '0', NULL, 's', '0'),
(3867, '1', '150-Champ libre 095', NULL, 'QC1_DAT_UDF_095', '0', '1', '0', NULL, 's', '0'),
(3868, '1', '151-Champ libre 096', NULL, 'QC1_DAT_UDF_096', '0', '1', '0', NULL, 's', '0'),
(3869, '1', '152-Champ libre 097', NULL, 'QC1_DAT_UDF_097', '0', '1', '0', NULL, 's', '0'),
(3870, '1', '153-Champ libre 098', NULL, 'QC1_DAT_UDF_098', '0', '1', '0', NULL, 's', '0'),
(3871, '1', '154-Champ libre 099', NULL, 'QC1_DAT_UDF_099', '0', '1', '0', NULL, 's', '0'),
(3872, '1', '155-Champ libre 100', NULL, 'QC1_DAT_UDF_100', '0', '1', '0', NULL, 's', '0'),
(3873, '6', '99-Champ libre 021', NULL, 'QC1_SAL_UDF_021', '0', '1', '0', NULL, 's', '0'),
(3874, '6', '100-Champ libre 22', NULL, 'QC1_SAL_UDF_022', '0', '1', '0', NULL, 's', '0'),
(3875, '6', '101-Champ libre 23', NULL, 'QC1_SAL_UDF_023', '0', '1', '0', NULL, 's', '0'),
(3876, '6', '102-Champ libre 24', NULL, 'QC1_SAL_UDF_024', '0', '1', '0', NULL, 's', '0'),
(3877, '6', '103-Champ libre 25', NULL, 'QC1_SAL_UDF_025', '0', '1', '0', NULL, 's', '0'),
(3878, '6', '104-Champ libre 26', NULL, 'QC1_SAL_UDF_026', '0', '1', '0', NULL, 's', '0'),
(3879, '6', '105-Champ libre 27', NULL, 'QC1_SAL_UDF_027', '0', '1', '0', NULL, 's', '0'),
(3880, '6', '106-Champ libre 28', NULL, 'QC1_SAL_UDF_028', '0', '1', '0', NULL, 's', '0'),
(3881, '6', '107-Champ libre 29', NULL, 'QC1_SAL_UDF_029', '0', '1', '0', NULL, 's', '0'),
(3882, '6', '108-Champ libre 30', NULL, 'QC1_SAL_UDF_030', '0', '1', '0', NULL, 's', '0'),
(3883, '6', '109-Champ libre 31', NULL, 'QC1_SAL_UDF_031', '0', '1', '0', NULL, 's', '0'),
(3884, '6', '110-Champ libre 32', NULL, 'QC1_SAL_UDF_032', '0', '1', '0', NULL, 's', '0'),
(3885, '6', '111-Champ libre 33', NULL, 'QC1_SAL_UDF_033', '0', '1', '0', NULL, 's', '0'),
(3886, '6', '112-Champ libre 34', NULL, 'QC1_SAL_UDF_034', '0', '1', '0', NULL, 's', '0'),
(3887, '6', '113-Champ libre 35', NULL, 'QC1_SAL_UDF_035', '0', '1', '0', NULL, 's', '0'),
(3888, '6', '114-Champ libre 36', NULL, 'QC1_SAL_UDF_036', '0', '1', '0', NULL, 's', '0'),
(3889, '6', '115-Champ libre 37', NULL, 'QC1_SAL_UDF_037', '0', '1', '0', NULL, 's', '0'),
(3890, '6', '116-Champ libre 38', NULL, 'QC1_SAL_UDF_038', '0', '1', '0', NULL, 's', '0'),
(3891, '6', '117-Champ libre 39', NULL, 'QC1_SAL_UDF_039', '0', '1', '0', NULL, 's', '0'),
(3892, '6', '118-Champ libre 40', NULL, 'QC1_SAL_UDF_040', '0', '1', '0', NULL, 's', '0'),
(3893, '6', '119-Champ libre 41', NULL, 'QC1_SAL_UDF_041', '0', '1', '0', NULL, 's', '0'),
(3894, '6', '120-Champ libre 42', NULL, 'QC1_SAL_UDF_042', '0', '1', '0', NULL, 's', '0'),
(3895, '6', '121-Champ libre 43', NULL, 'QC1_SAL_UDF_043', '0', '1', '0', NULL, 's', '0'),
(3896, '6', '122-Champ libre 44', NULL, 'QC1_SAL_UDF_044', '0', '1', '0', NULL, 's', '0'),
(3897, '6', '123-Champ libre 45', NULL, 'QC1_SAL_UDF_045', '0', '1', '0', NULL, 's', '0'),
(3898, '6', '124-Champ libre 46', NULL, 'QC1_SAL_UDF_046', '0', '1', '0', NULL, 's', '0'),
(3899, '6', '125-Champ libre 47', NULL, 'QC1_SAL_UDF_047', '0', '1', '0', NULL, 's', '0'),
(3900, '6', '126-Champ libre 48', NULL, 'QC1_SAL_UDF_048', '0', '1', '0', NULL, 's', '0'),
(3901, '6', '127-Champ libre 49', NULL, 'QC1_SAL_UDF_049', '0', '1', '0', NULL, 's', '0'),
(3902, '6', '128-Champ libre 50', NULL, 'QC1_SAL_UDF_050', '0', '1', '0', NULL, 's', '0'),
(3903, '6', '129-Champ libre 51', NULL, 'QC1_SAL_UDF_051', '0', '1', '0', NULL, 's', '0'),
(3904, '6', '130-Champ libre 52', NULL, 'QC1_SAL_UDF_052', '0', '1', '0', NULL, 's', '0'),
(3905, '6', '131-Champ libre 53', NULL, 'QC1_SAL_UDF_053', '0', '1', '0', NULL, 's', '0'),
(3906, '6', '132-Champ libre 54', NULL, 'QC1_SAL_UDF_054', '0', '1', '0', NULL, 's', '0'),
(3907, '6', '133-Champ libre 55', NULL, 'QC1_SAL_UDF_055', '0', '1', '0', NULL, 's', '0'),
(3908, '6', '134-Champ libre 56', NULL, 'QC1_SAL_UDF_056', '0', '1', '0', NULL, 's', '0'),
(3909, '6', '135-Champ libre 57', NULL, 'QC1_SAL_UDF_057', '0', '1', '0', NULL, 's', '0'),
(3910, '6', '136-Champ libre 58', NULL, 'QC1_SAL_UDF_058', '0', '1', '0', NULL, 's', '0'),
(3911, '6', '137-Champ libre 59', NULL, 'QC1_SAL_UDF_059', '0', '1', '0', NULL, 's', '0'),
(3912, '6', '138-Champ libre 60', NULL, 'QC1_SAL_UDF_060', '0', '1', '0', NULL, 's', '0'),
(3913, '6', '139-Champ libre 61', NULL, 'QC1_SAL_UDF_061', '0', '1', '0', NULL, 's', '0'),
(3914, '6', '140-Champ libre 62', NULL, 'QC1_SAL_UDF_062', '0', '1', '0', NULL, 's', '0'),
(3915, '6', '141-Champ libre 63', NULL, 'QC1_SAL_UDF_063', '0', '1', '0', NULL, 's', '0'),
(3916, '6', '142-Champ libre 64', NULL, 'QC1_SAL_UDF_064', '0', '1', '0', NULL, 's', '0'),
(3917, '6', '143-Champ libre 65', NULL, 'QC1_SAL_UDF_065', '0', '1', '0', NULL, 's', '0'),
(3918, '6', '144-Champ libre 66', NULL, 'QC1_SAL_UDF_066', '0', '1', '0', NULL, 's', '0'),
(3919, '6', '145-Champ libre 67', NULL, 'QC1_SAL_UDF_067', '0', '1', '0', NULL, 's', '0'),
(3920, '6', '146-Champ libre 68', NULL, 'QC1_SAL_UDF_068', '0', '1', '0', NULL, 's', '0'),
(3921, '6', '147-Champ libre 69', NULL, 'QC1_SAL_UDF_069', '0', '1', '0', NULL, 's', '0'),
(3922, '6', '148-Champ libre 70', NULL, 'QC1_SAL_UDF_070', '0', '1', '0', NULL, 's', '0'),
(3923, '6', '149-Champ libre 71', NULL, 'QC1_SAL_UDF_071', '0', '1', '0', NULL, 's', '0'),
(3924, '6', '150-Champ libre 72', NULL, 'QC1_SAL_UDF_072', '0', '1', '0', NULL, 's', '0'),
(3925, '6', '151-Champ libre 73', NULL, 'QC1_SAL_UDF_073', '0', '1', '0', NULL, 's', '0'),
(3926, '6', '152-Champ libre 74', NULL, 'QC1_SAL_UDF_074', '0', '1', '0', NULL, 's', '0'),
(3927, '6', '153-Champ libre 75', NULL, 'QC1_SAL_UDF_075', '0', '1', '0', NULL, 's', '0'),
(3928, '6', '154-Champ libre 76', NULL, 'QC1_SAL_UDF_076', '0', '1', '0', NULL, 's', '0'),
(3929, '6', '155-Champ libre 77', NULL, 'QC1_SAL_UDF_077', '0', '1', '0', NULL, 's', '0'),
(3930, '6', '156-Champ libre 78', NULL, 'QC1_SAL_UDF_078', '0', '1', '0', NULL, 's', '0'),
(3931, '6', '157-Champ libre 79', NULL, 'QC1_SAL_UDF_079', '0', '1', '0', NULL, 's', '0'),
(3932, '6', '158-Champ libre 80', NULL, 'QC1_SAL_UDF_080', '0', '1', '0', NULL, 's', '0'),
(3933, '6', '159-Champ libre 81', NULL, 'QC1_SAL_UDF_081', '0', '1', '0', NULL, 's', '0'),
(3934, '6', '160-Champ libre 82', NULL, 'QC1_SAL_UDF_082', '0', '1', '0', NULL, 's', '0'),
(3935, '6', '161-Champ libre 83', NULL, 'QC1_SAL_UDF_083', '0', '1', '0', NULL, 's', '0'),
(3936, '6', '162-Champ libre 84', NULL, 'QC1_SAL_UDF_084', '0', '1', '0', NULL, 's', '0'),
(3937, '6', '163-Champ libre 85', NULL, 'QC1_SAL_UDF_085', '0', '1', '0', NULL, 's', '0'),
(3938, '6', '164-Champ libre 86', NULL, 'QC1_SAL_UDF_086', '0', '1', '0', NULL, 's', '0'),
(3939, '6', '165-Champ libre 87', NULL, 'QC1_SAL_UDF_087', '0', '1', '0', NULL, 's', '0'),
(3940, '6', '166-Champ libre 88', NULL, 'QC1_SAL_UDF_088', '0', '1', '0', NULL, 's', '0'),
(3941, '6', '167-Champ libre 89', NULL, 'QC1_SAL_UDF_089', '0', '1', '0', NULL, 's', '0'),
(3942, '6', '168-Champ libre 90', NULL, 'QC1_SAL_UDF_090', '0', '1', '0', NULL, 's', '0'),
(3943, '6', '169-Champ libre 91', NULL, 'QC1_SAL_UDF_091', '0', '1', '0', NULL, 's', '0'),
(3944, '6', '170-Champ libre 92', NULL, 'QC1_SAL_UDF_092', '0', '1', '0', NULL, 's', '0'),
(3945, '6', '171-Champ libre 93', NULL, 'QC1_SAL_UDF_093', '0', '1', '0', NULL, 's', '0'),
(3946, '6', '172-Champ libre 94', NULL, 'QC1_SAL_UDF_094', '0', '1', '0', NULL, 's', '0'),
(3947, '6', '173-Champ libre 95', NULL, 'QC1_SAL_UDF_095', '0', '1', '0', NULL, 's', '0'),
(3948, '6', '174-Champ libre 96', NULL, 'QC1_SAL_UDF_096', '0', '1', '0', NULL, 's', '0'),
(3949, '6', '175-Champ libre 97', NULL, 'QC1_SAL_UDF_097', '0', '1', '0', NULL, 's', '0'),
(3950, '6', '176-Champ libre 98', NULL, 'QC1_SAL_UDF_098', '0', '1', '0', NULL, 's', '0'),
(3951, '6', '177-Champ libre 99', NULL, 'QC1_SAL_UDF_099', '0', '1', '0', NULL, 's', '0'),
(3952, '6', '178-Champ libre 100', NULL, 'QC1_SAL_UDF_100', '0', '1', '0', NULL, 's', '0'),
(3953, '7', '101-Champ libre 021', NULL, 'QC1_ORG_UDF_021', '0', '1', '0', NULL, 's', '0'),
(3954, '7', '102-Champ libre 022', NULL, 'QC1_ORG_UDF_022', '0', '1', '0', NULL, 's', '0'),
(3955, '7', '103-Champ libre 023', NULL, 'QC1_ORG_UDF_023', '0', '1', '0', NULL, 's', '0'),
(3956, '7', '104-Champ libre 024', NULL, 'QC1_ORG_UDF_024', '0', '1', '0', NULL, 's', '0'),
(3957, '7', '105-Champ libre 025', NULL, 'QC1_ORG_UDF_025', '0', '1', '0', NULL, 's', '0'),
(3958, '7', '106-Champ libre 026', NULL, 'QC1_ORG_UDF_026', '0', '1', '0', NULL, 's', '0'),
(3959, '7', '107-Champ libre 027', NULL, 'QC1_ORG_UDF_027', '0', '1', '0', NULL, 's', '0'),
(3960, '7', '108-Champ libre 028', NULL, 'QC1_ORG_UDF_028', '0', '1', '0', NULL, 's', '0'),
(3961, '7', '109-Champ libre 029', NULL, 'QC1_ORG_UDF_029', '0', '1', '0', NULL, 's', '0'),
(3962, '7', '110-Champ libre 030', NULL, 'QC1_ORG_UDF_030', '0', '1', '0', NULL, 's', '0'),
(3963, '7', '111-Champ libre 031', NULL, 'QC1_ORG_UDF_031', '0', '1', '0', NULL, 's', '0'),
(3964, '7', '112-Champ libre 032', NULL, 'QC1_ORG_UDF_032', '0', '1', '0', NULL, 's', '0'),
(3965, '7', '113-Champ libre 033', NULL, 'QC1_ORG_UDF_033', '0', '1', '0', NULL, 's', '0'),
(3966, '7', '114-Champ libre 034', NULL, 'QC1_ORG_UDF_034', '0', '1', '0', NULL, 's', '0'),
(3967, '7', '115-Champ libre 035', NULL, 'QC1_ORG_UDF_035', '0', '1', '0', NULL, 's', '0'),
(3968, '7', '116-Champ libre 036', NULL, 'QC1_ORG_UDF_036', '0', '1', '0', NULL, 's', '0'),
(3969, '7', '117-Champ libre 037', NULL, 'QC1_ORG_UDF_037', '0', '1', '0', NULL, 's', '0'),
(3970, '7', '118-Champ libre 038', NULL, 'QC1_ORG_UDF_038', '0', '1', '0', NULL, 's', '0'),
(3971, '7', '119-Champ libre 039', NULL, 'QC1_ORG_UDF_039', '0', '1', '0', NULL, 's', '0'),
(3972, '7', '120-Champ libre 040', NULL, 'QC1_ORG_UDF_040', '0', '1', '0', NULL, 's', '0'),
(3973, '7', '121-Champ libre 041', NULL, 'QC1_ORG_UDF_041', '0', '1', '0', NULL, 's', '0'),
(3974, '7', '122-Champ libre 042', NULL, 'QC1_ORG_UDF_042', '0', '1', '0', NULL, 's', '0'),
(3975, '7', '123-Champ libre 043', NULL, 'QC1_ORG_UDF_043', '0', '1', '0', NULL, 's', '0'),
(3976, '7', '124-Champ libre 044', NULL, 'QC1_ORG_UDF_044', '0', '1', '0', NULL, 's', '0'),
(3977, '7', '125-Champ libre 045', NULL, 'QC1_ORG_UDF_045', '0', '1', '0', NULL, 's', '0'),
(3978, '7', '126-Champ libre 046', NULL, 'QC1_ORG_UDF_046', '0', '1', '0', NULL, 's', '0'),
(3979, '7', '127-Champ libre 047', NULL, 'QC1_ORG_UDF_047', '0', '1', '0', NULL, 's', '0'),
(3980, '7', '128-Champ libre 048', NULL, 'QC1_ORG_UDF_048', '0', '1', '0', NULL, 's', '0'),
(3981, '7', '129-Champ libre 049', NULL, 'QC1_ORG_UDF_049', '0', '1', '0', NULL, 's', '0'),
(3982, '7', '130-Champ libre 050', NULL, 'QC1_ORG_UDF_050', '0', '1', '0', NULL, 's', '0'),
(3983, '7', '131-Champ libre 051', NULL, 'QC1_ORG_UDF_051', '0', '1', '0', NULL, 's', '0'),
(3984, '7', '132-Champ libre 052', NULL, 'QC1_ORG_UDF_052', '0', '1', '0', NULL, 's', '0'),
(3985, '7', '133-Champ libre 053', NULL, 'QC1_ORG_UDF_053', '0', '1', '0', NULL, 's', '0'),
(3986, '7', '134-Champ libre 054', NULL, 'QC1_ORG_UDF_054', '0', '1', '0', NULL, 's', '0'),
(3987, '7', '135-Champ libre 055', NULL, 'QC1_ORG_UDF_055', '0', '1', '0', NULL, 's', '0'),
(3988, '7', '136-Champ libre 056', NULL, 'QC1_ORG_UDF_056', '0', '1', '0', NULL, 's', '0'),
(3989, '7', '137-Champ libre 057', NULL, 'QC1_ORG_UDF_057', '0', '1', '0', NULL, 's', '0'),
(3990, '7', '138-Champ libre 058', NULL, 'QC1_ORG_UDF_058', '0', '1', '0', NULL, 's', '0'),
(3991, '7', '139-Champ libre 059', NULL, 'QC1_ORG_UDF_059', '0', '1', '0', NULL, 's', '0'),
(3992, '7', '140-Champ libre 060', NULL, 'QC1_ORG_UDF_060', '0', '1', '0', NULL, 's', '0'),
(3993, '7', '141-Champ libre 061', NULL, 'QC1_ORG_UDF_061', '0', '1', '0', NULL, 's', '0'),
(3994, '7', '142-Champ libre 062', NULL, 'QC1_ORG_UDF_062', '0', '1', '0', NULL, 's', '0'),
(3995, '7', '143-Champ libre 063', NULL, 'QC1_ORG_UDF_063', '0', '1', '0', NULL, 's', '0'),
(3996, '7', '144-Champ libre 064', NULL, 'QC1_ORG_UDF_064', '0', '1', '0', NULL, 's', '0'),
(3997, '7', '145-Champ libre 065', NULL, 'QC1_ORG_UDF_065', '0', '1', '0', NULL, 's', '0'),
(3998, '7', '146-Champ libre 066', NULL, 'QC1_ORG_UDF_066', '0', '1', '0', NULL, 's', '0'),
(3999, '7', '147-Champ libre 067', NULL, 'QC1_ORG_UDF_067', '0', '1', '0', NULL, 's', '0'),
(4000, '7', '148-Champ libre 068', NULL, 'QC1_ORG_UDF_068', '0', '1', '0', NULL, 's', '0'),
(4001, '7', '149-Champ libre 069', NULL, 'QC1_ORG_UDF_069', '0', '1', '0', NULL, 's', '0'),
(4002, '7', '150-Champ libre 070', NULL, 'QC1_ORG_UDF_070', '0', '1', '0', NULL, 's', '0'),
(4003, '7', '151-Champ libre 071', NULL, 'QC1_ORG_UDF_071', '0', '1', '0', NULL, 's', '0'),
(4004, '7', '152-Champ libre 072', NULL, 'QC1_ORG_UDF_072', '0', '1', '0', NULL, 's', '0'),
(4005, '7', '153-Champ libre 073', NULL, 'QC1_ORG_UDF_073', '0', '1', '0', NULL, 's', '0'),
(4006, '7', '154-Champ libre 074', NULL, 'QC1_ORG_UDF_074', '0', '1', '0', NULL, 's', '0'),
(4007, '7', '155-Champ libre 075', NULL, 'QC1_ORG_UDF_075', '0', '1', '0', NULL, 's', '0'),
(4008, '7', '156-Champ libre 076', NULL, 'QC1_ORG_UDF_076', '0', '1', '0', NULL, 's', '0'),
(4009, '7', '157-Champ libre 077', NULL, 'QC1_ORG_UDF_077', '0', '1', '0', NULL, 's', '0'),
(4010, '7', '158-Champ libre 078', NULL, 'QC1_ORG_UDF_078', '0', '1', '0', NULL, 's', '0'),
(4011, '7', '159-Champ libre 079', NULL, 'QC1_ORG_UDF_079', '0', '1', '0', NULL, 's', '0'),
(4012, '7', '160-Champ libre 080', NULL, 'QC1_ORG_UDF_080', '0', '1', '0', NULL, 's', '0'),
(4013, '7', '161-Champ libre 081', NULL, 'QC1_ORG_UDF_081', '0', '1', '0', NULL, 's', '0'),
(4014, '7', '162-Champ libre 082', NULL, 'QC1_ORG_UDF_082', '0', '1', '0', NULL, 's', '0'),
(4015, '7', '163-Champ libre 083', NULL, 'QC1_ORG_UDF_083', '0', '1', '0', NULL, 's', '0'),
(4016, '7', '164-Champ libre 084', NULL, 'QC1_ORG_UDF_084', '0', '1', '0', NULL, 's', '0'),
(4017, '7', '165-Champ libre 085', NULL, 'QC1_ORG_UDF_085', '0', '1', '0', NULL, 's', '0'),
(4018, '7', '166-Champ libre 086', NULL, 'QC1_ORG_UDF_086', '0', '1', '0', NULL, 's', '0'),
(4019, '7', '167-Champ libre 087', NULL, 'QC1_ORG_UDF_087', '0', '1', '0', NULL, 's', '0'),
(4020, '7', '168-Champ libre 088', NULL, 'QC1_ORG_UDF_088', '0', '1', '0', NULL, 's', '0'),
(4021, '7', '169-Champ libre 089', NULL, 'QC1_ORG_UDF_089', '0', '1', '0', NULL, 's', '0'),
(4022, '7', '170-Champ libre 090', NULL, 'QC1_ORG_UDF_090', '0', '1', '0', NULL, 's', '0'),
(4023, '7', '171-Champ libre 091', NULL, 'QC1_ORG_UDF_091', '0', '1', '0', NULL, 's', '0'),
(4024, '7', '172-Champ libre 092', NULL, 'QC1_ORG_UDF_092', '0', '1', '0', NULL, 's', '0'),
(4025, '7', '173-Champ libre 093', NULL, 'QC1_ORG_UDF_093', '0', '1', '0', NULL, 's', '0'),
(4026, '7', '174-Champ libre 094', NULL, 'QC1_ORG_UDF_094', '0', '1', '0', NULL, 's', '0'),
(4027, '7', '175-Champ libre 095', NULL, 'QC1_ORG_UDF_095', '0', '1', '0', NULL, 's', '0'),
(4028, '7', '176-Champ libre 096', NULL, 'QC1_ORG_UDF_096', '0', '1', '0', NULL, 's', '0'),
(4029, '7', '177-Champ libre 097', NULL, 'QC1_ORG_UDF_097', '0', '1', '0', NULL, 's', '0'),
(4030, '7', '178-Champ libre 098', NULL, 'QC1_ORG_UDF_098', '0', '1', '0', NULL, 's', '0'),
(4031, '7', '179-Champ libre 099', NULL, 'QC1_ORG_UDF_099', '0', '1', '0', NULL, 's', '0'),
(4032, '7', '180-Champ libre 100', NULL, 'QC1_ORG_UDF_100', '0', '1', '0', NULL, 's', '0'),
(4033, '8', '066-Champ libre 021', NULL, 'QC1_CPY_UDF_021', '0', '1', '0', NULL, 's', '0'),
(4034, '8', '067-Champ libre 022', NULL, 'QC1_CPY_UDF_022', '0', '1', '0', NULL, 's', '0'),
(4035, '8', '068-Champ libre 023', NULL, 'QC1_CPY_UDF_023', '0', '1', '0', NULL, 's', '0'),
(4036, '8', '069-Champ libre 024', NULL, 'QC1_CPY_UDF_024', '0', '1', '0', NULL, 's', '0'),
(4037, '8', '070-Champ libre 025', NULL, 'QC1_CPY_UDF_025', '0', '1', '0', NULL, 's', '0'),
(4038, '8', '071-Champ libre 026', NULL, 'QC1_CPY_UDF_026', '0', '1', '0', NULL, 's', '0'),
(4039, '8', '072-Champ libre 027', NULL, 'QC1_CPY_UDF_027', '0', '1', '0', NULL, 's', '0'),
(4040, '8', '073-Champ libre 028', NULL, 'QC1_CPY_UDF_028', '0', '1', '0', NULL, 's', '0'),
(4041, '8', '074-Champ libre 029', NULL, 'QC1_CPY_UDF_029', '0', '1', '0', NULL, 's', '0'),
(4042, '8', '075-Champ libre 030', NULL, 'QC1_CPY_UDF_030', '0', '1', '0', NULL, 's', '0'),
(4043, '8', '076-Champ libre 031', NULL, 'QC1_CPY_UDF_031', '0', '1', '0', NULL, 's', '0'),
(4044, '8', '077-Champ libre 032', NULL, 'QC1_CPY_UDF_032', '0', '1', '0', NULL, 's', '0'),
(4045, '8', '078-Champ libre 033', NULL, 'QC1_CPY_UDF_033', '0', '1', '0', NULL, 's', '0'),
(4046, '8', '079-Champ libre 034', NULL, 'QC1_CPY_UDF_034', '0', '1', '0', NULL, 's', '0'),
(4047, '8', '080-Champ libre 035', NULL, 'QC1_CPY_UDF_035', '0', '1', '0', NULL, 's', '0'),
(4048, '8', '081-Champ libre 036', NULL, 'QC1_CPY_UDF_036', '0', '1', '0', NULL, 's', '0'),
(4049, '8', '082-Champ libre 037', NULL, 'QC1_CPY_UDF_037', '0', '1', '0', NULL, 's', '0'),
(4050, '8', '083-Champ libre 038', NULL, 'QC1_CPY_UDF_038', '0', '1', '0', NULL, 's', '0'),
(4051, '8', '084-Champ libre 039', NULL, 'QC1_CPY_UDF_039', '0', '1', '0', NULL, 's', '0'),
(4052, '8', '085-Champ libre 040', NULL, 'QC1_CPY_UDF_040', '0', '1', '0', NULL, 's', '0'),
(4053, '8', '086-Champ libre 041', NULL, 'QC1_CPY_UDF_041', '0', '1', '0', NULL, 's', '0'),
(4054, '8', '087-Champ libre 042', NULL, 'QC1_CPY_UDF_042', '0', '1', '0', NULL, 's', '0'),
(4055, '8', '088-Champ libre 043', NULL, 'QC1_CPY_UDF_043', '0', '1', '0', NULL, 's', '0'),
(4056, '8', '089-Champ libre 044', NULL, 'QC1_CPY_UDF_044', '0', '1', '0', NULL, 's', '0'),
(4057, '8', '090-Champ libre 045', NULL, 'QC1_CPY_UDF_045', '0', '1', '0', NULL, 's', '0'),
(4058, '8', '091-Champ libre 046', NULL, 'QC1_CPY_UDF_046', '0', '1', '0', NULL, 's', '0'),
(4059, '8', '092-Champ libre 047', NULL, 'QC1_CPY_UDF_047', '0', '1', '0', NULL, 's', '0'),
(4060, '8', '093-Champ libre 048', NULL, 'QC1_CPY_UDF_048', '0', '1', '0', NULL, 's', '0'),
(4061, '8', '094-Champ libre 049', NULL, 'QC1_CPY_UDF_049', '0', '1', '0', NULL, 's', '0'),
(4062, '8', '095-Champ libre 050', NULL, 'QC1_CPY_UDF_050', '0', '1', '0', NULL, 's', '0'),
(4063, '8', '096-Champ libre 051', NULL, 'QC1_CPY_UDF_051', '0', '1', '0', NULL, 's', '0'),
(4064, '8', '097-Champ libre 052', NULL, 'QC1_CPY_UDF_052', '0', '1', '0', NULL, 's', '0'),
(4065, '8', '098-Champ libre 053', NULL, 'QC1_CPY_UDF_053', '0', '1', '0', NULL, 's', '0'),
(4066, '8', '099-Champ libre 054', NULL, 'QC1_CPY_UDF_054', '0', '1', '0', NULL, 's', '0'),
(4067, '8', '100-Champ libre 055', NULL, 'QC1_CPY_UDF_055', '0', '1', '0', NULL, 's', '0'),
(4068, '8', '101-Champ libre 056', NULL, 'QC1_CPY_UDF_056', '0', '1', '0', NULL, 's', '0'),
(4069, '8', '102-Champ libre 057', NULL, 'QC1_CPY_UDF_057', '0', '1', '0', NULL, 's', '0'),
(4070, '8', '103-Champ libre 058', NULL, 'QC1_CPY_UDF_058', '0', '1', '0', NULL, 's', '0'),
(4071, '8', '104-Champ libre 059', NULL, 'QC1_CPY_UDF_059', '0', '1', '0', NULL, 's', '0'),
(4072, '8', '105-Champ libre 060', NULL, 'QC1_CPY_UDF_060', '0', '1', '0', NULL, 's', '0'),
(4073, '8', '106-Champ libre 061', NULL, 'QC1_CPY_UDF_061', '0', '1', '0', NULL, 's', '0'),
(4074, '8', '107-Champ libre 062', NULL, 'QC1_CPY_UDF_062', '0', '1', '0', NULL, 's', '0'),
(4075, '8', '108-Champ libre 063', NULL, 'QC1_CPY_UDF_063', '0', '1', '0', NULL, 's', '0'),
(4076, '8', '109-Champ libre 064', NULL, 'QC1_CPY_UDF_064', '0', '1', '0', NULL, 's', '0'),
(4077, '8', '110-Champ libre 065', NULL, 'QC1_CPY_UDF_065', '0', '1', '0', NULL, 's', '0'),
(4078, '8', '111-Champ libre 066', NULL, 'QC1_CPY_UDF_066', '0', '1', '0', NULL, 's', '0'),
(4079, '8', '112-Champ libre 067', NULL, 'QC1_CPY_UDF_067', '0', '1', '0', NULL, 's', '0'),
(4080, '8', '113-Champ libre 068', NULL, 'QC1_CPY_UDF_068', '0', '1', '0', NULL, 's', '0'),
(4081, '8', '114-Champ libre 069', NULL, 'QC1_CPY_UDF_069', '0', '1', '0', NULL, 's', '0'),
(4082, '8', '115-Champ libre 070', NULL, 'QC1_CPY_UDF_070', '0', '1', '0', NULL, 's', '0'),
(4083, '8', '116-Champ libre 071', NULL, 'QC1_CPY_UDF_071', '0', '1', '0', NULL, 's', '0'),
(4084, '8', '117-Champ libre 072', NULL, 'QC1_CPY_UDF_072', '0', '1', '0', NULL, 's', '0'),
(4085, '8', '118-Champ libre 073', NULL, 'QC1_CPY_UDF_073', '0', '1', '0', NULL, 's', '0'),
(4086, '8', '119-Champ libre 074', NULL, 'QC1_CPY_UDF_074', '0', '1', '0', NULL, 's', '0'),
(4087, '8', '120-Champ libre 075', NULL, 'QC1_CPY_UDF_075', '0', '1', '0', NULL, 's', '0'),
(4088, '8', '121-Champ libre 076', NULL, 'QC1_CPY_UDF_076', '0', '1', '0', NULL, 's', '0'),
(4089, '8', '122-Champ libre 077', NULL, 'QC1_CPY_UDF_077', '0', '1', '0', NULL, 's', '0'),
(4090, '8', '123-Champ libre 078', NULL, 'QC1_CPY_UDF_078', '0', '1', '0', NULL, 's', '0'),
(4091, '8', '124-Champ libre 079', NULL, 'QC1_CPY_UDF_079', '0', '1', '0', NULL, 's', '0'),
(4092, '8', '125-Champ libre 080', NULL, 'QC1_CPY_UDF_080', '0', '1', '0', NULL, 's', '0'),
(4093, '8', '126-Champ libre 081', NULL, 'QC1_CPY_UDF_081', '0', '1', '0', NULL, 's', '0'),
(4094, '8', '127-Champ libre 082', NULL, 'QC1_CPY_UDF_082', '0', '1', '0', NULL, 's', '0'),
(4095, '8', '128-Champ libre 083', NULL, 'QC1_CPY_UDF_083', '0', '1', '0', NULL, 's', '0'),
(4096, '8', '129-Champ libre 084', NULL, 'QC1_CPY_UDF_084', '0', '1', '0', NULL, 's', '0'),
(4097, '8', '130-Champ libre 085', NULL, 'QC1_CPY_UDF_085', '0', '1', '0', NULL, 's', '0'),
(4098, '8', '131-Champ libre 086', NULL, 'QC1_CPY_UDF_086', '0', '1', '0', NULL, 's', '0'),
(4099, '8', '132-Champ libre 087', NULL, 'QC1_CPY_UDF_087', '0', '1', '0', NULL, 's', '0'),
(4100, '8', '133-Champ libre 088', NULL, 'QC1_CPY_UDF_088', '0', '1', '0', NULL, 's', '0'),
(4101, '8', '134-Champ libre 089', NULL, 'QC1_CPY_UDF_089', '0', '1', '0', NULL, 's', '0'),
(4102, '8', '135-Champ libre 090', NULL, 'QC1_CPY_UDF_090', '0', '1', '0', NULL, 's', '0'),
(4103, '8', '136-Champ libre 091', NULL, 'QC1_CPY_UDF_091', '0', '1', '0', NULL, 's', '0'),
(4104, '8', '137-Champ libre 092', NULL, 'QC1_CPY_UDF_092', '0', '1', '0', NULL, 's', '0'),
(4105, '8', '138-Champ libre 093', NULL, 'QC1_CPY_UDF_093', '0', '1', '0', NULL, 's', '0'),
(4106, '8', '139-Champ libre 094', NULL, 'QC1_CPY_UDF_094', '0', '1', '0', NULL, 's', '0'),
(4107, '8', '140-Champ libre 095', NULL, 'QC1_CPY_UDF_095', '0', '1', '0', NULL, 's', '0'),
(4108, '8', '141-Champ libre 096', NULL, 'QC1_CPY_UDF_096', '0', '1', '0', NULL, 's', '0'),
(4109, '8', '142-Champ libre 097', NULL, 'QC1_CPY_UDF_097', '0', '1', '0', NULL, 's', '0'),
(4110, '8', '143-Champ libre 098', NULL, 'QC1_CPY_UDF_098', '0', '1', '0', NULL, 's', '0'),
(4111, '8', '144-Champ libre 099', NULL, 'QC1_CPY_UDF_099', '0', '1', '0', NULL, 's', '0'),
(4112, '8', '145-Champ libre 100', NULL, 'QC1_CPY_UDF_100', '0', '1', '0', NULL, 's', '0'),
(4113, '9', '035-Champ libre 021', NULL, 'QC1_LOC_UDF_021', '0', '1', '0', NULL, 's', '0'),
(4114, '9', '036-Champ libre 022', NULL, 'QC1_LOC_UDF_022', '0', '1', '0', NULL, 's', '0'),
(4115, '9', '037-Champ libre 023', NULL, 'QC1_LOC_UDF_023', '0', '1', '0', NULL, 's', '0'),
(4116, '9', '038-Champ libre 024', NULL, 'QC1_LOC_UDF_024', '0', '1', '0', NULL, 's', '0'),
(4117, '9', '039-Champ libre 025', NULL, 'QC1_LOC_UDF_025', '0', '1', '0', NULL, 's', '0'),
(4118, '9', '040-Champ libre 026', NULL, 'QC1_LOC_UDF_026', '0', '1', '0', NULL, 's', '0'),
(4119, '9', '041-Champ libre 027', NULL, 'QC1_LOC_UDF_027', '0', '1', '0', NULL, 's', '0'),
(4120, '9', '042-Champ libre 028', NULL, 'QC1_LOC_UDF_028', '0', '1', '0', NULL, 's', '0'),
(4121, '9', '043-Champ libre 029', NULL, 'QC1_LOC_UDF_029', '0', '1', '0', NULL, 's', '0'),
(4122, '9', '044-Champ libre 030', NULL, 'QC1_LOC_UDF_030', '0', '1', '0', NULL, 's', '0'),
(4123, '9', '045-Champ libre 031', NULL, 'QC1_LOC_UDF_031', '0', '1', '0', NULL, 's', '0'),
(4124, '9', '046-Champ libre 032', NULL, 'QC1_LOC_UDF_032', '0', '1', '0', NULL, 's', '0'),
(4125, '9', '047-Champ libre 033', NULL, 'QC1_LOC_UDF_033', '0', '1', '0', NULL, 's', '0'),
(4126, '9', '048-Champ libre 034', NULL, 'QC1_LOC_UDF_034', '0', '1', '0', NULL, 's', '0'),
(4127, '9', '049-Champ libre 035', NULL, 'QC1_LOC_UDF_035', '0', '1', '0', NULL, 's', '0'),
(4128, '9', '050-Champ libre 036', NULL, 'QC1_LOC_UDF_036', '0', '1', '0', NULL, 's', '0'),
(4129, '9', '051-Champ libre 037', NULL, 'QC1_LOC_UDF_037', '0', '1', '0', NULL, 's', '0'),
(4130, '9', '052-Champ libre 038', NULL, 'QC1_LOC_UDF_038', '0', '1', '0', NULL, 's', '0'),
(4131, '9', '053-Champ libre 039', NULL, 'QC1_LOC_UDF_039', '0', '1', '0', NULL, 's', '0'),
(4132, '9', '054-Champ libre 040', NULL, 'QC1_LOC_UDF_040', '0', '1', '0', NULL, 's', '0'),
(4133, '9', '055-Champ libre 041', NULL, 'QC1_LOC_UDF_041', '0', '1', '0', NULL, 's', '0'),
(4134, '9', '056-Champ libre 042', NULL, 'QC1_LOC_UDF_042', '0', '1', '0', NULL, 's', '0'),
(4135, '9', '057-Champ libre 043', NULL, 'QC1_LOC_UDF_043', '0', '1', '0', NULL, 's', '0'),
(4136, '9', '058-Champ libre 044', NULL, 'QC1_LOC_UDF_044', '0', '1', '0', NULL, 's', '0'),
(4137, '9', '059-Champ libre 045', NULL, 'QC1_LOC_UDF_045', '0', '1', '0', NULL, 's', '0'),
(4138, '9', '060-Champ libre 046', NULL, 'QC1_LOC_UDF_046', '0', '1', '0', NULL, 's', '0'),
(4139, '9', '061-Champ libre 047', NULL, 'QC1_LOC_UDF_047', '0', '1', '0', NULL, 's', '0'),
(4140, '9', '062-Champ libre 048', NULL, 'QC1_LOC_UDF_048', '0', '1', '0', NULL, 's', '0'),
(4141, '9', '063-Champ libre 049', NULL, 'QC1_LOC_UDF_049', '0', '1', '0', NULL, 's', '0'),
(4142, '9', '064-Champ libre 050', NULL, 'QC1_LOC_UDF_050', '0', '1', '0', NULL, 's', '0'),
(4143, '9', '065-Champ libre 051', NULL, 'QC1_LOC_UDF_051', '0', '1', '0', NULL, 's', '0'),
(4144, '9', '066-Champ libre 052', NULL, 'QC1_LOC_UDF_052', '0', '1', '0', NULL, 's', '0'),
(4145, '9', '067-Champ libre 053', NULL, 'QC1_LOC_UDF_053', '0', '1', '0', NULL, 's', '0'),
(4146, '9', '068-Champ libre 054', NULL, 'QC1_LOC_UDF_054', '0', '1', '0', NULL, 's', '0'),
(4147, '9', '069-Champ libre 055', NULL, 'QC1_LOC_UDF_055', '0', '1', '0', NULL, 's', '0'),
(4148, '9', '070-Champ libre 056', NULL, 'QC1_LOC_UDF_056', '0', '1', '0', NULL, 's', '0'),
(4149, '9', '071-Champ libre 057', NULL, 'QC1_LOC_UDF_057', '0', '1', '0', NULL, 's', '0'),
(4150, '9', '072-Champ libre 058', NULL, 'QC1_LOC_UDF_058', '0', '1', '0', NULL, 's', '0'),
(4151, '9', '073-Champ libre 059', NULL, 'QC1_LOC_UDF_059', '0', '1', '0', NULL, 's', '0'),
(4152, '9', '074-Champ libre 060', NULL, 'QC1_LOC_UDF_060', '0', '1', '0', NULL, 's', '0'),
(4153, '9', '075-Champ libre 061', NULL, 'QC1_LOC_UDF_061', '0', '1', '0', NULL, 's', '0'),
(4154, '9', '076-Champ libre 062', NULL, 'QC1_LOC_UDF_062', '0', '1', '0', NULL, 's', '0'),
(4155, '9', '077-Champ libre 063', NULL, 'QC1_LOC_UDF_063', '0', '1', '0', NULL, 's', '0'),
(4156, '9', '078-Champ libre 064', NULL, 'QC1_LOC_UDF_064', '0', '1', '0', NULL, 's', '0'),
(4157, '9', '079-Champ libre 065', NULL, 'QC1_LOC_UDF_065', '0', '1', '0', NULL, 's', '0'),
(4158, '9', '080-Champ libre 066', NULL, 'QC1_LOC_UDF_066', '0', '1', '0', NULL, 's', '0'),
(4159, '9', '081-Champ libre 067', NULL, 'QC1_LOC_UDF_067', '0', '1', '0', NULL, 's', '0'),
(4160, '9', '082-Champ libre 068', NULL, 'QC1_LOC_UDF_068', '0', '1', '0', NULL, 's', '0'),
(4161, '9', '083-Champ libre 069', NULL, 'QC1_LOC_UDF_069', '0', '1', '0', NULL, 's', '0'),
(4162, '9', '084-Champ libre 070', NULL, 'QC1_LOC_UDF_070', '0', '1', '0', NULL, 's', '0'),
(4163, '9', '085-Champ libre 071', NULL, 'QC1_LOC_UDF_071', '0', '1', '0', NULL, 's', '0'),
(4164, '9', '086-Champ libre 072', NULL, 'QC1_LOC_UDF_072', '0', '1', '0', NULL, 's', '0'),
(4165, '9', '087-Champ libre 073', NULL, 'QC1_LOC_UDF_073', '0', '1', '0', NULL, 's', '0'),
(4166, '9', '088-Champ libre 074', NULL, 'QC1_LOC_UDF_074', '0', '1', '0', NULL, 's', '0'),
(4167, '9', '089-Champ libre 075', NULL, 'QC1_LOC_UDF_075', '0', '1', '0', NULL, 's', '0'),
(4168, '9', '090-Champ libre 076', NULL, 'QC1_LOC_UDF_076', '0', '1', '0', NULL, 's', '0'),
(4169, '9', '091-Champ libre 077', NULL, 'QC1_LOC_UDF_077', '0', '1', '0', NULL, 's', '0'),
(4170, '9', '092-Champ libre 078', NULL, 'QC1_LOC_UDF_078', '0', '1', '0', NULL, 's', '0'),
(4171, '9', '093-Champ libre 079', NULL, 'QC1_LOC_UDF_079', '0', '1', '0', NULL, 's', '0'),
(4172, '9', '094-Champ libre 080', NULL, 'QC1_LOC_UDF_080', '0', '1', '0', NULL, 's', '0'),
(4173, '9', '095-Champ libre 081', NULL, 'QC1_LOC_UDF_081', '0', '1', '0', NULL, 's', '0'),
(4174, '9', '096-Champ libre 082', NULL, 'QC1_LOC_UDF_082', '0', '1', '0', NULL, 's', '0'),
(4175, '9', '097-Champ libre 083', NULL, 'QC1_LOC_UDF_083', '0', '1', '0', NULL, 's', '0'),
(4176, '9', '098-Champ libre 084', NULL, 'QC1_LOC_UDF_084', '0', '1', '0', NULL, 's', '0'),
(4177, '9', '099-Champ libre 085', NULL, 'QC1_LOC_UDF_085', '0', '1', '0', NULL, 's', '0'),
(4178, '9', '100-Champ libre 086', NULL, 'QC1_LOC_UDF_086', '0', '1', '0', NULL, 's', '0'),
(4179, '9', '101-Champ libre 087', NULL, 'QC1_LOC_UDF_087', '0', '1', '0', NULL, 's', '0'),
(4180, '9', '102-Champ libre 088', NULL, 'QC1_LOC_UDF_088', '0', '1', '0', NULL, 's', '0'),
(4181, '9', '103-Champ libre 089', NULL, 'QC1_LOC_UDF_089', '0', '1', '0', NULL, 's', '0'),
(4182, '9', '104-Champ libre 090', NULL, 'QC1_LOC_UDF_090', '0', '1', '0', NULL, 's', '0'),
(4183, '9', '105-Champ libre 091', NULL, 'QC1_LOC_UDF_091', '0', '1', '0', NULL, 's', '0'),
(4184, '9', '106-Champ libre 092', NULL, 'QC1_LOC_UDF_092', '0', '1', '0', NULL, 's', '0'),
(4185, '9', '107-Champ libre 093', NULL, 'QC1_LOC_UDF_093', '0', '1', '0', NULL, 's', '0'),
(4186, '9', '108-Champ libre 094', NULL, 'QC1_LOC_UDF_094', '0', '1', '0', NULL, 's', '0'),
(4187, '9', '109-Champ libre 095', NULL, 'QC1_LOC_UDF_095', '0', '1', '0', NULL, 's', '0'),
(4188, '9', '110-Champ libre 096', NULL, 'QC1_LOC_UDF_096', '0', '1', '0', NULL, 's', '0'),
(4189, '9', '111-Champ libre 097', NULL, 'QC1_LOC_UDF_097', '0', '1', '0', NULL, 's', '0'),
(4190, '9', '112-Champ libre 098', NULL, 'QC1_LOC_UDF_098', '0', '1', '0', NULL, 's', '0'),
(4191, '9', '113-Champ libre 099', NULL, 'QC1_LOC_UDF_099', '0', '1', '0', NULL, 's', '0'),
(4192, '9', '114-Champ libre 100', NULL, 'QC1_LOC_UDF_100', '0', '1', '0', NULL, 's', '0'),
(4193, '10', '068-Champ libre 021', NULL, 'QC1_BUD_UDF_021', '0', '1', '0', NULL, 's', '0'),
(4194, '10', '069-Champ libre 022', NULL, 'QC1_BUD_UDF_022', '0', '1', '0', NULL, 's', '0'),
(4195, '10', '070-Champ libre 023', NULL, 'QC1_BUD_UDF_023', '0', '1', '0', NULL, 's', '0'),
(4196, '10', '071-Champ libre 024', NULL, 'QC1_BUD_UDF_024', '0', '1', '0', NULL, 's', '0'),
(4197, '10', '072-Champ libre 025', NULL, 'QC1_BUD_UDF_025', '0', '1', '0', NULL, 's', '0'),
(4198, '10', '073-Champ libre 026', NULL, 'QC1_BUD_UDF_026', '0', '1', '0', NULL, 's', '0'),
(4199, '10', '074-Champ libre 027', NULL, 'QC1_BUD_UDF_027', '0', '1', '0', NULL, 's', '0'),
(4200, '10', '075-Champ libre 028', NULL, 'QC1_BUD_UDF_028', '0', '1', '0', NULL, 's', '0'),
(4201, '10', '076-Champ libre 029', NULL, 'QC1_BUD_UDF_029', '0', '1', '0', NULL, 's', '0'),
(4202, '10', '077-Champ libre 030', NULL, 'QC1_BUD_UDF_030', '0', '1', '0', NULL, 's', '0'),
(4203, '10', '078-Champ libre 031', NULL, 'QC1_BUD_UDF_031', '0', '1', '0', NULL, 's', '0'),
(4204, '10', '079-Champ libre 032', NULL, 'QC1_BUD_UDF_032', '0', '1', '0', NULL, 's', '0'),
(4205, '10', '080-Champ libre 033', NULL, 'QC1_BUD_UDF_033', '0', '1', '0', NULL, 's', '0'),
(4206, '10', '081-Champ libre 034', NULL, 'QC1_BUD_UDF_034', '0', '1', '0', NULL, 's', '0'),
(4207, '10', '082-Champ libre 035', NULL, 'QC1_BUD_UDF_035', '0', '1', '0', NULL, 's', '0'),
(4208, '10', '083-Champ libre 036', NULL, 'QC1_BUD_UDF_036', '0', '1', '0', NULL, 's', '0'),
(4209, '10', '084-Champ libre 037', NULL, 'QC1_BUD_UDF_037', '0', '1', '0', NULL, 's', '0'),
(4210, '10', '085-Champ libre 038', NULL, 'QC1_BUD_UDF_038', '0', '1', '0', NULL, 's', '0'),
(4211, '10', '086-Champ libre 039', NULL, 'QC1_BUD_UDF_039', '0', '1', '0', NULL, 's', '0'),
(4212, '10', '087-Champ libre 040', NULL, 'QC1_BUD_UDF_040', '0', '1', '0', NULL, 's', '0'),
(4213, '10', '088-Champ libre 041', NULL, 'QC1_BUD_UDF_041', '0', '1', '0', NULL, 's', '0'),
(4214, '10', '089-Champ libre 042', NULL, 'QC1_BUD_UDF_042', '0', '1', '0', NULL, 's', '0'),
(4215, '10', '090-Champ libre 043', NULL, 'QC1_BUD_UDF_043', '0', '1', '0', NULL, 's', '0'),
(4216, '10', '091-Champ libre 044', NULL, 'QC1_BUD_UDF_044', '0', '1', '0', NULL, 's', '0'),
(4217, '10', '092-Champ libre 045', NULL, 'QC1_BUD_UDF_045', '0', '1', '0', NULL, 's', '0'),
(4218, '10', '093-Champ libre 046', NULL, 'QC1_BUD_UDF_046', '0', '1', '0', NULL, 's', '0'),
(4219, '10', '094-Champ libre 047', NULL, 'QC1_BUD_UDF_047', '0', '1', '0', NULL, 's', '0'),
(4220, '10', '095-Champ libre 048', NULL, 'QC1_BUD_UDF_048', '0', '1', '0', NULL, 's', '0'),
(4221, '10', '096-Champ libre 049', NULL, 'QC1_BUD_UDF_049', '0', '1', '0', NULL, 's', '0'),
(4222, '10', '097-Champ libre 050', NULL, 'QC1_BUD_UDF_050', '0', '1', '0', NULL, 's', '0'),
(4223, '10', '098-Champ libre 051', NULL, 'QC1_BUD_UDF_051', '0', '1', '0', NULL, 's', '0'),
(4224, '10', '099-Champ libre 052', NULL, 'QC1_BUD_UDF_052', '0', '1', '0', NULL, 's', '0'),
(4225, '10', '100-Champ libre 053', NULL, 'QC1_BUD_UDF_053', '0', '1', '0', NULL, 's', '0'),
(4226, '10', '101-Champ libre 054', NULL, 'QC1_BUD_UDF_054', '0', '1', '0', NULL, 's', '0'),
(4227, '10', '102-Champ libre 055', NULL, 'QC1_BUD_UDF_055', '0', '1', '0', NULL, 's', '0'),
(4228, '10', '103-Champ libre 056', NULL, 'QC1_BUD_UDF_056', '0', '1', '0', NULL, 's', '0'),
(4229, '10', '104-Champ libre 057', NULL, 'QC1_BUD_UDF_057', '0', '1', '0', NULL, 's', '0'),
(4230, '10', '105-Champ libre 058', NULL, 'QC1_BUD_UDF_058', '0', '1', '0', NULL, 's', '0'),
(4231, '10', '106-Champ libre 059', NULL, 'QC1_BUD_UDF_059', '0', '1', '0', NULL, 's', '0'),
(4232, '10', '107-Champ libre 060', NULL, 'QC1_BUD_UDF_060', '0', '1', '0', NULL, 's', '0'),
(4233, '10', '108-Champ libre 061', NULL, 'QC1_BUD_UDF_061', '0', '1', '0', NULL, 's', '0'),
(4234, '10', '109-Champ libre 062', NULL, 'QC1_BUD_UDF_062', '0', '1', '0', NULL, 's', '0'),
(4235, '10', '110-Champ libre 063', NULL, 'QC1_BUD_UDF_063', '0', '1', '0', NULL, 's', '0'),
(4236, '10', '111-Champ libre 064', NULL, 'QC1_BUD_UDF_064', '0', '1', '0', NULL, 's', '0'),
(4237, '10', '112-Champ libre 065', NULL, 'QC1_BUD_UDF_065', '0', '1', '0', NULL, 's', '0'),
(4238, '10', '113-Champ libre 066', NULL, 'QC1_BUD_UDF_066', '0', '1', '0', NULL, 's', '0'),
(4239, '10', '114-Champ libre 067', NULL, 'QC1_BUD_UDF_067', '0', '1', '0', NULL, 's', '0'),
(4240, '10', '115-Champ libre 068', NULL, 'QC1_BUD_UDF_068', '0', '1', '0', NULL, 's', '0'),
(4241, '10', '116-Champ libre 069', NULL, 'QC1_BUD_UDF_069', '0', '1', '0', NULL, 's', '0'),
(4242, '10', '117-Champ libre 070', NULL, 'QC1_BUD_UDF_070', '0', '1', '0', NULL, 's', '0'),
(4243, '10', '118-Champ libre 071', NULL, 'QC1_BUD_UDF_071', '0', '1', '0', NULL, 's', '0'),
(4244, '10', '119-Champ libre 072', NULL, 'QC1_BUD_UDF_072', '0', '1', '0', NULL, 's', '0'),
(4245, '10', '120-Champ libre 073', NULL, 'QC1_BUD_UDF_073', '0', '1', '0', NULL, 's', '0'),
(4246, '10', '121-Champ libre 074', NULL, 'QC1_BUD_UDF_074', '0', '1', '0', NULL, 's', '0'),
(4247, '10', '122-Champ libre 075', NULL, 'QC1_BUD_UDF_075', '0', '1', '0', NULL, 's', '0'),
(4248, '10', '123-Champ libre 076', NULL, 'QC1_BUD_UDF_076', '0', '1', '0', NULL, 's', '0'),
(4249, '10', '124-Champ libre 077', NULL, 'QC1_BUD_UDF_077', '0', '1', '0', NULL, 's', '0'),
(4250, '10', '125-Champ libre 078', NULL, 'QC1_BUD_UDF_078', '0', '1', '0', NULL, 's', '0'),
(4251, '10', '126-Champ libre 079', NULL, 'QC1_BUD_UDF_079', '0', '1', '0', NULL, 's', '0'),
(4252, '10', '127-Champ libre 080', NULL, 'QC1_BUD_UDF_080', '0', '1', '0', NULL, 's', '0'),
(4253, '10', '128-Champ libre 081', NULL, 'QC1_BUD_UDF_081', '0', '1', '0', NULL, 's', '0'),
(4254, '10', '129-Champ libre 082', NULL, 'QC1_BUD_UDF_082', '0', '1', '0', NULL, 's', '0'),
(4255, '10', '130-Champ libre 083', NULL, 'QC1_BUD_UDF_083', '0', '1', '0', NULL, 's', '0'),
(4256, '10', '131-Champ libre 084', NULL, 'QC1_BUD_UDF_084', '0', '1', '0', NULL, 's', '0'),
(4257, '10', '132-Champ libre 085', NULL, 'QC1_BUD_UDF_085', '0', '1', '0', NULL, 's', '0'),
(4258, '10', '133-Champ libre 086', NULL, 'QC1_BUD_UDF_086', '0', '1', '0', NULL, 's', '0'),
(4259, '10', '134-Champ libre 087', NULL, 'QC1_BUD_UDF_087', '0', '1', '0', NULL, 's', '0'),
(4260, '10', '135-Champ libre 088', NULL, 'QC1_BUD_UDF_088', '0', '1', '0', NULL, 's', '0'),
(4261, '10', '136-Champ libre 089', NULL, 'QC1_BUD_UDF_089', '0', '1', '0', NULL, 's', '0'),
(4262, '10', '137-Champ libre 090', NULL, 'QC1_BUD_UDF_090', '0', '1', '0', NULL, 's', '0'),
(4263, '10', '138-Champ libre 091', NULL, 'QC1_BUD_UDF_091', '0', '1', '0', NULL, 's', '0'),
(4264, '10', '139-Champ libre 092', NULL, 'QC1_BUD_UDF_092', '0', '1', '0', NULL, 's', '0'),
(4265, '10', '140-Champ libre 093', NULL, 'QC1_BUD_UDF_093', '0', '1', '0', NULL, 's', '0'),
(4266, '10', '141-Champ libre 094', NULL, 'QC1_BUD_UDF_094', '0', '1', '0', NULL, 's', '0'),
(4267, '10', '142-Champ libre 095', NULL, 'QC1_BUD_UDF_095', '0', '1', '0', NULL, 's', '0'),
(4268, '10', '143-Champ libre 096', NULL, 'QC1_BUD_UDF_096', '0', '1', '0', NULL, 's', '0'),
(4269, '10', '144-Champ libre 097', NULL, 'QC1_BUD_UDF_097', '0', '1', '0', NULL, 's', '0'),
(4270, '10', '145-Champ libre 098', NULL, 'QC1_BUD_UDF_098', '0', '1', '0', NULL, 's', '0'),
(4271, '10', '146-Champ libre 099', NULL, 'QC1_BUD_UDF_099', '0', '1', '0', NULL, 's', '0'),
(4272, '10', '147-Champ libre 100', NULL, 'QC1_BUD_UDF_100', '0', '1', '0', NULL, 's', '0'),
(4273, '11', '028-Champ libre 021', NULL, 'QC1_ABS_UDF_021', '0', '1', '0', NULL, 's', '0'),
(4274, '11', '029-Champ libre 022', NULL, 'QC1_ABS_UDF_022', '0', '1', '0', NULL, 's', '0'),
(4275, '11', '030-Champ libre 023', NULL, 'QC1_ABS_UDF_023', '0', '1', '0', NULL, 's', '0'),
(4276, '11', '031-Champ libre 024', NULL, 'QC1_ABS_UDF_024', '0', '1', '0', NULL, 's', '0'),
(4277, '11', '032-Champ libre 025', NULL, 'QC1_ABS_UDF_025', '0', '1', '0', NULL, 's', '0'),
(4278, '11', '033-Champ libre 026', NULL, 'QC1_ABS_UDF_026', '0', '1', '0', NULL, 's', '0'),
(4279, '11', '034-Champ libre 027', NULL, 'QC1_ABS_UDF_027', '0', '1', '0', NULL, 's', '0'),
(4280, '11', '035-Champ libre 028', NULL, 'QC1_ABS_UDF_028', '0', '1', '0', NULL, 's', '0'),
(4281, '11', '036-Champ libre 029', NULL, 'QC1_ABS_UDF_029', '0', '1', '0', NULL, 's', '0'),
(4282, '11', '037-Champ libre 030', NULL, 'QC1_ABS_UDF_030', '0', '1', '0', NULL, 's', '0'),
(4283, '11', '038-Champ libre 031', NULL, 'QC1_ABS_UDF_031', '0', '1', '0', NULL, 's', '0'),
(4284, '11', '039-Champ libre 032', NULL, 'QC1_ABS_UDF_032', '0', '1', '0', NULL, 's', '0'),
(4285, '11', '040-Champ libre 033', NULL, 'QC1_ABS_UDF_033', '0', '1', '0', NULL, 's', '0'),
(4286, '11', '041-Champ libre 034', NULL, 'QC1_ABS_UDF_034', '0', '1', '0', NULL, 's', '0'),
(4287, '11', '042-Champ libre 035', NULL, 'QC1_ABS_UDF_035', '0', '1', '0', NULL, 's', '0'),
(4288, '11', '043-Champ libre 036', NULL, 'QC1_ABS_UDF_036', '0', '1', '0', NULL, 's', '0'),
(4289, '11', '044-Champ libre 037', NULL, 'QC1_ABS_UDF_037', '0', '1', '0', NULL, 's', '0'),
(4290, '11', '045-Champ libre 038', NULL, 'QC1_ABS_UDF_038', '0', '1', '0', NULL, 's', '0'),
(4291, '11', '046-Champ libre 039', NULL, 'QC1_ABS_UDF_039', '0', '1', '0', NULL, 's', '0'),
(4292, '11', '047-Champ libre 040', NULL, 'QC1_ABS_UDF_040', '0', '1', '0', NULL, 's', '0'),
(4293, '11', '048-Champ libre 041', NULL, 'QC1_ABS_UDF_041', '0', '1', '0', NULL, 's', '0'),
(4294, '11', '049-Champ libre 042', NULL, 'QC1_ABS_UDF_042', '0', '1', '0', NULL, 's', '0'),
(4295, '11', '050-Champ libre 043', NULL, 'QC1_ABS_UDF_043', '0', '1', '0', NULL, 's', '0'),
(4296, '11', '051-Champ libre 044', NULL, 'QC1_ABS_UDF_044', '0', '1', '0', NULL, 's', '0'),
(4297, '11', '052-Champ libre 045', NULL, 'QC1_ABS_UDF_045', '0', '1', '0', NULL, 's', '0'),
(4298, '11', '053-Champ libre 046', NULL, 'QC1_ABS_UDF_046', '0', '1', '0', NULL, 's', '0'),
(4299, '11', '054-Champ libre 047', NULL, 'QC1_ABS_UDF_047', '0', '1', '0', NULL, 's', '0'),
(4300, '11', '055-Champ libre 048', NULL, 'QC1_ABS_UDF_048', '0', '1', '0', NULL, 's', '0'),
(4301, '11', '056-Champ libre 049', NULL, 'QC1_ABS_UDF_049', '0', '1', '0', NULL, 's', '0'),
(4302, '11', '057-Champ libre 050', NULL, 'QC1_ABS_UDF_050', '0', '1', '0', NULL, 's', '0'),
(4303, '11', '058-Champ libre 051', NULL, 'QC1_ABS_UDF_051', '0', '1', '0', NULL, 's', '0'),
(4304, '11', '059-Champ libre 052', NULL, 'QC1_ABS_UDF_052', '0', '1', '0', NULL, 's', '0'),
(4305, '11', '060-Champ libre 053', NULL, 'QC1_ABS_UDF_053', '0', '1', '0', NULL, 's', '0'),
(4306, '11', '061-Champ libre 054', NULL, 'QC1_ABS_UDF_054', '0', '1', '0', NULL, 's', '0'),
(4307, '11', '062-Champ libre 055', NULL, 'QC1_ABS_UDF_055', '0', '1', '0', NULL, 's', '0'),
(4308, '11', '063-Champ libre 056', NULL, 'QC1_ABS_UDF_056', '0', '1', '0', NULL, 's', '0'),
(4309, '11', '064-Champ libre 057', NULL, 'QC1_ABS_UDF_057', '0', '1', '0', NULL, 's', '0'),
(4310, '11', '065-Champ libre 058', NULL, 'QC1_ABS_UDF_058', '0', '1', '0', NULL, 's', '0'),
(4311, '11', '066-Champ libre 059', NULL, 'QC1_ABS_UDF_059', '0', '1', '0', NULL, 's', '0'),
(4312, '11', '067-Champ libre 060', NULL, 'QC1_ABS_UDF_060', '0', '1', '0', NULL, 's', '0'),
(4313, '11', '068-Champ libre 061', NULL, 'QC1_ABS_UDF_061', '0', '1', '0', NULL, 's', '0'),
(4314, '11', '069-Champ libre 062', NULL, 'QC1_ABS_UDF_062', '0', '1', '0', NULL, 's', '0'),
(4315, '11', '070-Champ libre 063', NULL, 'QC1_ABS_UDF_063', '0', '1', '0', NULL, 's', '0'),
(4316, '11', '071-Champ libre 064', NULL, 'QC1_ABS_UDF_064', '0', '1', '0', NULL, 's', '0'),
(4317, '11', '072-Champ libre 065', NULL, 'QC1_ABS_UDF_065', '0', '1', '0', NULL, 's', '0'),
(4318, '11', '073-Champ libre 066', NULL, 'QC1_ABS_UDF_066', '0', '1', '0', NULL, 's', '0'),
(4319, '11', '074-Champ libre 067', NULL, 'QC1_ABS_UDF_067', '0', '1', '0', NULL, 's', '0'),
(4320, '11', '075-Champ libre 068', NULL, 'QC1_ABS_UDF_068', '0', '1', '0', NULL, 's', '0'),
(4321, '11', '076-Champ libre 069', NULL, 'QC1_ABS_UDF_069', '0', '1', '0', NULL, 's', '0'),
(4322, '11', '077-Champ libre 070', NULL, 'QC1_ABS_UDF_070', '0', '1', '0', NULL, 's', '0'),
(4323, '11', '078-Champ libre 071', NULL, 'QC1_ABS_UDF_071', '0', '1', '0', NULL, 's', '0'),
(4324, '11', '079-Champ libre 072', NULL, 'QC1_ABS_UDF_072', '0', '1', '0', NULL, 's', '0'),
(4325, '11', '080-Champ libre 073', NULL, 'QC1_ABS_UDF_073', '0', '1', '0', NULL, 's', '0'),
(4326, '11', '081-Champ libre 074', NULL, 'QC1_ABS_UDF_074', '0', '1', '0', NULL, 's', '0'),
(4327, '11', '082-Champ libre 075', NULL, 'QC1_ABS_UDF_075', '0', '1', '0', NULL, 's', '0'),
(4328, '11', '083-Champ libre 076', NULL, 'QC1_ABS_UDF_076', '0', '1', '0', NULL, 's', '0'),
(4329, '11', '084-Champ libre 077', NULL, 'QC1_ABS_UDF_077', '0', '1', '0', NULL, 's', '0'),
(4330, '11', '085-Champ libre 078', NULL, 'QC1_ABS_UDF_078', '0', '1', '0', NULL, 's', '0'),
(4331, '11', '086-Champ libre 079', NULL, 'QC1_ABS_UDF_079', '0', '1', '0', NULL, 's', '0'),
(4332, '11', '087-Champ libre 080', NULL, 'QC1_ABS_UDF_080', '0', '1', '0', NULL, 's', '0'),
(4333, '11', '088-Champ libre 081', NULL, 'QC1_ABS_UDF_081', '0', '1', '0', NULL, 's', '0'),
(4334, '11', '089-Champ libre 082', NULL, 'QC1_ABS_UDF_082', '0', '1', '0', NULL, 's', '0'),
(4335, '11', '090-Champ libre 083', NULL, 'QC1_ABS_UDF_083', '0', '1', '0', NULL, 's', '0'),
(4336, '11', '091-Champ libre 084', NULL, 'QC1_ABS_UDF_084', '0', '1', '0', NULL, 's', '0'),
(4337, '11', '092-Champ libre 085', NULL, 'QC1_ABS_UDF_085', '0', '1', '0', NULL, 's', '0'),
(4338, '11', '093-Champ libre 086', NULL, 'QC1_ABS_UDF_086', '0', '1', '0', NULL, 's', '0'),
(4339, '11', '094-Champ libre 087', NULL, 'QC1_ABS_UDF_087', '0', '1', '0', NULL, 's', '0'),
(4340, '11', '095-Champ libre 088', NULL, 'QC1_ABS_UDF_088', '0', '1', '0', NULL, 's', '0'),
(4341, '11', '096-Champ libre 089', NULL, 'QC1_ABS_UDF_089', '0', '1', '0', NULL, 's', '0'),
(4342, '11', '097-Champ libre 090', NULL, 'QC1_ABS_UDF_090', '0', '1', '0', NULL, 's', '0'),
(4343, '11', '098-Champ libre 091', NULL, 'QC1_ABS_UDF_091', '0', '1', '0', NULL, 's', '0'),
(4344, '11', '099-Champ libre 092', NULL, 'QC1_ABS_UDF_092', '0', '1', '0', NULL, 's', '0'),
(4345, '11', '100-Champ libre 093', NULL, 'QC1_ABS_UDF_093', '0', '1', '0', NULL, 's', '0'),
(4346, '11', '101-Champ libre 094', NULL, 'QC1_ABS_UDF_094', '0', '1', '0', NULL, 's', '0'),
(4347, '11', '102-Champ libre 095', NULL, 'QC1_ABS_UDF_095', '0', '1', '0', NULL, 's', '0'),
(4348, '11', '103-Champ libre 096', NULL, 'QC1_ABS_UDF_096', '0', '1', '0', NULL, 's', '0'),
(4349, '11', '104-Champ libre 097', NULL, 'QC1_ABS_UDF_097', '0', '1', '0', NULL, 's', '0'),
(4350, '11', '105-Champ libre 098', NULL, 'QC1_ABS_UDF_098', '0', '1', '0', NULL, 's', '0'),
(4351, '11', '106-Champ libre 099', NULL, 'QC1_ABS_UDF_099', '0', '1', '0', NULL, 's', '0'),
(4352, '11', '107-Champ libre 100', NULL, 'QC1_ABS_UDF_100', '0', '1', '0', NULL, 's', '0'),
(4353, '13', '032-Champ libre 021', NULL, 'QC1_PRI_UDF_021', '0', '1', '0', NULL, 's', '0'),
(4354, '13', '033-Champ libre 022', NULL, 'QC1_PRI_UDF_022', '0', '1', '0', NULL, 's', '0'),
(4355, '13', '034-Champ libre 023', NULL, 'QC1_PRI_UDF_023', '0', '1', '0', NULL, 's', '0'),
(4356, '13', '035-Champ libre 024', NULL, 'QC1_PRI_UDF_024', '0', '1', '0', NULL, 's', '0'),
(4357, '13', '036-Champ libre 025', NULL, 'QC1_PRI_UDF_025', '0', '1', '0', NULL, 's', '0'),
(4358, '13', '037-Champ libre 026', NULL, 'QC1_PRI_UDF_026', '0', '1', '0', NULL, 's', '0'),
(4359, '13', '038-Champ libre 027', NULL, 'QC1_PRI_UDF_027', '0', '1', '0', NULL, 's', '0'),
(4360, '13', '039-Champ libre 028', NULL, 'QC1_PRI_UDF_028', '0', '1', '0', NULL, 's', '0'),
(4361, '13', '040-Champ libre 029', NULL, 'QC1_PRI_UDF_029', '0', '1', '0', NULL, 's', '0'),
(4362, '13', '041-Champ libre 030', NULL, 'QC1_PRI_UDF_030', '0', '1', '0', NULL, 's', '0'),
(4363, '13', '042-Champ libre 031', NULL, 'QC1_PRI_UDF_031', '0', '1', '0', NULL, 's', '0'),
(4364, '13', '043-Champ libre 032', NULL, 'QC1_PRI_UDF_032', '0', '1', '0', NULL, 's', '0'),
(4365, '13', '044-Champ libre 033', NULL, 'QC1_PRI_UDF_033', '0', '1', '0', NULL, 's', '0'),
(4366, '13', '045-Champ libre 034', NULL, 'QC1_PRI_UDF_034', '0', '1', '0', NULL, 's', '0'),
(4367, '13', '046-Champ libre 035', NULL, 'QC1_PRI_UDF_035', '0', '1', '0', NULL, 's', '0'),
(4368, '13', '047-Champ libre 036', NULL, 'QC1_PRI_UDF_036', '0', '1', '0', NULL, 's', '0'),
(4369, '13', '048-Champ libre 037', NULL, 'QC1_PRI_UDF_037', '0', '1', '0', NULL, 's', '0'),
(4370, '13', '049-Champ libre 038', NULL, 'QC1_PRI_UDF_038', '0', '1', '0', NULL, 's', '0'),
(4371, '13', '050-Champ libre 039', NULL, 'QC1_PRI_UDF_039', '0', '1', '0', NULL, 's', '0'),
(4372, '13', '051-Champ libre 040', NULL, 'QC1_PRI_UDF_040', '0', '1', '0', NULL, 's', '0'),
(4373, '13', '052-Champ libre 041', NULL, 'QC1_PRI_UDF_041', '0', '1', '0', NULL, 's', '0'),
(4374, '13', '053-Champ libre 042', NULL, 'QC1_PRI_UDF_042', '0', '1', '0', NULL, 's', '0'),
(4375, '13', '054-Champ libre 043', NULL, 'QC1_PRI_UDF_043', '0', '1', '0', NULL, 's', '0'),
(4376, '13', '055-Champ libre 044', NULL, 'QC1_PRI_UDF_044', '0', '1', '0', NULL, 's', '0'),
(4377, '13', '056-Champ libre 045', NULL, 'QC1_PRI_UDF_045', '0', '1', '0', NULL, 's', '0');
INSERT INTO `QC1_REP_QDD_ATTRIBUTE` (`CODE_ATTRIBUTE`, `CODE_DOMAIN`, `NAME_ATTRIBUTE`, `DESC_ATTRIBUTE`, `FIELD_NAME`, `FLG_LOCKED`, `FLG_CUSTOM`, `FLG_LOV`, `FIELD_CODE`, `TYPE_ATTRIBUTE`, `FLG_TKH`) VALUES
(4378, '13', '057-Champ libre 046', NULL, 'QC1_PRI_UDF_046', '0', '1', '0', NULL, 's', '0'),
(4379, '13', '058-Champ libre 047', NULL, 'QC1_PRI_UDF_047', '0', '1', '0', NULL, 's', '0'),
(4380, '13', '059-Champ libre 048', NULL, 'QC1_PRI_UDF_048', '0', '1', '0', NULL, 's', '0'),
(4381, '13', '060-Champ libre 049', NULL, 'QC1_PRI_UDF_049', '0', '1', '0', NULL, 's', '0'),
(4382, '13', '061-Champ libre 050', NULL, 'QC1_PRI_UDF_050', '0', '1', '0', NULL, 's', '0'),
(4383, '13', '062-Champ libre 051', NULL, 'QC1_PRI_UDF_051', '0', '1', '0', NULL, 's', '0'),
(4384, '13', '063-Champ libre 052', NULL, 'QC1_PRI_UDF_052', '0', '1', '0', NULL, 's', '0'),
(4385, '13', '064-Champ libre 053', NULL, 'QC1_PRI_UDF_053', '0', '1', '0', NULL, 's', '0'),
(4386, '13', '065-Champ libre 054', NULL, 'QC1_PRI_UDF_054', '0', '1', '0', NULL, 's', '0'),
(4387, '13', '066-Champ libre 055', NULL, 'QC1_PRI_UDF_055', '0', '1', '0', NULL, 's', '0'),
(4388, '13', '067-Champ libre 056', NULL, 'QC1_PRI_UDF_056', '0', '1', '0', NULL, 's', '0'),
(4389, '13', '068-Champ libre 057', NULL, 'QC1_PRI_UDF_057', '0', '1', '0', NULL, 's', '0'),
(4390, '13', '069-Champ libre 058', NULL, 'QC1_PRI_UDF_058', '0', '1', '0', NULL, 's', '0'),
(4391, '13', '070-Champ libre 059', NULL, 'QC1_PRI_UDF_059', '0', '1', '0', NULL, 's', '0'),
(4392, '13', '071-Champ libre 060', NULL, 'QC1_PRI_UDF_060', '0', '1', '0', NULL, 's', '0'),
(4393, '13', '072-Champ libre 061', NULL, 'QC1_PRI_UDF_061', '0', '1', '0', NULL, 's', '0'),
(4394, '13', '073-Champ libre 062', NULL, 'QC1_PRI_UDF_062', '0', '1', '0', NULL, 's', '0'),
(4395, '13', '074-Champ libre 063', NULL, 'QC1_PRI_UDF_063', '0', '1', '0', NULL, 's', '0'),
(4396, '13', '075-Champ libre 064', NULL, 'QC1_PRI_UDF_064', '0', '1', '0', NULL, 's', '0'),
(4397, '13', '076-Champ libre 065', NULL, 'QC1_PRI_UDF_065', '0', '1', '0', NULL, 's', '0'),
(4398, '13', '077-Champ libre 066', NULL, 'QC1_PRI_UDF_066', '0', '1', '0', NULL, 's', '0'),
(4399, '13', '078-Champ libre 067', NULL, 'QC1_PRI_UDF_067', '0', '1', '0', NULL, 's', '0'),
(4400, '13', '079-Champ libre 068', NULL, 'QC1_PRI_UDF_068', '0', '1', '0', NULL, 's', '0'),
(4401, '13', '080-Champ libre 069', NULL, 'QC1_PRI_UDF_069', '0', '1', '0', NULL, 's', '0'),
(4402, '13', '081-Champ libre 070', NULL, 'QC1_PRI_UDF_070', '0', '1', '0', NULL, 's', '0'),
(4403, '13', '082-Champ libre 071', NULL, 'QC1_PRI_UDF_071', '0', '1', '0', NULL, 's', '0'),
(4404, '13', '083-Champ libre 072', NULL, 'QC1_PRI_UDF_072', '0', '1', '0', NULL, 's', '0'),
(4405, '13', '084-Champ libre 073', NULL, 'QC1_PRI_UDF_073', '0', '1', '0', NULL, 's', '0'),
(4406, '13', '085-Champ libre 074', NULL, 'QC1_PRI_UDF_074', '0', '1', '0', NULL, 's', '0'),
(4407, '13', '086-Champ libre 075', NULL, 'QC1_PRI_UDF_075', '0', '1', '0', NULL, 's', '0'),
(4408, '13', '087-Champ libre 076', NULL, 'QC1_PRI_UDF_076', '0', '1', '0', NULL, 's', '0'),
(4409, '13', '088-Champ libre 077', NULL, 'QC1_PRI_UDF_077', '0', '1', '0', NULL, 's', '0'),
(4410, '13', '089-Champ libre 078', NULL, 'QC1_PRI_UDF_078', '0', '1', '0', NULL, 's', '0'),
(4411, '13', '090-Champ libre 079', NULL, 'QC1_PRI_UDF_079', '0', '1', '0', NULL, 's', '0'),
(4412, '13', '091-Champ libre 080', NULL, 'QC1_PRI_UDF_080', '0', '1', '0', NULL, 's', '0'),
(4413, '13', '092-Champ libre 081', NULL, 'QC1_PRI_UDF_081', '0', '1', '0', NULL, 's', '0'),
(4414, '13', '093-Champ libre 082', NULL, 'QC1_PRI_UDF_082', '0', '1', '0', NULL, 's', '0'),
(4415, '13', '094-Champ libre 083', NULL, 'QC1_PRI_UDF_083', '0', '1', '0', NULL, 's', '0'),
(4416, '13', '095-Champ libre 084', NULL, 'QC1_PRI_UDF_084', '0', '1', '0', NULL, 's', '0'),
(4417, '13', '096-Champ libre 085', NULL, 'QC1_PRI_UDF_085', '0', '1', '0', NULL, 's', '0'),
(4418, '13', '097-Champ libre 086', NULL, 'QC1_PRI_UDF_086', '0', '1', '0', NULL, 's', '0'),
(4419, '13', '098-Champ libre 087', NULL, 'QC1_PRI_UDF_087', '0', '1', '0', NULL, 's', '0'),
(4420, '13', '099-Champ libre 088', NULL, 'QC1_PRI_UDF_088', '0', '1', '0', NULL, 's', '0'),
(4421, '13', '100-Champ libre 089', NULL, 'QC1_PRI_UDF_089', '0', '1', '0', NULL, 's', '0'),
(4422, '13', '101-Champ libre 090', NULL, 'QC1_PRI_UDF_090', '0', '1', '0', NULL, 's', '0'),
(4423, '13', '102-Champ libre 091', NULL, 'QC1_PRI_UDF_091', '0', '1', '0', NULL, 's', '0'),
(4424, '13', '103-Champ libre 092', NULL, 'QC1_PRI_UDF_092', '0', '1', '0', NULL, 's', '0'),
(4425, '13', '104-Champ libre 093', NULL, 'QC1_PRI_UDF_093', '0', '1', '0', NULL, 's', '0'),
(4426, '13', '105-Champ libre 094', NULL, 'QC1_PRI_UDF_094', '0', '1', '0', NULL, 's', '0'),
(4427, '13', '106-Champ libre 095', NULL, 'QC1_PRI_UDF_095', '0', '1', '0', NULL, 's', '0'),
(4428, '13', '107-Champ libre 096', NULL, 'QC1_PRI_UDF_096', '0', '1', '0', NULL, 's', '0'),
(4429, '13', '108-Champ libre 097', NULL, 'QC1_PRI_UDF_097', '0', '1', '0', NULL, 's', '0'),
(4430, '13', '109-Champ libre 098', NULL, 'QC1_PRI_UDF_098', '0', '1', '0', NULL, 's', '0'),
(4431, '13', '110-Champ libre 099', NULL, 'QC1_PRI_UDF_099', '0', '1', '0', NULL, 's', '0'),
(4432, '13', '111-Champ libre 100', NULL, 'QC1_PRI_UDF_100', '0', '1', '0', NULL, 's', '0'),
(4433, '2', '088-Champ libre 041', NULL, 'QC1_EMP_UDF_041', '0', '1', '0', NULL, 's', '0'),
(4434, '2', '089-Champ libre 042', NULL, 'QC1_EMP_UDF_042', '0', '1', '0', NULL, 's', '0'),
(4435, '2', '090-Champ libre 043', NULL, 'QC1_EMP_UDF_043', '0', '1', '0', NULL, 's', '0'),
(4436, '2', '091-Champ libre 044', NULL, 'QC1_EMP_UDF_044', '0', '1', '0', NULL, 's', '0'),
(4437, '2', '092-Champ libre 045', NULL, 'QC1_EMP_UDF_045', '0', '1', '0', NULL, 's', '0'),
(4438, '2', '093-Champ libre 046', NULL, 'QC1_EMP_UDF_046', '0', '1', '0', NULL, 's', '0'),
(4439, '2', '094-Champ libre 047', NULL, 'QC1_EMP_UDF_047', '0', '1', '0', NULL, 's', '0'),
(4440, '2', '095-Champ libre 048', NULL, 'QC1_EMP_UDF_048', '0', '1', '0', NULL, 's', '0'),
(4441, '2', '096-Champ libre 049', NULL, 'QC1_EMP_UDF_049', '0', '1', '0', NULL, 's', '0'),
(4442, '2', '097-Champ libre 050', NULL, 'QC1_EMP_UDF_050', '0', '1', '0', NULL, 's', '0'),
(4443, '2', '098-Champ libre 051', NULL, 'QC1_EMP_UDF_051', '0', '1', '0', NULL, 's', '0'),
(4444, '2', '099-Champ libre 052', NULL, 'QC1_EMP_UDF_052', '0', '1', '0', NULL, 's', '0'),
(4445, '2', '100-Champ libre 053', NULL, 'QC1_EMP_UDF_053', '0', '1', '0', NULL, 's', '0'),
(4446, '2', '101-Champ libre 054', NULL, 'QC1_EMP_UDF_054', '0', '1', '0', NULL, 's', '0'),
(4447, '2', '102-Champ libre 055', NULL, 'QC1_EMP_UDF_055', '0', '1', '0', NULL, 's', '0'),
(4448, '2', '103-Champ libre 056', NULL, 'QC1_EMP_UDF_056', '0', '1', '0', NULL, 's', '0'),
(4449, '2', '104-Champ libre 057', NULL, 'QC1_EMP_UDF_057', '0', '1', '0', NULL, 's', '0'),
(4450, '2', '105-Champ libre 058', NULL, 'QC1_EMP_UDF_058', '0', '1', '0', NULL, 's', '0'),
(4451, '2', '106-Champ libre 059', NULL, 'QC1_EMP_UDF_059', '0', '1', '0', NULL, 's', '0'),
(4452, '2', '107-Champ libre 060', NULL, 'QC1_EMP_UDF_060', '0', '1', '0', NULL, 's', '0'),
(4453, '2', '108-Champ libre 061', NULL, 'QC1_EMP_UDF_061', '0', '1', '0', NULL, 's', '0'),
(4454, '2', '109-Champ libre 062', NULL, 'QC1_EMP_UDF_062', '0', '1', '0', NULL, 's', '0'),
(4455, '2', '110-Champ libre 063', NULL, 'QC1_EMP_UDF_063', '0', '1', '0', NULL, 's', '0'),
(4456, '2', '111-Champ libre 064', NULL, 'QC1_EMP_UDF_064', '0', '1', '0', NULL, 's', '0'),
(4457, '2', '112-Champ libre 065', NULL, 'QC1_EMP_UDF_065', '0', '1', '0', NULL, 's', '0'),
(4458, '2', '113-Champ libre 066', NULL, 'QC1_EMP_UDF_066', '0', '1', '0', NULL, 's', '0'),
(4459, '2', '114-Champ libre 067', NULL, 'QC1_EMP_UDF_067', '0', '1', '0', NULL, 's', '0'),
(4460, '2', '115-Champ libre 068', NULL, 'QC1_EMP_UDF_068', '0', '1', '0', NULL, 's', '0'),
(4461, '2', '116-Champ libre 069', NULL, 'QC1_EMP_UDF_069', '0', '1', '0', NULL, 's', '0'),
(4462, '2', '117-Champ libre 070', NULL, 'QC1_EMP_UDF_070', '0', '1', '0', NULL, 's', '0'),
(4463, '2', '118-Champ libre 071', NULL, 'QC1_EMP_UDF_071', '0', '1', '0', NULL, 's', '0'),
(4464, '2', '119-Champ libre 072', NULL, 'QC1_EMP_UDF_072', '0', '1', '0', NULL, 's', '0'),
(4465, '2', '120-Champ libre 073', NULL, 'QC1_EMP_UDF_073', '0', '1', '0', NULL, 's', '0'),
(4466, '2', '121-Champ libre 074', NULL, 'QC1_EMP_UDF_074', '0', '1', '0', NULL, 's', '0'),
(4467, '2', '122-Champ libre 075', NULL, 'QC1_EMP_UDF_075', '0', '1', '0', NULL, 's', '0'),
(4468, '2', '123-Champ libre 076', NULL, 'QC1_EMP_UDF_076', '0', '1', '0', NULL, 's', '0'),
(4469, '2', '124-Champ libre 077', NULL, 'QC1_EMP_UDF_077', '0', '1', '0', NULL, 's', '0'),
(4470, '2', '125-Champ libre 078', NULL, 'QC1_EMP_UDF_078', '0', '1', '0', NULL, 's', '0'),
(4471, '2', '126-Champ libre 079', NULL, 'QC1_EMP_UDF_079', '0', '1', '0', NULL, 's', '0'),
(4472, '2', '127-Champ libre 080', NULL, 'QC1_EMP_UDF_080', '0', '1', '0', NULL, 's', '0'),
(4473, '2', '128-Champ libre 081', NULL, 'QC1_EMP_UDF_081', '0', '1', '0', NULL, 's', '0'),
(4474, '2', '129-Champ libre 082', NULL, 'QC1_EMP_UDF_082', '0', '1', '0', NULL, 's', '0'),
(4475, '2', '130-Champ libre 083', NULL, 'QC1_EMP_UDF_083', '0', '1', '0', NULL, 's', '0'),
(4476, '2', '131-Champ libre 084', NULL, 'QC1_EMP_UDF_084', '0', '1', '0', NULL, 's', '0'),
(4477, '2', '132-Champ libre 085', NULL, 'QC1_EMP_UDF_085', '0', '1', '0', NULL, 's', '0'),
(4478, '2', '133-Champ libre 086', NULL, 'QC1_EMP_UDF_086', '0', '1', '0', NULL, 's', '0'),
(4479, '2', '134-Champ libre 087', NULL, 'QC1_EMP_UDF_087', '0', '1', '0', NULL, 's', '0'),
(4480, '2', '135-Champ libre 088', NULL, 'QC1_EMP_UDF_088', '0', '1', '0', NULL, 's', '0'),
(4481, '2', '136-Champ libre 089', NULL, 'QC1_EMP_UDF_089', '0', '1', '0', NULL, 's', '0'),
(4482, '2', '137-Champ libre 090', NULL, 'QC1_EMP_UDF_090', '0', '1', '0', NULL, 's', '0'),
(4483, '2', '138-Champ libre 091', NULL, 'QC1_EMP_UDF_091', '0', '1', '0', NULL, 's', '0'),
(4484, '2', '139-Champ libre 092', NULL, 'QC1_EMP_UDF_092', '0', '1', '0', NULL, 's', '0'),
(4485, '2', '140-Champ libre 093', NULL, 'QC1_EMP_UDF_093', '0', '1', '0', NULL, 's', '0'),
(4486, '2', '141-Champ libre 094', NULL, 'QC1_EMP_UDF_094', '0', '1', '0', NULL, 's', '0'),
(4487, '2', '142-Champ libre 095', NULL, 'QC1_EMP_UDF_095', '0', '1', '0', NULL, 's', '0'),
(4488, '2', '143-Champ libre 096', NULL, 'QC1_EMP_UDF_096', '0', '1', '0', NULL, 's', '0'),
(4489, '2', '144-Champ libre 097', NULL, 'QC1_EMP_UDF_097', '0', '1', '0', NULL, 's', '0'),
(4490, '2', '145-Champ libre 098', NULL, 'QC1_EMP_UDF_098', '0', '1', '0', NULL, 's', '0'),
(4491, '2', '146-Champ libre 099', NULL, 'QC1_EMP_UDF_099', '0', '1', '0', NULL, 's', '0'),
(4492, '2', '147-Champ libre 100', NULL, 'QC1_EMP_UDF_100', '0', '1', '0', NULL, 's', '0'),
(4493, '3', '155-Champ libre 061', NULL, 'QC1_CTR_UDF_061', '0', '1', '0', NULL, 's', '0'),
(4494, '3', '156-Champ libre 062', NULL, 'QC1_CTR_UDF_062', '0', '1', '0', NULL, 's', '0'),
(4495, '3', '157-Champ libre 063', NULL, 'QC1_CTR_UDF_063', '0', '1', '0', NULL, 's', '0'),
(4496, '3', '158-Champ libre 064', NULL, 'QC1_CTR_UDF_064', '0', '1', '0', NULL, 's', '0'),
(4497, '3', '159-Champ libre 065', NULL, 'QC1_CTR_UDF_065', '0', '1', '0', NULL, 's', '0'),
(4498, '3', '160-Champ libre 066', NULL, 'QC1_CTR_UDF_066', '0', '1', '0', NULL, 's', '0'),
(4499, '3', '161-Champ libre 067', NULL, 'QC1_CTR_UDF_067', '0', '1', '0', NULL, 's', '0'),
(4500, '3', '162-Champ libre 068', NULL, 'QC1_CTR_UDF_068', '0', '1', '0', NULL, 's', '0'),
(4501, '3', '163-Champ libre 069', NULL, 'QC1_CTR_UDF_069', '0', '1', '0', NULL, 's', '0'),
(4502, '3', '164-Champ libre 070', NULL, 'QC1_CTR_UDF_070', '0', '1', '0', NULL, 's', '0'),
(4503, '3', '165-Champ libre 071', NULL, 'QC1_CTR_UDF_071', '0', '1', '0', NULL, 's', '0'),
(4504, '3', '166-Champ libre 072', NULL, 'QC1_CTR_UDF_072', '0', '1', '0', NULL, 's', '0'),
(4505, '3', '167-Champ libre 073', NULL, 'QC1_CTR_UDF_073', '0', '1', '0', NULL, 's', '0'),
(4506, '3', '168-Champ libre 074', NULL, 'QC1_CTR_UDF_074', '0', '1', '0', NULL, 's', '0'),
(4507, '3', '169-Champ libre 075', NULL, 'QC1_CTR_UDF_075', '0', '1', '0', NULL, 's', '0'),
(4508, '3', '170-Champ libre 076', NULL, 'QC1_CTR_UDF_076', '0', '1', '0', NULL, 's', '0'),
(4509, '3', '171-Champ libre 077', NULL, 'QC1_CTR_UDF_077', '0', '1', '0', NULL, 's', '0'),
(4510, '3', '172-Champ libre 078', NULL, 'QC1_CTR_UDF_078', '0', '1', '0', NULL, 's', '0'),
(4511, '3', '173-Champ libre 079', NULL, 'QC1_CTR_UDF_079', '0', '1', '0', NULL, 's', '0'),
(4512, '3', '174-Champ libre 080', NULL, 'QC1_CTR_UDF_080', '0', '1', '0', NULL, 's', '0'),
(4513, '3', '175-Champ libre 081', NULL, 'QC1_CTR_UDF_081', '0', '1', '0', NULL, 's', '0'),
(4514, '3', '176-Champ libre 082', NULL, 'QC1_CTR_UDF_082', '0', '1', '0', NULL, 's', '0'),
(4515, '3', '177-Champ libre 083', NULL, 'QC1_CTR_UDF_083', '0', '1', '0', NULL, 's', '0'),
(4516, '3', '178-Champ libre 084', NULL, 'QC1_CTR_UDF_084', '0', '1', '0', NULL, 's', '0'),
(4517, '3', '179-Champ libre 085', NULL, 'QC1_CTR_UDF_085', '0', '1', '0', NULL, 's', '0'),
(4518, '3', '180-Champ libre 086', NULL, 'QC1_CTR_UDF_086', '0', '1', '0', NULL, 's', '0'),
(4519, '3', '181-Champ libre 087', NULL, 'QC1_CTR_UDF_087', '0', '1', '0', NULL, 's', '0'),
(4520, '3', '182-Champ libre 088', NULL, 'QC1_CTR_UDF_088', '0', '1', '0', NULL, 's', '0'),
(4521, '3', '183-Champ libre 089', NULL, 'QC1_CTR_UDF_089', '0', '1', '0', NULL, 's', '0'),
(4522, '3', '184-Champ libre 090', NULL, 'QC1_CTR_UDF_090', '0', '1', '0', NULL, 's', '0'),
(4523, '3', '185-Champ libre 091', NULL, 'QC1_CTR_UDF_091', '0', '1', '0', NULL, 's', '0'),
(4524, '3', '186-Champ libre 092', NULL, 'QC1_CTR_UDF_092', '0', '1', '0', NULL, 's', '0'),
(4525, '3', '187-Champ libre 093', NULL, 'QC1_CTR_UDF_093', '0', '1', '0', NULL, 's', '0'),
(4526, '3', '188-Champ libre 094', NULL, 'QC1_CTR_UDF_094', '0', '1', '0', NULL, 's', '0'),
(4527, '3', '189-Champ libre 095', NULL, 'QC1_CTR_UDF_095', '0', '1', '0', NULL, 's', '0'),
(4528, '3', '190-Champ libre 096', NULL, 'QC1_CTR_UDF_096', '0', '1', '0', NULL, 's', '0'),
(4529, '3', '191-Champ libre 097', NULL, 'QC1_CTR_UDF_097', '0', '1', '0', NULL, 's', '0'),
(4530, '3', '192-Champ libre 098', NULL, 'QC1_CTR_UDF_098', '0', '1', '0', NULL, 's', '0'),
(4531, '3', '193-Champ libre 099', NULL, 'QC1_CTR_UDF_099', '0', '1', '0', NULL, 's', '0'),
(4532, '3', '194-Champ libre 100', NULL, 'QC1_CTR_UDF_100', '0', '1', '0', NULL, 's', '0'),
(4533, '5', '149-Champ libre 061', NULL, 'QC1_CLS_UDF_061', '0', '1', '0', NULL, 's', '0'),
(4534, '5', '150-Champ libre 062', NULL, 'QC1_CLS_UDF_062', '0', '1', '0', NULL, 's', '0'),
(4535, '5', '151-Champ libre 063', NULL, 'QC1_CLS_UDF_063', '0', '1', '0', NULL, 's', '0'),
(4536, '5', '152-Champ libre 064', NULL, 'QC1_CLS_UDF_064', '0', '1', '0', NULL, 's', '0'),
(4537, '5', '153-Champ libre 065', NULL, 'QC1_CLS_UDF_065', '0', '1', '0', NULL, 's', '0'),
(4538, '5', '154-Champ libre 066', NULL, 'QC1_CLS_UDF_066', '0', '1', '0', NULL, 's', '0'),
(4539, '5', '155-Champ libre 067', NULL, 'QC1_CLS_UDF_067', '0', '1', '0', NULL, 's', '0'),
(4540, '5', '156-Champ libre 068', NULL, 'QC1_CLS_UDF_068', '0', '1', '0', NULL, 's', '0'),
(4541, '5', '157-Champ libre 069', NULL, 'QC1_CLS_UDF_069', '0', '1', '0', NULL, 's', '0'),
(4542, '5', '158-Champ libre 070', NULL, 'QC1_CLS_UDF_070', '0', '1', '0', NULL, 's', '0'),
(4543, '5', '159-Champ libre 071', NULL, 'QC1_CLS_UDF_071', '0', '1', '0', NULL, 's', '0'),
(4544, '5', '160-Champ libre 072', NULL, 'QC1_CLS_UDF_072', '0', '1', '0', NULL, 's', '0'),
(4545, '5', '161-Champ libre 073', NULL, 'QC1_CLS_UDF_073', '0', '1', '0', NULL, 's', '0'),
(4546, '5', '162-Champ libre 074', NULL, 'QC1_CLS_UDF_074', '0', '1', '0', NULL, 's', '0'),
(4547, '5', '163-Champ libre 075', NULL, 'QC1_CLS_UDF_075', '0', '1', '0', NULL, 's', '0'),
(4548, '5', '164-Champ libre 076', NULL, 'QC1_CLS_UDF_076', '0', '1', '0', NULL, 's', '0'),
(4549, '5', '165-Champ libre 077', NULL, 'QC1_CLS_UDF_077', '0', '1', '0', NULL, 's', '0'),
(4550, '5', '166-Champ libre 078', NULL, 'QC1_CLS_UDF_078', '0', '1', '0', NULL, 's', '0'),
(4551, '5', '167-Champ libre 079', NULL, 'QC1_CLS_UDF_079', '0', '1', '0', NULL, 's', '0'),
(4552, '5', '168-Champ libre 080', NULL, 'QC1_CLS_UDF_080', '0', '1', '0', NULL, 's', '0'),
(4553, '5', '169-Champ libre 081', NULL, 'QC1_CLS_UDF_081', '0', '1', '0', NULL, 's', '0'),
(4554, '5', '170-Champ libre 082', NULL, 'QC1_CLS_UDF_082', '0', '1', '0', NULL, 's', '0'),
(4555, '5', '171-Champ libre 083', NULL, 'QC1_CLS_UDF_083', '0', '1', '0', NULL, 's', '0'),
(4556, '5', '172-Champ libre 084', NULL, 'QC1_CLS_UDF_084', '0', '1', '0', NULL, 's', '0'),
(4557, '5', '173-Champ libre 085', NULL, 'QC1_CLS_UDF_085', '0', '1', '0', NULL, 's', '0'),
(4558, '5', '174-Champ libre 086', NULL, 'QC1_CLS_UDF_086', '0', '1', '0', NULL, 's', '0'),
(4559, '5', '175-Champ libre 087', NULL, 'QC1_CLS_UDF_087', '0', '1', '0', NULL, 's', '0'),
(4560, '5', '176-Champ libre 088', NULL, 'QC1_CLS_UDF_088', '0', '1', '0', NULL, 's', '0'),
(4561, '5', '177-Champ libre 089', NULL, 'QC1_CLS_UDF_089', '0', '1', '0', NULL, 's', '0'),
(4562, '5', '178-Champ libre 090', NULL, 'QC1_CLS_UDF_090', '0', '1', '0', NULL, 's', '0'),
(4563, '5', '179-Champ libre 091', NULL, 'QC1_CLS_UDF_091', '0', '1', '0', NULL, 's', '0'),
(4564, '5', '180-Champ libre 092', NULL, 'QC1_CLS_UDF_092', '0', '1', '0', NULL, 's', '0'),
(4565, '5', '181-Champ libre 093', NULL, 'QC1_CLS_UDF_093', '0', '1', '0', NULL, 's', '0'),
(4566, '5', '182-Champ libre 094', NULL, 'QC1_CLS_UDF_094', '0', '1', '0', NULL, 's', '0'),
(4567, '5', '183-Champ libre 095', NULL, 'QC1_CLS_UDF_095', '0', '1', '0', NULL, 's', '0'),
(4568, '5', '184-Champ libre 096', NULL, 'QC1_CLS_UDF_096', '0', '1', '0', NULL, 's', '0'),
(4569, '5', '185-Champ libre 097', NULL, 'QC1_CLS_UDF_097', '0', '1', '0', NULL, 's', '0'),
(4570, '5', '186-Champ libre 098', NULL, 'QC1_CLS_UDF_098', '0', '1', '0', NULL, 's', '0'),
(4571, '5', '187-Champ libre 099', NULL, 'QC1_CLS_UDF_099', '0', '1', '0', NULL, 's', '0'),
(4572, '5', '188-Champ libre 100', NULL, 'QC1_CLS_UDF_100', '0', '1', '0', NULL, 's', '0'),
(50572, '21', '001-Clé date', NULL, 'QC1_DAT_KEY', '0', '0', '0', NULL, 's', '0'),
(50573, '21', '001-Clé employé', NULL, 'QC1_EMP_KEY', '0', '0', '0', NULL, 's', '0'),
(50574, '21', '001-Valeur Ancienneté 001', NULL, 'QC1_SEN_VAL_001', '0', '1', '0', NULL, 's', '0'),
(50576, '21', '002-Valeur Ancienneté 002', NULL, 'QC1_SEN_VAL_002', '0', '1', '0', NULL, 's', '0'),
(50578, '21', '003-Valeur Ancienneté 003', NULL, 'QC1_SEN_VAL_003', '0', '1', '0', NULL, 's', '0'),
(50580, '21', '004-Valeur Ancienneté 004', NULL, 'QC1_SEN_VAL_004', '0', '1', '0', NULL, 's', '0'),
(50582, '21', '005-Valeur Ancienneté 005', NULL, 'QC1_SEN_VAL_005', '0', '1', '0', NULL, 's', '0'),
(50584, '21', '006-Valeur Ancienneté 006', NULL, 'QC1_SEN_VAL_006', '0', '1', '0', NULL, 's', '0'),
(50586, '21', '007-Valeur Ancienneté 007', NULL, 'QC1_SEN_VAL_007', '0', '1', '0', NULL, 's', '0'),
(50587, '21', '008-Valeur Ancienneté 008', NULL, 'QC1_SEN_VAL_008', '0', '1', '0', NULL, 's', '0'),
(50588, '21', '009-Valeur Ancienneté 009', NULL, 'QC1_SEN_VAL_009', '0', '1', '0', NULL, 's', '0'),
(50589, '21', '010-Valeur Ancienneté 010', NULL, 'QC1_SEN_VAL_010', '0', '1', '0', NULL, 's', '0'),
(50590, '21', '011-Valeur Ancienneté 011', NULL, 'QC1_SEN_VAL_011', '0', '1', '0', NULL, 's', '0'),
(50591, '21', '012-Valeur Ancienneté 012', NULL, 'QC1_SEN_VAL_012', '0', '1', '0', NULL, 's', '0'),
(50592, '21', '013-Valeur Ancienneté 013', NULL, 'QC1_SEN_VAL_013', '0', '1', '0', NULL, 's', '0'),
(50593, '21', '014-Valeur Ancienneté 014', NULL, 'QC1_SEN_VAL_014', '0', '1', '0', NULL, 's', '0'),
(50594, '21', '015-Valeur Ancienneté 015', NULL, 'QC1_SEN_VAL_015', '0', '1', '0', NULL, 's', '0'),
(50595, '21', '016-Valeur Ancienneté 016', NULL, 'QC1_SEN_VAL_016', '0', '1', '0', NULL, 's', '0'),
(50596, '21', '017-Valeur Ancienneté 017', NULL, 'QC1_SEN_VAL_017', '0', '1', '0', NULL, 's', '0'),
(50597, '21', '018-Valeur Ancienneté 018', NULL, 'QC1_SEN_VAL_018', '0', '1', '0', NULL, 's', '0'),
(50598, '21', '019-Valeur Ancienneté 019', NULL, 'QC1_SEN_VAL_019', '0', '1', '0', NULL, 's', '0'),
(50599, '21', '020-Valeur Ancienneté 020', NULL, 'QC1_SEN_VAL_020', '0', '1', '0', NULL, 's', '0'),
(50600, '21', '021-Valeur Ancienneté 021', NULL, 'QC1_SEN_VAL_021', '0', '1', '0', NULL, 's', '0'),
(50601, '21', '022-Valeur Ancienneté 022', NULL, 'QC1_SEN_VAL_022', '0', '1', '0', NULL, 's', '0'),
(50602, '21', '023-Valeur Ancienneté 023', NULL, 'QC1_SEN_VAL_023', '0', '1', '0', NULL, 's', '0'),
(50603, '21', '024-Valeur Ancienneté 024', NULL, 'QC1_SEN_VAL_024', '0', '1', '0', NULL, 's', '0'),
(50604, '21', '025-Valeur Ancienneté 025', NULL, 'QC1_SEN_VAL_025', '0', '1', '0', NULL, 's', '0'),
(50605, '21', '026-Valeur Ancienneté 026', NULL, 'QC1_SEN_VAL_026', '0', '1', '0', NULL, 's', '0'),
(50606, '21', '027-Valeur Ancienneté 027', NULL, 'QC1_SEN_VAL_027', '0', '1', '0', NULL, 's', '0'),
(50607, '21', '028-Valeur Ancienneté 028', NULL, 'QC1_SEN_VAL_028', '0', '1', '0', NULL, 's', '0'),
(50608, '21', '029-Valeur Ancienneté 029', NULL, 'QC1_SEN_VAL_029', '0', '1', '0', NULL, 's', '0'),
(50609, '21', '030-Valeur Ancienneté 030', NULL, 'QC1_SEN_VAL_030', '0', '1', '0', NULL, 's', '0'),
(50610, '21', '031-Valeur Ancienneté 031', NULL, 'QC1_SEN_VAL_031', '0', '1', '0', NULL, 's', '0'),
(50611, '21', '032-Valeur Ancienneté 032', NULL, 'QC1_SEN_VAL_032', '0', '1', '0', NULL, 's', '0'),
(50612, '21', '033-Valeur Ancienneté 033', NULL, 'QC1_SEN_VAL_033', '0', '1', '0', NULL, 's', '0'),
(50613, '21', '034-Valeur Ancienneté 034', NULL, 'QC1_SEN_VAL_034', '0', '1', '0', NULL, 's', '0'),
(50614, '21', '035-Valeur Ancienneté 035', NULL, 'QC1_SEN_VAL_035', '0', '1', '0', NULL, 's', '0'),
(50615, '21', '036-Valeur Ancienneté 036', NULL, 'QC1_SEN_VAL_036', '0', '1', '0', NULL, 's', '0'),
(50616, '21', '037-Valeur Ancienneté 037', NULL, 'QC1_SEN_VAL_037', '0', '1', '0', NULL, 's', '0'),
(50617, '21', '038-Valeur Ancienneté 038', NULL, 'QC1_SEN_VAL_038', '0', '1', '0', NULL, 's', '0'),
(50618, '21', '039-Valeur Ancienneté 039', NULL, 'QC1_SEN_VAL_039', '0', '1', '0', NULL, 's', '0'),
(50619, '21', '040-Valeur Ancienneté 040', NULL, 'QC1_SEN_VAL_040', '0', '1', '0', NULL, 's', '0'),
(50620, '21', '041-Valeur Ancienneté 041', NULL, 'QC1_SEN_VAL_041', '0', '1', '0', NULL, 's', '0'),
(50621, '21', '042-Valeur Ancienneté 042', NULL, 'QC1_SEN_VAL_042', '0', '1', '0', NULL, 's', '0'),
(50622, '21', '043-Valeur Ancienneté 043', NULL, 'QC1_SEN_VAL_043', '0', '1', '0', NULL, 's', '0'),
(50623, '21', '044-Valeur Ancienneté 044', NULL, 'QC1_SEN_VAL_044', '0', '1', '0', NULL, 's', '0'),
(50624, '21', '045-Valeur Ancienneté 045', NULL, 'QC1_SEN_VAL_045', '0', '1', '0', NULL, 's', '0'),
(50625, '21', '046-Valeur Ancienneté 046', NULL, 'QC1_SEN_VAL_046', '0', '1', '0', NULL, 's', '0'),
(50626, '21', '047-Valeur Ancienneté 047', NULL, 'QC1_SEN_VAL_047', '0', '1', '0', NULL, 's', '0'),
(50627, '21', '048-Valeur Ancienneté 048', NULL, 'QC1_SEN_VAL_048', '0', '1', '0', NULL, 's', '0'),
(50628, '21', '049-Valeur Ancienneté 049', NULL, 'QC1_SEN_VAL_049', '0', '1', '0', NULL, 's', '0'),
(50629, '21', '050-Valeur Ancienneté 050', NULL, 'QC1_SEN_VAL_050', '0', '1', '0', NULL, 's', '0'),
(50630, '21', '001-Tranche Ancienneté 001', NULL, 'QC1_SEN_SLC_001', '0', '0', '0', NULL, 's', '0'),
(50631, '21', '002-Tranche Ancienneté 002', NULL, 'QC1_SEN_SLC_002', '0', '0', '0', NULL, 's', '0'),
(50632, '21', '003-Tranche Ancienneté 003', NULL, 'QC1_SEN_SLC_003', '0', '0', '0', NULL, 's', '0'),
(50633, '21', '004-Tranche Ancienneté 004', NULL, 'QC1_SEN_SLC_004', '0', '0', '0', NULL, 's', '0'),
(50634, '21', '005-Tranche Ancienneté 005', NULL, 'QC1_SEN_SLC_005', '0', '0', '0', NULL, 's', '0'),
(50635, '21', '006-Tranche Ancienneté 006', NULL, 'QC1_SEN_SLC_006', '0', '0', '0', NULL, 's', '0'),
(50636, '21', '007-Tranche Ancienneté 007', NULL, 'QC1_SEN_SLC_007', '0', '0', '0', NULL, 's', '0'),
(50637, '21', '008-Tranche Ancienneté 008', NULL, 'QC1_SEN_SLC_008', '0', '0', '0', NULL, 's', '0'),
(50638, '21', '009-Tranche Ancienneté 009', NULL, 'QC1_SEN_SLC_009', '0', '0', '0', NULL, 's', '0'),
(50639, '21', '010-Tranche Ancienneté 010', NULL, 'QC1_SEN_SLC_010', '0', '0', '0', NULL, 's', '0'),
(50640, '21', '011-Tranche Ancienneté 011', NULL, 'QC1_SEN_SLC_011', '0', '0', '0', NULL, 's', '0'),
(50641, '21', '012-Tranche Ancienneté 012', NULL, 'QC1_SEN_SLC_012', '0', '0', '0', NULL, 's', '0'),
(50642, '21', '013-Tranche Ancienneté 013', NULL, 'QC1_SEN_SLC_013', '0', '0', '0', NULL, 's', '0'),
(50643, '21', '014-Tranche Ancienneté 014', NULL, 'QC1_SEN_SLC_014', '0', '0', '0', NULL, 's', '0'),
(50644, '21', '015-Tranche Ancienneté 015', NULL, 'QC1_SEN_SLC_015', '0', '0', '0', NULL, 's', '0'),
(50645, '21', '016-Tranche Ancienneté 016', NULL, 'QC1_SEN_SLC_016', '0', '0', '0', NULL, 's', '0'),
(50646, '21', '017-Tranche Ancienneté 017', NULL, 'QC1_SEN_SLC_017', '0', '0', '0', NULL, 's', '0'),
(50647, '21', '018-Tranche Ancienneté 018', NULL, 'QC1_SEN_SLC_018', '0', '0', '0', NULL, 's', '0'),
(50648, '21', '019-Tranche Ancienneté 019', NULL, 'QC1_SEN_SLC_019', '0', '0', '0', NULL, 's', '0'),
(50649, '21', '020-Tranche Ancienneté 020', NULL, 'QC1_SEN_SLC_020', '0', '0', '0', NULL, 's', '0'),
(50650, '21', '021-Tranche Ancienneté 021', NULL, 'QC1_SEN_SLC_021', '0', '0', '0', NULL, 's', '0'),
(50651, '21', '022-Tranche Ancienneté 022', NULL, 'QC1_SEN_SLC_022', '0', '0', '0', NULL, 's', '0'),
(50652, '21', '023-Tranche Ancienneté 023', NULL, 'QC1_SEN_SLC_023', '0', '0', '0', NULL, 's', '0'),
(50653, '21', '024-Tranche Ancienneté 024', NULL, 'QC1_SEN_SLC_024', '0', '0', '0', NULL, 's', '0'),
(50654, '21', '025-Tranche Ancienneté 025', NULL, 'QC1_SEN_SLC_025', '0', '0', '0', NULL, 's', '0'),
(50655, '21', '026-Tranche Ancienneté 026', NULL, 'QC1_SEN_SLC_026', '0', '0', '0', NULL, 's', '0'),
(50656, '21', '027-Tranche Ancienneté 027', NULL, 'QC1_SEN_SLC_027', '0', '0', '0', NULL, 's', '0'),
(50657, '21', '028-Tranche Ancienneté 028', NULL, 'QC1_SEN_SLC_028', '0', '0', '0', NULL, 's', '0'),
(50658, '21', '029-Tranche Ancienneté 029', NULL, 'QC1_SEN_SLC_029', '0', '0', '0', NULL, 's', '0'),
(50659, '21', '030-Tranche Ancienneté 030', NULL, 'QC1_SEN_SLC_030', '0', '0', '0', NULL, 's', '0'),
(50660, '21', '031-Tranche Ancienneté 031', NULL, 'QC1_SEN_SLC_031', '0', '0', '0', NULL, 's', '0'),
(50661, '21', '032-Tranche Ancienneté 032', NULL, 'QC1_SEN_SLC_032', '0', '0', '0', NULL, 's', '0'),
(50662, '21', '033-Tranche Ancienneté 033', NULL, 'QC1_SEN_SLC_033', '0', '0', '0', NULL, 's', '0'),
(50663, '21', '034-Tranche Ancienneté 034', NULL, 'QC1_SEN_SLC_034', '0', '0', '0', NULL, 's', '0'),
(50664, '21', '035-Tranche Ancienneté 035', NULL, 'QC1_SEN_SLC_035', '0', '0', '0', NULL, 's', '0'),
(50665, '21', '036-Tranche Ancienneté 036', NULL, 'QC1_SEN_SLC_036', '0', '0', '0', NULL, 's', '0'),
(50666, '21', '037-Tranche Ancienneté 037', NULL, 'QC1_SEN_SLC_037', '0', '0', '0', NULL, 's', '0'),
(50667, '21', '038-Tranche Ancienneté 038', NULL, 'QC1_SEN_SLC_038', '0', '0', '0', NULL, 's', '0'),
(50668, '21', '039-Tranche Ancienneté 039', NULL, 'QC1_SEN_SLC_039', '0', '0', '0', NULL, 's', '0'),
(50669, '21', '040-Tranche Ancienneté 040', NULL, 'QC1_SEN_SLC_040', '0', '0', '0', NULL, 's', '0'),
(50670, '21', '041-Tranche Ancienneté 041', NULL, 'QC1_SEN_SLC_041', '0', '0', '0', NULL, 's', '0'),
(50671, '21', '042-Tranche Ancienneté 042', NULL, 'QC1_SEN_SLC_042', '0', '0', '0', NULL, 's', '0'),
(50672, '21', '043-Tranche Ancienneté 043', NULL, 'QC1_SEN_SLC_043', '0', '0', '0', NULL, 's', '0'),
(50673, '21', '044-Tranche Ancienneté 044', NULL, 'QC1_SEN_SLC_044', '0', '0', '0', NULL, 's', '0'),
(50674, '21', '045-Tranche Ancienneté 045', NULL, 'QC1_SEN_SLC_045', '0', '0', '0', NULL, 's', '0'),
(50675, '21', '046-Tranche Ancienneté 046', NULL, 'QC1_SEN_SLC_046', '0', '0', '0', NULL, 's', '0'),
(50676, '21', '047-Tranche Ancienneté 047', NULL, 'QC1_SEN_SLC_047', '0', '0', '0', NULL, 's', '0'),
(50677, '21', '048-Tranche Ancienneté 048', NULL, 'QC1_SEN_SLC_048', '0', '0', '0', NULL, 's', '0'),
(50678, '21', '049-Tranche Ancienneté 049', NULL, 'QC1_SEN_SLC_049', '0', '0', '0', NULL, 's', '0'),
(50679, '21', '050-Tranche Ancienneté 050', NULL, 'QC1_SEN_SLC_050', '0', '0', '0', NULL, 's', '0'),
(50680, '21', '051-Tranche Ancienneté 051', NULL, 'QC1_SEN_SLC_051', '0', '0', '0', NULL, 's', '0'),
(50681, '21', '052-Tranche Ancienneté 052', NULL, 'QC1_SEN_SLC_052', '0', '0', '0', NULL, 's', '0'),
(50682, '21', '053-Tranche Ancienneté 053', NULL, 'QC1_SEN_SLC_053', '0', '0', '0', NULL, 's', '0'),
(50683, '21', '054-Tranche Ancienneté 054', NULL, 'QC1_SEN_SLC_054', '0', '0', '0', NULL, 's', '0'),
(50684, '21', '055-Tranche Ancienneté 055', NULL, 'QC1_SEN_SLC_055', '0', '0', '0', NULL, 's', '0'),
(50685, '21', '056-Tranche Ancienneté 056', NULL, 'QC1_SEN_SLC_056', '0', '0', '0', NULL, 's', '0'),
(50686, '21', '057-Tranche Ancienneté 057', NULL, 'QC1_SEN_SLC_057', '0', '0', '0', NULL, 's', '0'),
(50687, '21', '058-Tranche Ancienneté 058', NULL, 'QC1_SEN_SLC_058', '0', '0', '0', NULL, 's', '0'),
(50688, '21', '059-Tranche Ancienneté 059', NULL, 'QC1_SEN_SLC_059', '0', '0', '0', NULL, 's', '0'),
(50689, '21', '060-Tranche Ancienneté 060', NULL, 'QC1_SEN_SLC_060', '0', '0', '0', NULL, 's', '0'),
(50690, '21', '061-Tranche Ancienneté 061', NULL, 'QC1_SEN_SLC_061', '0', '0', '0', NULL, 's', '0'),
(50691, '21', '062-Tranche Ancienneté 062', NULL, 'QC1_SEN_SLC_062', '0', '0', '0', NULL, 's', '0'),
(50692, '21', '063-Tranche Ancienneté 063', NULL, 'QC1_SEN_SLC_063', '0', '0', '0', NULL, 's', '0'),
(50693, '21', '064-Tranche Ancienneté 064', NULL, 'QC1_SEN_SLC_064', '0', '0', '0', NULL, 's', '0'),
(50694, '21', '065-Tranche Ancienneté 065', NULL, 'QC1_SEN_SLC_065', '0', '0', '0', NULL, 's', '0'),
(50695, '21', '066-Tranche Ancienneté 066', NULL, 'QC1_SEN_SLC_066', '0', '0', '0', NULL, 's', '0'),
(50696, '21', '067-Tranche Ancienneté 067', NULL, 'QC1_SEN_SLC_067', '0', '0', '0', NULL, 's', '0'),
(50697, '21', '068-Tranche Ancienneté 068', NULL, 'QC1_SEN_SLC_068', '0', '0', '0', NULL, 's', '0'),
(50698, '21', '069-Tranche Ancienneté 069', NULL, 'QC1_SEN_SLC_069', '0', '0', '0', NULL, 's', '0'),
(50699, '21', '070-Tranche Ancienneté 070', NULL, 'QC1_SEN_SLC_070', '0', '0', '0', NULL, 's', '0'),
(50700, '21', '071-Tranche Ancienneté 071', NULL, 'QC1_SEN_SLC_071', '0', '0', '0', NULL, 's', '0'),
(50701, '21', '072-Tranche Ancienneté 072', NULL, 'QC1_SEN_SLC_072', '0', '0', '0', NULL, 's', '0'),
(50702, '21', '073-Tranche Ancienneté 073', NULL, 'QC1_SEN_SLC_073', '0', '0', '0', NULL, 's', '0'),
(50703, '21', '074-Tranche Ancienneté 074', NULL, 'QC1_SEN_SLC_074', '0', '0', '0', NULL, 's', '0'),
(50704, '21', '075-Tranche Ancienneté 075', NULL, 'QC1_SEN_SLC_075', '0', '0', '0', NULL, 's', '0'),
(50705, '21', '076-Tranche Ancienneté 076', NULL, 'QC1_SEN_SLC_076', '0', '0', '0', NULL, 's', '0'),
(50706, '21', '077-Tranche Ancienneté 077', NULL, 'QC1_SEN_SLC_077', '0', '0', '0', NULL, 's', '0'),
(50707, '21', '078-Tranche Ancienneté 078', NULL, 'QC1_SEN_SLC_078', '0', '0', '0', NULL, 's', '0'),
(50708, '21', '079-Tranche Ancienneté 079', NULL, 'QC1_SEN_SLC_079', '0', '0', '0', NULL, 's', '0'),
(50709, '21', '080-Tranche Ancienneté 080', NULL, 'QC1_SEN_SLC_080', '0', '0', '0', NULL, 's', '0'),
(50710, '21', '081-Tranche Ancienneté 081', NULL, 'QC1_SEN_SLC_081', '0', '0', '0', NULL, 's', '0'),
(50711, '21', '082-Tranche Ancienneté 082', NULL, 'QC1_SEN_SLC_082', '0', '0', '0', NULL, 's', '0'),
(50712, '21', '083-Tranche Ancienneté 083', NULL, 'QC1_SEN_SLC_083', '0', '0', '0', NULL, 's', '0'),
(50713, '21', '084-Tranche Ancienneté 084', NULL, 'QC1_SEN_SLC_084', '0', '0', '0', NULL, 's', '0'),
(50714, '21', '085-Tranche Ancienneté 085', NULL, 'QC1_SEN_SLC_085', '0', '0', '0', NULL, 's', '0'),
(50715, '21', '086-Tranche Ancienneté 086', NULL, 'QC1_SEN_SLC_086', '0', '0', '0', NULL, 's', '0'),
(50716, '21', '087-Tranche Ancienneté 087', NULL, 'QC1_SEN_SLC_087', '0', '0', '0', NULL, 's', '0'),
(50717, '21', '088-Tranche Ancienneté 088', NULL, 'QC1_SEN_SLC_088', '0', '0', '0', NULL, 's', '0'),
(50718, '21', '089-Tranche Ancienneté 089', NULL, 'QC1_SEN_SLC_089', '0', '0', '0', NULL, 's', '0'),
(50719, '21', '090-Tranche Ancienneté 090', NULL, 'QC1_SEN_SLC_090', '0', '0', '0', NULL, 's', '0'),
(50720, '21', '091-Tranche Ancienneté 091', NULL, 'QC1_SEN_SLC_091', '0', '0', '0', NULL, 's', '0'),
(50721, '21', '092-Tranche Ancienneté 092', NULL, 'QC1_SEN_SLC_092', '0', '0', '0', NULL, 's', '0'),
(50722, '21', '093-Tranche Ancienneté 093', NULL, 'QC1_SEN_SLC_093', '0', '0', '0', NULL, 's', '0'),
(50723, '21', '094-Tranche Ancienneté 094', NULL, 'QC1_SEN_SLC_094', '0', '0', '0', NULL, 's', '0'),
(50724, '21', '095-Tranche Ancienneté 095', NULL, 'QC1_SEN_SLC_095', '0', '0', '0', NULL, 's', '0'),
(50725, '21', '096-Tranche Ancienneté 096', NULL, 'QC1_SEN_SLC_096', '0', '0', '0', NULL, 's', '0'),
(50726, '21', '097-Tranche Ancienneté 097', NULL, 'QC1_SEN_SLC_097', '0', '0', '0', NULL, 's', '0'),
(50727, '21', '098-Tranche Ancienneté 098', NULL, 'QC1_SEN_SLC_098', '0', '0', '0', NULL, 's', '0'),
(50728, '21', '099-Tranche Ancienneté 099', NULL, 'QC1_SEN_SLC_099', '0', '0', '0', NULL, 's', '0'),
(50729, '21', '100-Tranche Ancienneté 100', NULL, 'QC1_SEN_SLC_100', '0', '0', '0', NULL, 's', '0');

-- --------------------------------------------------------

--
-- Structure de la table `QC1_REP_QDD_DICTIONARY`
--

CREATE TABLE IF NOT EXISTS `QC1_REP_QDD_DICTIONARY` (
  `CODE_ENV` varchar(10) default NULL,
  `CODE_DICTIONARY` double default NULL,
  `NAME_DICTIONARY` varchar(50) default NULL
) ENGINE=InnoDB DEFAULT CHARSET=utf8;

--
-- Contenu de la table `QC1_REP_QDD_DICTIONARY`
--

INSERT INTO `QC1_REP_QDD_DICTIONARY` (`CODE_ENV`, `CODE_DICTIONARY`, `NAME_DICTIONARY`) VALUES
('1', 1, 'AGAP');

-- --------------------------------------------------------

--
-- Structure de la table `QC1_REP_QDD_DOMAIN`
--

CREATE TABLE IF NOT EXISTS `QC1_REP_QDD_DOMAIN` (
  `CODE_DOMAIN` int(11) NOT NULL auto_increment,
  `CODE_DICTIONARY` varchar(10) default NULL,
  `NAME_DOMAIN` varchar(50) default NULL,
  `DESC_DOMAIN` varchar(250) default NULL,
  `TABLE_NAME` varchar(50) default NULL,
  `FLG_ORG` char(1) default NULL,
  UNIQUE KEY `CODE_DOMAIN` (`CODE_DOMAIN`)
) ENGINE=InnoDB  DEFAULT CHARSET=utf8 AUTO_INCREMENT=22 ;

--
-- Contenu de la table `QC1_REP_QDD_DOMAIN`
--

INSERT INTO `QC1_REP_QDD_DOMAIN` (`CODE_DOMAIN`, `CODE_DICTIONARY`, `NAME_DOMAIN`, `DESC_DOMAIN`, `TABLE_NAME`, `FLG_ORG`) VALUES
(1, '1', '01-Date', NULL, 'QC1_DSA_MOD_DATE', '0'),
(2, '1', '02-Employé', NULL, 'QC1_DSA_MOD_EMPLOYEE', '0'),
(3, '1', '03-Contrat', NULL, 'QC1_DSA_MOD_CONTRACT', '0'),
(4, '1', '04-Affectation', NULL, 'QC1_DSA_MOD_ASSIGNMENT', '0'),
(5, '1', '05-Classification', NULL, 'QC1_DSA_MOD_CLASSIFICATION', '0'),
(6, '1', '06-Rémunération', NULL, 'QC1_DSA_MOD_SALARY', '0'),
(7, '1', '07-Organisation', NULL, 'QC1_DSA_MOD_ORGANISATION', '1'),
(8, '1', '08-Société', NULL, 'QC1_DSA_MOD_COMPANY', '0'),
(9, '1', '09-Etablissement', NULL, 'QC1_DSA_MOD_LOCATION', '0'),
(10, '1', '10-Centre de coût', NULL, 'QC1_DSA_MOD_BUDGET_UNIT', '0'),
(11, '1', '11-Motif d''absence', NULL, 'QC1_DSA_MOD_ABSENCE_REASON', '0'),
(12, '1', '12-Période d''absence', NULL, 'QC1_DSA_MOD_ABSENCE_PERIOD', '0'),
(13, '1', '13-Rubrique de paie', NULL, 'QC1_DSA_MOD_PAYROLL_ITEM', '0'),
(14, '1', '14-Résultat de paie', NULL, 'QC1_DSA_MOD_PAYROLL_DETAIL', '0'),
(15, '1', '15-Plan de comptes', NULL, 'QC1_DSA_MOD_ACCOUNT_ITEM', '0'),
(16, '1', '16-Soldes des comptes', NULL, 'QC1_DSA_MOD_ACCOUNT_DETAIL', '0'),
(17, '1', '17-Stage de Formation', NULL, 'QC1_DSA_MOD_TRAINING_COURSE', '0'),
(18, '1', '18-Session de Formation', NULL, 'QC1_DSA_MOD_TRAINING_SESSION', '0'),
(19, '1', '19-Demande de Formation', NULL, 'QC1_DSA_MOD_TRAINING_REQUEST', '0'),
(20, '1', '20-Enfants', NULL, 'QC1_DSA_MOD_CHILD', '0'),
(21, '1', '21-Ancienneté', NULL, 'QC1_DSA_FAC_D_SENIORITY', '0');

-- --------------------------------------------------------

--
-- Structure de la table `QC1_REP_QDD_LOV`
--

CREATE TABLE IF NOT EXISTS `QC1_REP_QDD_LOV` (
  `CODE_ATTRIBUTE` varchar(10) default NULL,
  `CODE_LOV` int(11) NOT NULL auto_increment,
  `NAME_LOV` varchar(100) default NULL,
  `SOURCE_SYSTEM` varchar(255) default NULL,
  `FLG_REF` double default NULL,
  UNIQUE KEY `CODE_LOV` (`CODE_LOV`)
) ENGINE=InnoDB DEFAULT CHARSET=utf8 AUTO_INCREMENT=1 ;

-- --------------------------------------------------------

--
-- Structure de la table `QC1_REP_QDD_VALUE`
--

CREATE TABLE IF NOT EXISTS `QC1_REP_QDD_VALUE` (
  `CODE_LOV` varchar(10) default NULL,
  `CODE_VALUE` int(11) NOT NULL auto_increment,
  `DESC_VALUE` varchar(255) default NULL,
  `FLG_STATUS` varchar(1) default NULL,
  `DATE_INSERT` datetime default NULL,
  `FLG_DEFAULT` varchar(1) default NULL,
  `DESC_CODE` varchar(255) default NULL,
  UNIQUE KEY `CODE_VALUE` (`CODE_VALUE`)
) ENGINE=InnoDB DEFAULT CHARSET=utf8 AUTO_INCREMENT=1 ;

-- --------------------------------------------------------

--
-- Structure de la table `QC1_REP_RUN_JOB`
--

CREATE TABLE IF NOT EXISTS `QC1_REP_RUN_JOB` (
  `CODE_JOB` int(11) NOT NULL auto_increment,
  `NAME_JOB` varchar(100) default NULL,
  `DESC_JOB` varchar(255) default NULL,
  `VERSION` varchar(100) default NULL,
  UNIQUE KEY `CODE_JOB` (`CODE_JOB`)
) ENGINE=InnoDB  DEFAULT CHARSET=utf8 AUTO_INCREMENT=51221 ;

--
-- Contenu de la table `QC1_REP_RUN_JOB`
--

INSERT INTO `QC1_REP_RUN_JOB` (`CODE_JOB`, `NAME_JOB`, `DESC_JOB`, `VERSION`) VALUES
(12, 'DSA_02000101_MOD_DATE', NULL, 'dsa_02000101_mod_date_2_0'),
(13, 'DSA_02010101_MOD_EMPLOYEE', NULL, 'dsa_02010101_mod_employee_2_0'),
(14, 'DSA_02010201_MOD_CONTRACT', NULL, 'dsa_02010201_mod_contract_2_0'),
(15, 'DSA_02010301_MOD_ASSIGNMENT', NULL, 'dsa_02010301_mod_assignment_2_0'),
(16, 'DSA_02010401_MOD_CLASSIFICATION', NULL, 'dsa_02010401_mod_classification_2_0'),
(17, 'DSA_02010501_MOD_SALARY', NULL, 'dsa_02010501_mod_salary_2_0'),
(18, 'DSA_02020101_MOD_ORGANISATION', NULL, 'dsa_02020101_mod_organisation_2_0'),
(19, 'DSA_02020201_MOD_LOCATION', NULL, 'dsa_02020201_mod_location_2_0'),
(20, 'DSA_02020301_MOD_COMPANY', NULL, 'dsa_02020301_mod_company_2_0'),
(21, 'DSA_02020401_MOD_BUDGET_UNIT', NULL, 'dsa_02020401_mod_budget_unit_2_0'),
(22, 'DSA_02030301_MOD_HEADCOUNT', NULL, 'dsa_02030301_mod_headcount_2_0'),
(23, 'DSA_02030101_MOD_MOVEMENT', NULL, 'dsa_02030101_mod_movement_2_0'),
(24, 'DSA_02030201_MOD_MOBILITY', NULL, 'dsa_02030201_mod_mobility_2_0'),
(25, 'DSA_02040101_MOD_ABSENCE_REASON', NULL, 'dsa_02040101_mod_absence_reason_2_0'),
(26, 'DSA_02040201_MOD_ABSENCE_PERIOD', NULL, 'dsa_02040201_mod_absence_period_2_0'),
(27, 'DSA_02040301_MOD_ACTIVITY', NULL, 'dsa_02040301_mod_activity_2_0'),
(28, 'DSA_02050101_MOD_PAYROLL_ITEM', NULL, 'dsa_02050101_mod_payroll_item_2_0'),
(29, 'DSA_02050201_MOD_PAYROLL_DETAIL', NULL, 'dsa_02050201_mod_payroll_detail_2_0'),
(30, 'DSA_02060101_MOD_ACCOUNT_ITEM', NULL, 'dsa_02060101_mod_account_item_2_0'),
(31, 'DSA_02060201_MOD_ACCOUNT_DETAIL', NULL, 'dsa_02060201_mod_account_detail_2_0'),
(32, 'REP_01020201_MTA_APPLY_RULE_ALL', NULL, 'rep_01020201_mta_apply_rule_all_2_0'),
(33, 'DSA_03000101_DIM_DATE', NULL, 'dsa_03000101_dim_date_2_0'),
(34, 'DSA_03010101_DIM_EMPLOYEE', NULL, 'dsa_03010101_dim_employee_2_0'),
(35, 'DSA_03010201_DIM_CONTRACT', NULL, 'dsa_03010201_dim_contract_2_0'),
(36, 'DSA_03010301_DIM_ASSIGNMENT', NULL, 'dsa_03010301_dim_assignment_2_0'),
(37, 'DSA_03010401_DIM_CLASSIFICATION', NULL, 'dsa_03010401_dim_classification_2_0'),
(38, 'DSA_03010501_DIM_SALARY', NULL, 'dsa_03010501_dim_salary_2_0'),
(39, 'DSA_03020101_DIM_ORGANISATION', NULL, 'dsa_03020101_dim_organisation_2_0'),
(40, 'DSA_03020201_DIM_LOCATION', NULL, 'dsa_03020201_dim_location_2_0'),
(41, 'DSA_03020301_DIM_COMPANY', NULL, 'dsa_03020301_dim_company_2_0'),
(42, 'DSA_03020401_DIM_BUDGET_UNIT', NULL, 'dsa_03020401_dim_budget_unit_2_0'),
(43, 'DSA_03040101_DIM_ABSENCE', NULL, 'dsa_03040101_dim_absence_2_0'),
(44, 'DSA_03050101_DIM_PAYROLL_ITEM', NULL, 'dsa_03050101_dim_payroll_item_2_0'),
(45, 'DSA_03060101_DIM_ACCOUNT_ITEM', NULL, 'dsa_03060101_dim_account_item_2_0'),
(46, 'DSA_04010101_FAC_D_MOVEMENT', NULL, 'dsa_04010101_fac_d_movement_2_0'),
(47, 'DSA_04010201_FAC_D_MOBILITY', NULL, 'dsa_04010201_fac_d_mobility_2_0'),
(48, 'DSA_04010301_FAC_M_HEADCOUNT', NULL, 'dsa_04010301_fac_m_headcount_2_0'),
(49, 'DSA_04020101_FAC_M_ABSENCE', NULL, 'dsa_04020101_fac_m_absence_2_0'),
(50, 'DSA_04020201_FAC_M_ACTIVITY', NULL, 'dsa_04020201_fac_m_activity_2_0'),
(51, 'DSA_04030101_FAC_M_PAYROLL', NULL, 'dsa_04030101_fac_m_payroll_2_0'),
(52, 'DSA_04040101_FAC_M_ACCOUNT', NULL, 'dsa_04040101_fac_m_account_2_0'),
(53, 'DSA_04050101_FAC_M_FINANCE', NULL, 'dsa_04050101_fac_m_finance_2_0'),
(54, 'REP_01030101_SLC_APPLY_RULE_ALL', NULL, 'rep_01030101_slc_apply_rule_all_2_0'),
(55, 'DSA_02070101_MOD_FINANCE', NULL, 'dsa_02070101_mod_finance_2_0'),
(63, 'EPE_0000_EXEC_FUSION', NULL, 'epe_0000_exec_fusion_2_0'),
(64, 'QBT_SRC_CHECK_FILES', NULL, 'qbt_src_check_files_2_0'),
(65, 'QBT_SRC_CREATE_DPA_TABLE_ALL', NULL, 'qbt_src_create_dpa_table_all_2_0'),
(66, 'QBT_SRC_LOAD_FILE_ALL', NULL, 'qbt_src_load_file_all_2_0'),
(67, 'SEQ_01020502_DSA_DMT_DIM', NULL, 'seq_01020502_dsa_dmt_dim_2_0'),
(68, 'SEQ_01020503_DSA_DMT_FAC', NULL, 'seq_01020503_dsa_dmt_fac_2_0'),
(69, 'SEQ_01020504_DSA_DMT_LOG', NULL, 'seq_01020504_dsa_dmt_log_2_0'),
(70, 'QBT_ORA_REBUILD_SCHEMA_INDEX', NULL, 'qbt_ora_rebuild_schema_index_2_0'),
(71, 'QBT_ORA_GATHER_SCHEMA_STATS', NULL, 'qbt_ora_gather_schema_stats_2_0'),
(72, 'INSERT_EXTERN_DATAS_DPA', NULL, 'insert_extern_datas_dpa_2_0'),
(73, 'INSERT_EXTERN_DATAS_DMT', NULL, 'insert_extern_datas_dmt_2_0'),
(121, 'REP_90010101_UID_REFRESH_LINK', NULL, 'rep_90010101_uid_refresh_link_0_1'),
(122, 'REP_01050101_PRI_REFRESH_ITEM', NULL, 'rep_01050101_pri_refresh_item_0_1'),
(123, 'REP_01020202_MTA_APPLY_RULE_ONE', NULL, 'rep_01020202_mta_apply_rule_one_2_0'),
(124, 'DSA_02070101_MOD_TRAINING_PROGRAM', NULL, 'dsa_02070101_mod_training_program_2_0'),
(125, 'DSA_02070201_MOD_TRAINING_COURSE', NULL, 'dsa_02070201_mod_training_course_2_0'),
(126, 'DSA_02070301_MOD_TRAINING_REQUEST', NULL, 'dsa_02070301_mod_training_request_2_0'),
(127, 'DSA_02070401_MOD_TRAINING_SESSION', NULL, 'dsa_02070401_mod_training_session_2_0'),
(128, 'DSA_02070501_MOD_TRAINING_ATTEND', NULL, 'dsa_02070501_mod_training_attend_2_0'),
(129, 'DSA_03070101_DIM_TRAINING_PROGRAM', NULL, 'dsa_03070101_dim_training_program_2_0'),
(130, 'DSA_03070201_DIM_TRAINING_COURSE', NULL, 'dsa_03070201_dim_training_course_2_0'),
(131, 'DSA_03070301_DIM_TRAINING_REQUEST', NULL, 'dsa_03070301_dim_training_request_2_0'),
(132, 'DSA_03070401_DIM_TRAINING_SESSION', NULL, 'dsa_03070401_dim_training_session_2_0'),
(133, 'DSA_04050101_FAC_M_TRAINING_REQUEST', NULL, 'dsa_04050101_fac_m_training_request_2_0'),
(134, 'DSA_04050201_FAC_M_TRAINING_SESSION', NULL, 'dsa_04050201_fac_m_training_session_2_0'),
(135, 'DSA_02000101_MOD_DATE', NULL, 'dsa_02000101_mod_date_2_1'),
(136, 'DSA_02010101_MOD_EMPLOYEE', NULL, 'dsa_02010101_mod_employee_2_1'),
(137, 'DSA_02010201_MOD_CONTRACT', NULL, 'dsa_02010201_mod_contract_2_1'),
(138, 'DSA_02010301_MOD_ASSIGNMENT', NULL, 'dsa_02010301_mod_assignment_2_1'),
(139, 'DSA_02010401_MOD_CLASSIFICATION', NULL, 'dsa_02010401_mod_classification_2_1'),
(140, 'DSA_02010501_MOD_SALARY', NULL, 'dsa_02010501_mod_salary_2_1'),
(141, 'DSA_02020101_MOD_ORGANISATION', NULL, 'dsa_02020101_mod_organisation_2_1'),
(142, 'DSA_02020201_MOD_LOCATION', NULL, 'dsa_02020201_mod_location_2_1'),
(143, 'DSA_02020301_MOD_COMPANY', NULL, 'dsa_02020301_mod_company_2_1'),
(144, 'DSA_02020401_MOD_BUDGET_UNIT', NULL, 'dsa_02020401_mod_budget_unit_2_1'),
(145, 'DSA_02030301_MOD_HEADCOUNT', NULL, 'dsa_02030301_mod_headcount_2_1'),
(146, 'DSA_02030101_MOD_MOVEMENT', NULL, 'dsa_02030101_mod_movement_2_1'),
(147, 'DSA_02030201_MOD_MOBILITY', NULL, 'dsa_02030201_mod_mobility_2_1'),
(148, 'DSA_02040101_MOD_ABSENCE_REASON', NULL, 'dsa_02040101_mod_absence_reason_2_1'),
(149, 'DSA_02040201_MOD_ABSENCE_PERIOD', NULL, 'dsa_02040201_mod_absence_period_2_1'),
(150, 'DSA_02040301_MOD_ACTIVITY', NULL, 'dsa_02040301_mod_activity_2_1'),
(151, 'DSA_02050101_MOD_PAYROLL_ITEM', NULL, 'dsa_02050101_mod_payroll_item_2_1'),
(152, 'DSA_02050201_MOD_PAYROLL_DETAIL', NULL, 'dsa_02050201_mod_payroll_detail_2_1'),
(153, 'DSA_02060101_MOD_ACCOUNT_ITEM', NULL, 'dsa_02060101_mod_account_item_2_1'),
(154, 'DSA_02060201_MOD_ACCOUNT_DETAIL', NULL, 'dsa_02060201_mod_account_detail_2_1'),
(155, 'DSA_03000101_DIM_DATE', NULL, 'dsa_03000101_dim_date_2_1'),
(156, 'DSA_03010101_DIM_EMPLOYEE', NULL, 'dsa_03010101_dim_employee_2_1'),
(157, 'DSA_03010201_DIM_CONTRACT', NULL, 'dsa_03010201_dim_contract_2_1'),
(158, 'DSA_03010301_DIM_ASSIGNMENT', NULL, 'dsa_03010301_dim_assignment_2_1'),
(159, 'DSA_03010401_DIM_CLASSIFICATION', NULL, 'dsa_03010401_dim_classification_2_1'),
(160, 'DSA_03010501_DIM_SALARY', NULL, 'dsa_03010501_dim_salary_2_1'),
(161, 'DSA_03020101_DIM_ORGANISATION', NULL, 'dsa_03020101_dim_organisation_2_1'),
(162, 'DSA_03020201_DIM_LOCATION', NULL, 'dsa_03020201_dim_location_2_1'),
(163, 'DSA_03020301_DIM_COMPANY', NULL, 'dsa_03020301_dim_company_2_1'),
(164, 'DSA_03020401_DIM_BUDGET_UNIT', NULL, 'dsa_03020401_dim_budget_unit_2_1'),
(165, 'DSA_03040101_DIM_ABSENCE', NULL, 'dsa_03040101_dim_absence_2_1'),
(166, 'DSA_03050101_DIM_PAYROLL_ITEM', NULL, 'dsa_03050101_dim_payroll_item_2_1'),
(167, 'DSA_03060101_DIM_ACCOUNT_ITEM', NULL, 'dsa_03060101_dim_account_item_2_1'),
(168, 'DSA_04010101_FAC_D_MOVEMENT', NULL, 'dsa_04010101_fac_d_movement_2_1'),
(169, 'DSA_04010201_FAC_D_MOBILITY', NULL, 'dsa_04010201_fac_d_mobility_2_1'),
(170, 'DSA_04010301_FAC_M_HEADCOUNT', NULL, 'dsa_04010301_fac_m_headcount_2_1'),
(171, 'DSA_04020101_FAC_M_ABSENCE', NULL, 'dsa_04020101_fac_m_absence_2_1'),
(172, 'DSA_04020201_FAC_M_ACTIVITY', NULL, 'dsa_04020201_fac_m_activity_2_1'),
(173, 'DSA_04030101_FAC_M_PAYROLL', NULL, 'dsa_04030101_fac_m_payroll_2_1'),
(174, 'DSA_04040101_FAC_M_ACCOUNT', NULL, 'dsa_04040101_fac_m_account_2_1'),
(175, 'DSA_04050101_FAC_M_FINANCE', NULL, 'dsa_04050101_fac_m_finance_2_1'),
(176, 'DSA_02070101_MOD_FINANCE', NULL, 'dsa_02070101_mod_finance_2_1'),
(177, 'DSA_02070101_MOD_TRAINING_PROGRAM', NULL, 'dsa_02070101_mod_training_program_2_1'),
(178, 'DSA_02070201_MOD_TRAINING_COURSE', NULL, 'dsa_02070201_mod_training_course_2_1'),
(179, 'DSA_02070301_MOD_TRAINING_REQUEST', NULL, 'dsa_02070301_mod_training_request_2_1'),
(180, 'DSA_02070401_MOD_TRAINING_SESSION', NULL, 'dsa_02070401_mod_training_session_2_1'),
(181, 'DSA_02070501_MOD_TRAINING_ATTEND', NULL, 'dsa_02070501_mod_training_attend_2_1'),
(182, 'DSA_03070101_DIM_TRAINING_PROGRAM', NULL, 'dsa_03070101_dim_training_program_2_1'),
(183, 'DSA_03070201_DIM_TRAINING_COURSE', NULL, 'dsa_03070201_dim_training_course_2_1'),
(184, 'DSA_03070301_DIM_TRAINING_REQUEST', NULL, 'dsa_03070301_dim_training_request_2_1'),
(185, 'DSA_03070401_DIM_TRAINING_SESSION', NULL, 'dsa_03070401_dim_training_session_2_1'),
(186, 'DSA_04050101_FAC_M_TRAINING_REQUEST', NULL, 'dsa_04050101_fac_m_training_request_2_1'),
(187, 'DSA_04050201_FAC_M_TRAINING_SESSION', NULL, 'dsa_04050201_fac_m_training_session_2_1'),
(188, 'DSA_02010102_MOD_CHILD', NULL, 'dsa_02010102_mod_child_2_0'),
(189, 'DSA_02010103_BRG_EMP_CHD', NULL, 'dsa_02010103_brg_emp_chd_2_0'),
(190, 'DSA_03010102_DIM_CHILD', NULL, 'dsa_03010102_dim_child_2_0'),
(191, 'SEQ_90010101_ARC_ALL', NULL, 'seq_90010101_arc_all_2_0'),
(192, 'SEQ_01020502_DSA_DMT_DIM', NULL, 'seq_01020502_dsa_dmt_dim_2_1'),
(193, 'SEQ_01020503_DSA_DMT_FAC', NULL, 'seq_01020503_dsa_dmt_fac_2_1'),
(194, 'DSA_04010302_FAC_P_HEADCOUNT', NULL, 'dsa_04010302_fac_p_headcount_1_0'),
(195, 'DSA_02030304_MOD_HEADCOUNT_PERIOD', NULL, 'dsa_02030304_mod_headcount_period_1_0'),
(196, 'REP_01050101_PRI_REFRESH_ITEM', NULL, 'rep_01050101_pri_refresh_item_2_0'),
(197, 'REP_01020102_MTA_REFRESH_RULES_ALL', NULL, 'rep_01020102_mta_refresh_rules_all_2_0'),
(50496, 'DPA_01010101_EMPLOYEE', 'Test', 'dpa_01010101_employee_1_0'),
(50497, 'DPA_01010201_CONTRACT', NULL, 'dpa_01010201_contract_1_0'),
(50498, 'DPA_01010301_ASSIGNMENT', NULL, 'dpa_01010301_assignment_1_0'),
(50499, 'DPA_01010401_CLASSIFICATION', NULL, 'dpa_01010401_classification_1_0'),
(50500, 'DPA_01020101_ORGANISATION', NULL, 'dpa_01020101_organisation_1_0'),
(50501, 'DPA_01020201_COMPANY', NULL, 'dpa_01020201_company_1_0'),
(50502, 'DPA_01020301_LOCATION', NULL, 'dpa_01020301_location_1_0'),
(50503, 'DPA_01030101_ABSENCE_REASON', NULL, 'dpa_01030101_absence_reason_1_0'),
(50504, 'DPA_01030201_ABSENCE_PERIOD', NULL, 'dpa_01030201_absence_period_1_0'),
(50505, 'DPA_01040101_PAYROLL_ITEM', NULL, 'dpa_01040101_payroll_item_1_0'),
(50506, 'DPA_01040201_PAYROLL_DETAIL', NULL, 'dpa_01040201_payroll_detail_1_0'),
(50507, 'DPA_01040301_SALARY', NULL, 'dpa_01040301_salary_1_0'),
(50570, 'DSA_04060101_FAC_D_SENIORITY', NULL, 'dsa_04060101_fac_d_seniority_1_0'),
(50780, 'DSA_MOD_MOVEMENT_CLT_001', NULL, 'dsa_mod_movement_clt_001_0_1'),
(51203, 'DSA_FAC_P_HEADCOUNT_CLT_001', NULL, 'dsa_fac_p_headcount_clt_001_1_0'),
(51220, 'DSA_MOD_MOVEMENT_CLT_002', NULL, 'dsa_mod_movement_clt_002_0_1');

-- --------------------------------------------------------

--
-- Structure de la table `QC1_REP_RUN_SEQ`
--

CREATE TABLE IF NOT EXISTS `QC1_REP_RUN_SEQ` (
  `CODE_SEQ` int(11) NOT NULL auto_increment,
  `NAME_SEQ` varchar(50) default NULL,
  `DESC_SEQ` varchar(255) default NULL,
  `SEQ_ORDER` double default NULL,
  `PROJECT` varchar(50) default NULL,
  `CLASSPATH` varchar(255) default NULL,
  `JOB_FOLDER` varchar(255) default NULL,
  `LIB_FOLDER` varchar(255) default NULL,
  `FLG_EXEC` varchar(1) default NULL,
  `ERR_GOTO` varchar(50) default NULL,
  `CONF` varchar(255) default NULL,
  UNIQUE KEY `CODE_SEQ` (`CODE_SEQ`)
) ENGINE=InnoDB  DEFAULT CHARSET=utf8 AUTO_INCREMENT=50485 ;

--
-- Contenu de la table `QC1_REP_RUN_SEQ`
--

INSERT INTO `QC1_REP_RUN_SEQ` (`CODE_SEQ`, `NAME_SEQ`, `DESC_SEQ`, `SEQ_ORDER`, `PROJECT`, `CLASSPATH`, `JOB_FOLDER`, `LIB_FOLDER`, `FLG_EXEC`, `ERR_GOTO`, `CONF`) VALUES
(1, 'SEQ_DPA_DSA', 'Exécuter la chaîne de mise en conformité des données brutes et charger les données dans QBSDSA', 5, 'qbs_agap', NULL, NULL, NULL, '1', NULL, 'J:\\QBIK_Solution\\clt_agap\\conf\\'),
(2, 'SEQ_DSA_MOD', NULL, 6, 'qbs_std', NULL, NULL, NULL, '1', NULL, 'J:\\QBIK_Solution\\clt_agap\\conf\\'),
(3, 'SEQ_DSA_DIM', NULL, 7, 'qbs_std', NULL, NULL, NULL, '1', NULL, 'J:\\QBIK_Solution\\clt_agap\\conf\\'),
(4, 'SEQ_DSA_FAC', NULL, 8, 'qbs_std', NULL, NULL, NULL, '1', NULL, 'J:\\QBIK_Solution\\clt_agap\\conf\\'),
(6, 'SEQ_LDR', NULL, 3, 'qbs_std', NULL, NULL, NULL, '1', NULL, 'J:\\QBIK_Solution\\clt_agap\\conf\\'),
(7, 'SEQ_DMT', NULL, 9, 'qbs_std', NULL, NULL, NULL, '1', NULL, 'J:\\QBIK_Solution\\clt_agap\\conf\\'),
(8, 'SEQ_EXT', NULL, 4, 'qbs_std', NULL, NULL, NULL, '0', NULL, 'J:\\QBIK_Solution\\clt_agap\\conf\\'),
(9, 'SEQ_REP', NULL, 10, 'qbs_std', NULL, NULL, NULL, '1', NULL, 'J:\\QBIK_Solution\\clt_agap\\conf\\'),
(20, 'SEQ_ARC', NULL, 2, 'qbs_std', NULL, NULL, NULL, '1', NULL, 'J:\\QBIK_Solution\\clt_agap\\conf\\'),
(50473, 'SEQ_REP_FUSION_EMPLOYEE', NULL, 0, 'qbs_std', NULL, NULL, NULL, '0', NULL, 'J:\\QBIK_Solution\\clt_agap\\conf\\'),
(50475, 'SEQ_REP_FUSION_CONTRACT', NULL, 0, 'qbs_std', NULL, NULL, NULL, '0', NULL, 'J:\\QBIK_Solution\\clt_agap\\conf\\'),
(50477, 'SEQ_REP_FUSION_COMPANY', NULL, 0, 'qbs_std', NULL, NULL, NULL, '0', NULL, 'J:\\QBIK_Solution\\clt_agap\\conf\\'),
(50479, 'SEQ_REP_FUSION_LOCATION', NULL, 0, 'qbs_std', NULL, NULL, NULL, '0', NULL, 'J:\\QBIK_Solution\\clt_agap\\conf\\'),
(50481, 'SEQ_REP_FUSION_ASSIGNMENT', NULL, 0, 'qbs_std', NULL, NULL, NULL, '0', NULL, 'J:\\QBIK_Solution\\clt_agap\\conf\\'),
(50483, 'SEQ_REP_FUSION_CLASSIFICATION', NULL, 0, 'qbs_std', NULL, NULL, NULL, '0', NULL, 'J:\\QBIK_Solution\\clt_agap\\conf\\'),
(50484, 'a', 'b', 1, 'c', 'd', 'e', 'f', NULL, '20', 'g');

-- --------------------------------------------------------

--
-- Structure de la table `QC1_REP_RUN_STEP`
--

CREATE TABLE IF NOT EXISTS `QC1_REP_RUN_STEP` (
  `CODE_SEQ` double default NULL,
  `CODE_STEP` int(11) NOT NULL auto_increment,
  `CODE_JOB` double default NULL,
  `NAME_STEP` varchar(100) default NULL,
  `DESC_STEP` varchar(255) default NULL,
  `PROJECT` varchar(100) default NULL,
  `CLASSPATH` varchar(255) default NULL,
  `JOB_FOLDER` varchar(255) default NULL,
  `LIB_FOLDER` varchar(255) default NULL,
  `JAVA_XMS` varchar(10) default NULL,
  `JAVA_XMX` varchar(10) default NULL,
  `STEP_ORDER` double default NULL,
  `FLG_EXEC` varchar(1) default NULL,
  `FLG_STOP` varchar(1) default NULL,
  `STEP_CONTEXT` varchar(2000) default NULL,
  UNIQUE KEY `CODE_STEP` (`CODE_STEP`)
) ENGINE=InnoDB  DEFAULT CHARSET=utf8 AUTO_INCREMENT=51223 ;

--
-- Contenu de la table `QC1_REP_RUN_STEP`
--

INSERT INTO `QC1_REP_RUN_STEP` (`CODE_SEQ`, `CODE_STEP`, `CODE_JOB`, `NAME_STEP`, `DESC_STEP`, `PROJECT`, `CLASSPATH`, `JOB_FOLDER`, `LIB_FOLDER`, `JAVA_XMS`, `JAVA_XMX`, `STEP_ORDER`, `FLG_EXEC`, `FLG_STOP`, `STEP_CONTEXT`) VALUES
(2, 17, 150, 'DSA_MOD_ACTIVITY', NULL, 'qbs_std', NULL, 'J:\\QBIK_Solution\\std\\job\\*;', 'J:\\QBIK_Solution\\std\\lib\\*;', '-Xms512M', '-Xmx1024M', 24, '0', '0', NULL),
(2, 18, 135, 'DSA_MOD_DATE', NULL, 'qbs_std', NULL, 'J:\\QBIK_Solution\\std\\job\\*;', 'J:\\QBIK_Solution\\std\\lib\\*;', '-Xms512M', '-Xmx1024M', 1, '1', '0', NULL),
(2, 19, 32, 'REP_MTA_APPLY_RULE_ALL', NULL, 'qbs_std', NULL, 'J:\\QBIK_Solution\\std\\job\\*;', 'J:\\QBIK_Solution\\std\\lib\\*;', '-Xms512M', '-Xmx1024M', 16, '1', '0', NULL),
(2, 20, 149, 'DSA_MOD_ABSENCE_PERIOD', NULL, 'qbs_std', NULL, 'J:\\QBIK_Solution\\std\\job\\*;', 'J:\\QBIK_Solution\\std\\lib\\*;', '-Xms512M', '-Xmx1024M', 23, '1', '0', NULL),
(2, 21, 136, 'DSA_MOD_EMPLOYEE', NULL, 'qbs_std', NULL, 'J:\\QBIK_Solution\\std\\job\\*;', 'J:\\QBIK_Solution\\std\\lib\\*;', '-Xms512M', '-Xmx1024M', 2, '1', '0', NULL),
(2, 22, 139, 'DSA_MOD_CLASSIFICATION', NULL, 'qbs_std', NULL, 'J:\\QBIK_Solution\\std\\job\\*;', 'J:\\QBIK_Solution\\std\\lib\\*;', '-Xms512M', '-Xmx1024M', 7, '1', '0', NULL),
(2, 23, 138, 'DSA_MOD_ASSIGNMENT', NULL, 'qbs_std', NULL, 'J:\\QBIK_Solution\\std\\job\\*;', 'J:\\QBIK_Solution\\std\\lib\\*;', '-Xms512M', '-Xmx1024M', 6, '1', '0', NULL),
(2, 24, 140, 'DSA_MOD_SALARY', NULL, 'qbs_std', NULL, 'J:\\QBIK_Solution\\std\\job\\*;', 'J:\\QBIK_Solution\\std\\lib\\*;', '-Xms512M', '-Xmx1024M', 8, '1', '0', NULL),
(2, 25, 142, 'DSA_MOD_LOCATION', NULL, 'qbs_std', NULL, 'J:\\QBIK_Solution\\std\\job\\*;', 'J:\\QBIK_Solution\\std\\lib\\*;', '-Xms512M', '-Xmx1024M', 10, '1', '0', NULL),
(2, 26, 146, 'DSA_MOD_MOVEMENT', NULL, 'qbs_std', NULL, 'J:\\QBIK_Solution\\std\\job\\*;', 'J:\\QBIK_Solution\\std\\lib\\*;', '-Xms512M', '-Xmx1024M', 19, '1', '0', NULL),
(2, 27, 143, 'DSA_MOD_COMPANY', NULL, 'qbs_std', NULL, 'J:\\QBIK_Solution\\std\\job\\*;', 'J:\\QBIK_Solution\\std\\lib\\*;', '-Xms512M', '-Xmx1024M', 11, '1', '0', NULL),
(2, 28, 153, 'DSA_MOD_ACCOUNT_ITEM', NULL, 'qbs_std', NULL, 'J:\\QBIK_Solution\\std\\job\\*;', 'J:\\QBIK_Solution\\std\\lib\\*;', '-Xms512M', '-Xmx1024M', 15, '0', '0', NULL),
(2, 29, 137, 'DSA_MOD_CONTRACT', NULL, 'qbs_std', NULL, 'J:\\QBIK_Solution\\std\\job\\*;', 'J:\\QBIK_Solution\\std\\lib\\*;', '-Xms512M', '-Xmx1024M', 5, '1', '0', NULL),
(2, 30, 141, 'DSA_MOD_ORGANISATION', NULL, 'qbs_std', NULL, 'J:\\QBIK_Solution\\std\\job\\*;', 'J:\\QBIK_Solution\\std\\lib\\*;', '-Xms512M', '-Xmx1024M', 9, '1', '0', NULL),
(2, 31, 144, 'DSA_MOD_BUDGET_UNIT', NULL, 'qbs_std', NULL, 'J:\\QBIK_Solution\\std\\job\\*;', 'J:\\QBIK_Solution\\std\\lib\\*;', '-Xms512M', '-Xmx1024M', 12, '0', '0', NULL),
(2, 32, 148, 'DSA_MOD_ABSENCE_REASON', NULL, 'qbs_std', NULL, 'J:\\QBIK_Solution\\std\\job\\*;', 'J:\\QBIK_Solution\\std\\lib\\*;', '-Xms512M', '-Xmx1024M', 13, '1', '0', NULL),
(2, 33, 147, 'DSA_MOD_MOBILITY', NULL, 'qbs_std', NULL, 'J:\\QBIK_Solution\\std\\job\\*;', 'J:\\QBIK_Solution\\std\\lib\\*;', '-Xms512M', '-Xmx1024M', 21, '1', '0', NULL),
(2, 34, 151, 'DSA_MOD_PAYROLL_ITEM', NULL, 'qbs_std', NULL, 'J:\\QBIK_Solution\\std\\job\\*;', 'J:\\QBIK_Solution\\std\\lib\\*;', '-Xms512M', '-Xmx1024M', 14, '1', '0', NULL),
(2, 35, 145, 'DSA_MOD_HEADCOUNT', NULL, 'qbs_std', NULL, 'J:\\QBIK_Solution\\std\\job\\*;', 'J:\\QBIK_Solution\\std\\lib\\*;', '-Xms512M', '-Xmx1024M', 17, '1', '0', NULL),
(2, 36, 154, 'DSA_MOD_ACCOUNT_DETAIL', NULL, 'qbs_std', NULL, 'J:\\QBIK_Solution\\std\\job\\*;', 'J:\\QBIK_Solution\\std\\lib\\*;', '-Xms512M', '-Xmx1024M', 26, '0', '0', NULL),
(2, 37, 152, 'DSA_MOD_PAYROLL_DETAIL', NULL, 'qbs_std', NULL, 'J:\\QBIK_Solution\\std\\job\\*;', 'J:\\QBIK_Solution\\std\\lib\\*;', '-Xms512M', '-Xmx1024M', 25, '1', '0', NULL),
(2, 38, 176, 'DSA_MOD_FINANCE', NULL, 'qbs_std', NULL, 'J:\\QBIK_Solution\\std\\job\\*;', 'J:\\QBIK_Solution\\std\\lib\\*;', '-Xms512M', '-Xmx1024M', 27, '0', '0', NULL),
(2, 39, 0, 'DSA_MOD_CLT', NULL, 'qbs_std', NULL, 'J:\\QBIK_Solution\\std\\job\\*;', 'J:\\QBIK_Solution\\std\\lib\\*;', '-Xms512M', '-Xmx1024M', 33, '0', '0', NULL),
(3, 41, 155, 'DSA_DIM_DATE', NULL, 'qbs_std', NULL, 'J:\\QBIK_Solution\\std\\job\\*;', 'J:\\QBIK_Solution\\std\\lib\\*;', '-Xms512M', '-Xmx1024M', 1, '1', '0', NULL),
(3, 42, 156, 'DSA_DIM_EMPLOYEE', NULL, 'qbs_std', NULL, 'J:\\QBIK_Solution\\std\\job\\*;', 'J:\\QBIK_Solution\\std\\lib\\*;', '-Xms512M', '-Xmx1024M', 2, '1', '0', NULL),
(3, 43, 157, 'DSA_DIM_CONTRACT', NULL, 'qbs_std', NULL, 'J:\\QBIK_Solution\\std\\job\\*;', 'J:\\QBIK_Solution\\std\\lib\\*;', '-Xms512M', '-Xmx1024M', 4, '1', '0', NULL),
(3, 44, 158, 'DSA_DIM_ASSIGNMENT', NULL, 'qbs_std', NULL, 'J:\\QBIK_Solution\\std\\job\\*;', 'J:\\QBIK_Solution\\std\\lib\\*;', '-Xms512M', '-Xmx1024M', 5, '1', '0', NULL),
(3, 45, 159, 'DSA_DIM_CLASSIFICATION', NULL, 'qbs_std', NULL, 'J:\\QBIK_Solution\\std\\job\\*;', 'J:\\QBIK_Solution\\std\\lib\\*;', '-Xms512M', '-Xmx1024M', 6, '1', '0', NULL),
(3, 46, 160, 'DSA_DIM_SALARY', NULL, 'qbs_std', NULL, 'J:\\QBIK_Solution\\std\\job\\*;', 'J:\\QBIK_Solution\\std\\lib\\*;', '-Xms512M', '-Xmx1024M', 7, '1', '0', NULL),
(3, 47, 161, 'DSA_DIM_ORGANISATION', NULL, 'qbs_std', NULL, 'J:\\QBIK_Solution\\std\\job\\*;', 'J:\\QBIK_Solution\\std\\lib\\*;', '-Xms512M', '-Xmx1024M', 8, '1', '0', NULL),
(3, 48, 162, 'DSA_DIM_LOCATION', NULL, 'qbs_std', NULL, 'J:\\QBIK_Solution\\std\\job\\*;', 'J:\\QBIK_Solution\\std\\lib\\*;', '-Xms512M', '-Xmx1024M', 9, '1', '0', NULL),
(3, 49, 163, 'DSA_DIM_COMPANY', NULL, 'qbs_std', NULL, 'J:\\QBIK_Solution\\std\\job\\*;', 'J:\\QBIK_Solution\\std\\lib\\*;', '-Xms512M', '-Xmx1024M', 10, '1', '0', NULL),
(3, 50, 164, 'DSA_DIM_BUDGET_UNIT', NULL, 'qbs_std', NULL, 'J:\\QBIK_Solution\\std\\job\\*;', 'J:\\QBIK_Solution\\std\\lib\\*;', '-Xms512M', '-Xmx1024M', 11, '0', '0', NULL),
(3, 51, 165, 'DSA_DIM_ABSENCE_REASON', NULL, 'qbs_std', NULL, 'J:\\QBIK_Solution\\std\\job\\*;', 'J:\\QBIK_Solution\\std\\lib\\*;', '-Xms512M', '-Xmx1024M', 12, '1', '0', NULL),
(3, 52, 166, 'DSA_DIM_PAYROLL_ITEM', NULL, 'qbs_std', NULL, 'J:\\QBIK_Solution\\std\\job\\*;', 'J:\\QBIK_Solution\\std\\lib\\*;', '-Xms512M', '-Xmx1024M', 13, '1', '0', NULL),
(3, 53, 167, 'DSA_DIM_ACCOUNT_ITEM', NULL, 'qbs_std', NULL, 'J:\\QBIK_Solution\\std\\job\\*;', 'J:\\QBIK_Solution\\std\\lib\\*;', '-Xms512M', '-Xmx1024M', 14, '0', '0', NULL),
(4, 54, 170, 'DSA_FAC_HEADCOUNT', NULL, 'qbs_std', NULL, 'J:\\QBIK_Solution\\std\\job\\*;', 'J:\\QBIK_Solution\\std\\lib\\*;', '-Xms512M', '-Xmx1024M', 1, '1', '0', NULL),
(4, 55, 168, 'DSA_FAC_MOVEMENT', NULL, 'qbs_std', NULL, 'J:\\QBIK_Solution\\std\\job\\*;', 'J:\\QBIK_Solution\\std\\lib\\*;', '-Xms512M', '-Xmx1024M', 3, '1', '0', NULL),
(4, 56, 169, 'DSA_FAC_MOBILITY', NULL, 'qbs_std', NULL, 'J:\\QBIK_Solution\\std\\job\\*;', 'J:\\QBIK_Solution\\std\\lib\\*;', '-Xms512M', '-Xmx1024M', 4, '1', '0', NULL),
(4, 57, 171, 'DSA_FAC_ABSENCE', NULL, 'qbs_std', NULL, 'J:\\QBIK_Solution\\std\\job\\*;', 'J:\\QBIK_Solution\\std\\lib\\*;', '-Xms512M', '-Xmx1024M', 5, '1', '0', NULL),
(4, 58, 172, 'DSA_FAC_ACTIVITY', NULL, 'qbs_std', NULL, 'J:\\QBIK_Solution\\std\\job\\*;', 'J:\\QBIK_Solution\\std\\lib\\*;', '-Xms512M', '-Xmx1024M', 7, '0', '0', NULL),
(4, 59, 173, 'DSA_FAC_PAYROLL', NULL, 'qbs_std', NULL, 'J:\\QBIK_Solution\\std\\job\\*;', 'J:\\QBIK_Solution\\std\\lib\\*;', '-Xms512M', '-Xmx1024M', 8, '1', '0', NULL),
(4, 60, 174, 'DSA_FAC_ACCOUNT', NULL, 'qbs_std', NULL, 'J:\\QBIK_Solution\\std\\job\\*;', 'J:\\QBIK_Solution\\std\\lib\\*;', '-Xms512M', '-Xmx1024M', 9, '0', '0', NULL),
(4, 61, 175, 'DSA_FAC_FINANCE', NULL, 'qbs_std', NULL, 'J:\\QBIK_Solution\\std\\job\\*;', 'J:\\QBIK_Solution\\std\\lib\\*;', '-Xms512M', '-Xmx1024M', 10, '0', '0', NULL),
(4, 62, 54, 'REP_SLC_APPLY_RULE_ALL', NULL, 'qbs_std', NULL, 'J:\\QBIK_Solution\\std\\job\\*;', 'J:\\QBIK_Solution\\std\\lib\\*;', '-Xms512M', '-Xmx1024M', 15, '1', '0', NULL),
(4, 70, 0, 'DSA_DMT_CLT', NULL, 'qbs_std', NULL, 'J:\\QBIK_Solution\\std\\job\\*;', 'J:\\QBIK_Solution\\std\\lib\\*;', '-Xms512M', '-Xmx1024M', 14, '0', '0', NULL),
(6, 72, 64, 'QBT_SRC_CHECK_FILES', NULL, 'qbs_std', NULL, 'J:\\QBIK_Solution\\std\\job\\*;', 'J:\\QBIK_Solution\\std\\lib\\*;', '-Xms512M', '-Xmx1024M', 1, '1', '0', NULL),
(6, 73, 65, 'QBT_SRC_CREATE_DPA_TABLE_ALL', NULL, 'qbs_std', NULL, 'J:\\QBIK_Solution\\std\\job\\*;', 'J:\\QBIK_Solution\\std\\lib\\*;', '-Xms512M', '-Xmx1024M', 2, '1', '0', '--context_param PRM_DROP_TABLE=true'),
(6, 74, 66, 'QBT_SRC_LOAD_FILE_ALL', NULL, 'qbs_std', NULL, 'J:\\QBIK_Solution\\std\\job\\*;', 'J:\\QBIK_Solution\\std\\lib\\*;', '-Xms512M', '-Xmx1024M', 3, '1', '0', NULL),
(7, 75, 192, 'SEQ_DSA_DMT_DIM', NULL, 'qbs_std', NULL, 'J:\\QBIK_Solution\\std\\job\\*;', 'J:\\QBIK_Solution\\std\\lib\\*;', '-Xms512M', '-Xmx1024M', 1, '1', '0', NULL),
(7, 76, 193, 'SEQ_DSA_DMT_FAC', NULL, 'qbs_std', NULL, 'J:\\QBIK_Solution\\std\\job\\*;', 'J:\\QBIK_Solution\\std\\lib\\*;', '-Xms512M', '-Xmx1024M', 2, '1', '0', NULL),
(7, 77, 69, 'SEQ_DSA_DMT_LOG', NULL, 'qbs_std', NULL, 'J:\\QBIK_Solution\\std\\job\\*;', 'J:\\QBIK_Solution\\std\\lib\\*;', '-Xms512M', '-Xmx1024M', 3, '1', '0', NULL),
(7, 78, 0, 'DMT_CLT', NULL, 'qbs_std', NULL, 'J:\\QBIK_Solution\\std\\job\\*;', 'J:\\QBIK_Solution\\std\\lib\\*;', '-Xms512M', '-Xmx1024M', 4, '0', '0', NULL),
(7, 79, 70, 'QBT_ORA_REBUILD_SCHEMA_INDEX', NULL, 'qbs_std', NULL, 'J:\\QBIK_Solution\\std\\job\\*;', 'J:\\QBIK_Solution\\std\\lib\\*;', '-Xms512M', '-Xmx1024M', 6, '1', '0', '--context_param PRM_SCHEMA_CODE=QBSDMT'),
(7, 80, 71, 'QBT_ORA_GATHER_SCHEMA_STATS', NULL, 'qbs_std', NULL, 'J:\\QBIK_Solution\\std\\job\\*;', 'J:\\QBIK_Solution\\std\\lib\\*;', '-Xms512M', '-Xmx1024M', 7, '1', '0', '--context_param PRM_SCHEMA_CODE=QBSDMT'),
(8, 81, 72, 'INSERT_EXTERN_DATAS_DPA', NULL, 'qbs_std', NULL, 'J:\\QBIK_Solution\\std\\job\\*;', 'J:\\QBIK_Solution\\std\\lib\\*;', '-Xms512M', '-Xmx1024M', 1, '0', '0', NULL),
(8, 82, 73, 'INSERT_EXTERN_DATAS_DMT', NULL, 'qbs_std', NULL, 'J:\\QBIK_Solution\\std\\job\\*;', 'J:\\QBIK_Solution\\std\\lib\\*;', '-Xms512M', '-Xmx1024M', 2, '1', '0', NULL),
(102, 104, 63, 'EPE_EXEC_FUSION_ASSIGNMENT', NULL, 'qbs_std', NULL, 'J:\\QBIK_Solution\\std\\job\\*;', 'J:\\QBIK_Solution\\std\\lib\\*;', '-Xms512M', '-Xmx1024M', 1, '1', '0', '--context_param EPE_PRM_FUSION=450'),
(100, 106, 63, 'EPE_EXEC_FUSION_SALARY', NULL, 'qbs_std', NULL, 'J:\\QBIK_Solution\\std\\job\\*;', 'J:\\QBIK_Solution\\std\\lib\\*;', '-Xms512M', '-Xmx1024M', 1, '1', '0', '--context_param EPE_PRM_FUSION=466'),
(101, 107, 63, 'EPE_EXEC_FUSION_CLASSIFICATION', NULL, 'qbs_std', NULL, 'J:\\QBIK_Solution\\std\\job\\*;', 'J:\\QBIK_Solution\\std\\lib\\*;', '-Xms512M', '-Xmx1024M', 1, '1', '0', '--context_param EPE_PRM_FUSION=449'),
(2, 123, 181, 'DSA_MOD_TRAINING_ATTEND', NULL, 'qbs_std', NULL, 'J:\\QBIK_Solution\\std\\job\\*;', 'J:\\QBIK_Solution\\std\\lib\\*;', '-Xms512M', '-Xmx1024M', 32, '0', '0', NULL),
(2, 124, 180, 'DSA_MOD_TRAINING_SESSION', NULL, 'qbs_std', NULL, 'J:\\QBIK_Solution\\std\\job\\*;', 'J:\\QBIK_Solution\\std\\lib\\*;', '-Xms512M', '-Xmx1024M', 31, '0', '0', NULL),
(2, 125, 179, 'DSA_MOD_TRAINING_REQUEST', NULL, 'qbs_std', NULL, 'J:\\QBIK_Solution\\std\\job\\*;', 'J:\\QBIK_Solution\\std\\lib\\*;', '-Xms512M', '-Xmx1024M', 30, '0', '0', NULL),
(2, 126, 178, 'DSA_MOD_TRAINING_COURSE', NULL, 'qbs_std', NULL, 'J:\\QBIK_Solution\\std\\job\\*;', 'J:\\QBIK_Solution\\std\\lib\\*;', '-Xms512M', '-Xmx1024M', 29, '0', '0', NULL),
(2, 127, 177, 'DSA_MOD_TRAINING_PROGRAM', NULL, 'qbs_std', NULL, 'J:\\QBIK_Solution\\std\\job\\*;', 'J:\\QBIK_Solution\\std\\lib\\*;', '-Xms512M', '-Xmx1024M', 28, '0', '0', NULL),
(3, 128, 182, 'DSA_DIM_TRAINING_PROGRAM', NULL, 'qbs_std', NULL, 'J:\\QBIK_Solution\\std\\job\\*;', 'J:\\QBIK_Solution\\std\\lib\\*;', '-Xms512M', '-Xmx1024M', 15, '0', '0', NULL),
(3, 129, 185, 'DSA_DIM_TRAINING_SESSION', NULL, 'qbs_std', NULL, 'J:\\QBIK_Solution\\std\\job\\*;', 'J:\\QBIK_Solution\\std\\lib\\*;', '-Xms512M', '-Xmx1024M', 18, '0', '0', NULL),
(3, 130, 183, 'DSA_DIM_TRAINING_COURSE', NULL, 'qbs_std', NULL, 'J:\\QBIK_Solution\\std\\job\\*;', 'J:\\QBIK_Solution\\std\\lib\\*;', '-Xms512M', '-Xmx1024M', 16, '0', '0', NULL),
(3, 131, 184, 'DSA_DIM_TRAINING_REQUEST', NULL, 'qbs_std', NULL, 'J:\\QBIK_Solution\\std\\job\\*;', 'J:\\QBIK_Solution\\std\\lib\\*;', '-Xms512M', '-Xmx1024M', 17, '0', '0', NULL),
(4, 132, 186, 'DSA_FAC_M_TRAINING_REQUEST', NULL, 'qbs_std', NULL, 'J:\\QBIK_Solution\\std\\job\\*;', 'J:\\QBIK_Solution\\std\\lib\\*;', '-Xms512M', '-Xmx1024M', 11, '0', '0', NULL),
(4, 133, 187, 'DSA_FAC_M_TRAINING_SESSION', NULL, 'qbs_std', NULL, 'J:\\QBIK_Solution\\std\\job\\*;', 'J:\\QBIK_Solution\\std\\lib\\*;', '-Xms512M', '-Xmx1024M', 12, '0', '0', NULL),
(7, 134, 73, 'INSERT_EXTERN_DATAS_DMT', NULL, 'qbs_std', NULL, 'J:\\QBIK_Solution\\std\\job\\*;', 'J:\\QBIK_Solution\\std\\lib\\*;', '-Xms512M', '-Xmx1024M', 5, '1', '0', NULL),
(2, 135, 32, 'REP_MTA_APPLY_RULE_ALL', NULL, 'qbs_std', NULL, 'J:\\QBIK_Solution\\std\\job\\*;', 'J:\\QBIK_Solution\\std\\lib\\*;', '-Xms512M', '-Xmx1024M', 34, '1', '0', NULL),
(20, 136, 191, 'ARC_ALL', NULL, 'qbs_std', NULL, 'J:\\QBIK_Solution\\std\\job\\*;', 'J:\\QBIK_Solution\\std\\lib\\*;', '-Xms512M', '-Xmx1024M', 1, '1', '0', NULL),
(2, 137, 188, 'DSA_MOD_CHILD', NULL, 'qbs_std', NULL, 'J:\\QBIK_Solution\\std\\job\\*;', 'J:\\QBIK_Solution\\std\\lib\\*;', '-Xms512M', '-Xmx1024M', 3, '0', '0', NULL),
(2, 138, 189, 'DSA_MOD_BRG_EMP_CHD', NULL, 'qbs_std', NULL, 'J:\\QBIK_Solution\\std\\job\\*;', 'J:\\QBIK_Solution\\std\\lib\\*;', '-Xms512M', '-Xmx1024M', 4, '0', '0', NULL),
(3, 139, 190, 'DSA_DIM_CHILD', NULL, 'qbs_std', NULL, 'J:\\QBIK_Solution\\std\\job\\*;', 'J:\\QBIK_Solution\\std\\lib\\*;', '-Xms512M', '-Xmx1024M', 3, '0', '0', NULL),
(2, 140, 195, 'DSA_MOD_HEADCOUNT_PERIOD', NULL, 'qbs_std', NULL, 'J:\\QBIK_Solution\\std\\job\\*;', 'J:\\QBIK_Solution\\std\\lib\\*;', '-Xms512M', '-Xmx1024M', 18, '1', '0', NULL),
(4, 141, 194, 'DSA_FAC_HEADCOUNT_PERIOD', NULL, 'qbs_std', NULL, 'J:\\QBIK_Solution\\std\\job\\*;', 'J:\\QBIK_Solution\\std\\lib\\*;', '-Xms512M', '-Xmx1024M', 2, '1', '0', NULL),
(9, 142, 196, 'PRI_REFRESH_ITEM', NULL, 'qbs_std', NULL, 'J:\\QBIK_Solution\\std\\job\\*;', 'J:\\QBIK_Solution\\std\\lib\\*;', '-Xms512M', '-Xmx1024M', 1, '1', '0', NULL),
(9, 143, 197, 'MTA_REFRESH_RULES', NULL, 'qbs_std', NULL, 'J:\\QBIK_Solution\\std\\job\\*;', 'J:\\QBIK_Solution\\std\\lib\\*;', '-Xms512M', '-Xmx1024M', 2, '1', '0', NULL),
(50473, 50474, 63, 'EPE_EXEC_FUSION_EMPLOYEE', NULL, 'qbs_std', NULL, 'J:\\QBIK_Solution\\std\\job\\*;', 'J:\\QBIK_Solution\\std\\lib\\*;', '-Xms512M', '-Xmx1024M', 1, '1', '0', '--context_param EPE_PRM_FUSION=50442'),
(50475, 50476, 63, 'EPE_EXEC_FUSION_CONTRACT', NULL, 'qbs_std', NULL, 'J:\\QBIK_Solution\\std\\job\\*;', 'J:\\QBIK_Solution\\std\\lib\\*;', '-Xms512M', '-Xmx1024M', 1, '1', '0', '--context_param EPE_PRM_FUSION=50441'),
(50477, 50478, 63, 'EPE_EXEC_FUSION_COMPANY', NULL, 'qbs_std', NULL, 'J:\\QBIK_Solution\\std\\job\\*;', 'J:\\QBIK_Solution\\std\\lib\\*;', '-Xms512M', '-Xmx1024M', 1, '1', '0', '--context_param EPE_PRM_FUSION=50443'),
(50479, 50480, 63, 'EPE_EXEC_FUSION_LOCATION', NULL, 'qbs_std', NULL, 'J:\\QBIK_Solution\\std\\job\\*;', 'J:\\QBIK_Solution\\std\\lib\\*;', '-Xms512M', '-Xmx1024M', 1, '1', '0', '--context_param EPE_PRM_FUSION=50444'),
(50481, 50482, 63, 'EPE_EXEC_FUSION_ASSIGNMENT', NULL, 'qbs_std', NULL, 'J:\\QBIK_Solution\\std\\job\\*;', 'J:\\QBIK_Solution\\std\\lib\\*;', '-Xms512M', '-Xmx1024M', 1, '1', '0', '--context_param EPE_PRM_FUSION=50440'),
(1, 50487, 50498, 'DPA_ASSIGNMENT', NULL, 'qbs_agap', NULL, 'J:\\QBIK_Solution\\clt_agap\\job\\*;', 'J:\\QBIK_Solution\\std\\lib\\*;', '-Xms512M', '-Xmx1024M', 3, '1', '0', NULL),
(1, 50488, 50499, 'DPA_CLASSIFICATION', NULL, 'qbs_agap', NULL, 'J:\\QBIK_Solution\\clt_agap\\job\\*;', 'J:\\QBIK_Solution\\std\\lib\\*;', '-Xms512M', '-Xmx1024M', 4, '1', '0', NULL),
(1, 50489, 50500, 'DPA_ORGANISATION', NULL, 'qbs_agap', NULL, 'J:\\QBIK_Solution\\clt_agap\\job\\*;', 'J:\\QBIK_Solution\\std\\lib\\*;', '-Xms512M', '-Xmx1024M', 5, '1', '0', NULL),
(1, 50490, 50501, 'DPA_COMPANY', NULL, 'qbs_agap', NULL, 'J:\\QBIK_Solution\\clt_agap\\job\\*;', 'J:\\QBIK_Solution\\std\\lib\\*;', '-Xms512M', '-Xmx1024M', 6, '1', '0', NULL),
(1, 50491, 50502, 'DPA_LOCATION', NULL, 'qbs_agap', NULL, 'J:\\QBIK_Solution\\clt_agap\\job\\*;', 'J:\\QBIK_Solution\\std\\lib\\*;', '-Xms512M', '-Xmx1024M', 7, '1', '0', NULL),
(1, 50492, 50503, 'DPA_ABSENCE_REASON', NULL, 'qbs_agap', NULL, 'J:\\QBIK_Solution\\clt_agap\\job\\*;', 'J:\\QBIK_Solution\\std\\lib\\*;', '-Xms512M', '-Xmx1024M', 8, '1', '0', NULL),
(1, 50493, 50504, 'DPA_ABSENCE_PERIOD', NULL, 'qbs_agap', NULL, 'J:\\QBIK_Solution\\clt_agap\\job\\*;', 'J:\\QBIK_Solution\\std\\lib\\*;', '-Xms512M', '-Xmx1024M', 9, '1', '0', NULL),
(1, 50494, 50505, 'DPA_PAYROLL_ITEM', NULL, 'qbs_agap', NULL, 'J:\\QBIK_Solution\\clt_agap\\job\\*;', 'J:\\QBIK_Solution\\std\\lib\\*;', '-Xms512M', '-Xmx1024M', 10, '1', '0', NULL),
(1, 50495, 50507, 'DPA_SALARY', NULL, 'qbs_agap', NULL, 'J:\\QBIK_Solution\\clt_agap\\job\\*;', 'J:\\QBIK_Solution\\std\\lib\\*;', '-Xms512M', '-Xmx1024M', 11, '1', '0', NULL),
(4, 50571, 50570, 'FAC_D_SENIORITY', NULL, 'qbs_std', NULL, 'J:\\QBIK_Solution\\std\\job\\*;', 'J:\\QBIK_Solution\\std\\lib\\*;', '-Xms512M', '-Xmx1024M', 13, '1', '0', NULL),
(2, 50779, 50780, 'DSA_MOD_MOVEMENT_CLT_001', NULL, 'qbs_agap', NULL, 'J:\\QBIK_Solution\\clt_agap\\job\\*;', 'J:\\QBIK_Solution\\std\\lib\\*;', '-Xms512M', '-Xmx1024M', 22, '1', '0', NULL),
(4, 51204, 51203, 'DSA_FAC_P_HEADCOUNT_CLT_001', NULL, 'qbs_agap', NULL, 'J:\\QBIK_Solution\\clt_agap\\job\\*;', 'J:\\QBIK_Solution\\std\\lib\\*;', '-Xms512M', '-Xmx1024M', 6, '1', '0', NULL),
(2, 51219, 51220, 'DSA_MOD_MOVEMENT_CLT_002', NULL, 'qbs_agap', NULL, 'J:\\QBIK_Solution\\clt_agap\\job\\*;', 'J:\\QBIK_Solution\\std\\lib\\*;', '-Xms512M', '-Xmx1024M', 20, '0', '0', NULL),
(50484, 51220, 50497, 'Test', 'D', 'QSQ', 'SQQSQ', 'QQQQQQ', 'LIB', 'SS', 'ddDddddd', 0, '1', '1', 'bbbbbb'),
(50485, 51222, 50496, '1', 'a', 'b', 'c', 'd', 'e', 'f', 'g', 1, '1', NULL, 'h');

-- --------------------------------------------------------

--
-- Structure de la table `QC1_REP_SEC_MOD_DEFINITION`
--

CREATE TABLE IF NOT EXISTS `QC1_REP_SEC_MOD_DEFINITION` (
  `ITEM_ID` int(11) NOT NULL auto_increment,
  `ITEM_NAME` varchar(200) default NULL,
  `ITEM_ORDER` decimal(38,0) default NULL,
  `PARENT_ID` decimal(38,0) default NULL,
  `CONF` varchar(50) default NULL,
  `PROFILE01` decimal(38,0) default NULL,
  `PROFILE02` decimal(38,0) default NULL,
  `PROFILE03` decimal(38,0) default NULL,
  `PROFILE04` decimal(38,0) default NULL,
  `PROFILE05` decimal(38,0) default NULL,
  `ITEM_ICON` varchar(35) NOT NULL,
  UNIQUE KEY `ITEM_ID` (`ITEM_ID`)
) ENGINE=InnoDB  DEFAULT CHARSET=utf8 AUTO_INCREMENT=55 ;

--
-- Contenu de la table `QC1_REP_SEC_MOD_DEFINITION`
--

INSERT INTO `QC1_REP_SEC_MOD_DEFINITION` (`ITEM_ID`, `ITEM_NAME`, `ITEM_ORDER`, `PARENT_ID`, `CONF`, `PROFILE01`, `PROFILE02`, `PROFILE03`, `PROFILE04`, `PROFILE05`, `ITEM_ICON`) VALUES
(1, 'Intégration de Données', '1', '0', 'donnees', '1', '1', '1', '1', NULL, 'fa-database'),
(2, 'Référentiels', '2', '0', 'referentiels', '1', '1', '0', NULL, NULL, 'fa-list'),
(3, 'Indicateurs', '3', '0', 'indicateurs', '1', '1', '0', NULL, NULL, 'fa-sliders'),
(4, 'Archives', '4', '0', 'archives', '1', '1', '1', NULL, NULL, 'fa-archive'),
(5, 'Configurations', '6', '0', 'configuration', '1', '1', '1', '0', NULL, 'fa-cogs'),
(6, 'Regroupements', '1', '2', 'regroupements|referentiels|liste_regroupements', '1', '1', '0', '0', '1', 'fa-users'),
(7, 'Tranches', '2', '2', 'tranches|referentiels|liste_tranches', '1', '1', '0', '0', '0', 'fa-bar-chart'),
(8, 'Gestion des Archives', '1', '4', 'gestion-archives|archives|liste_archives', '1', '1', '1', NULL, NULL, 'fa-archive'),
(9, 'Indicateurs de Mobilité', '2', '3', 'mobilite|indicateurs|liste_indicateurs_mobilite', '1', '1', '0', NULL, NULL, 'fa-car'),
(10, 'Indicateurs de Paie', '1', '3', 'paie|indicateurs|liste_indicateurs_paie', '1', '1', '0', '0', NULL, 'fa-money'),
(11, 'Fusions', '3', '1', 'fusions|donnees|liste_fusions', '1', '0', '1', '0', '0', 'fa-refresh'),
(13, 'Historiques', '2', '1', 'historiques|donnees|liste_historiques', '1', '0', '1', '0', '0', 'fa-history'),
(14, 'Fichiers Sources', '1', '1', 'fichiers-sources|donnees|liste_fichiers_sources', '1', '1', '0', '1', '0', 'fa-file'),
(15, 'Modules', '2', '5', 'modules|configuration|liste_modules', '1', '0', '1', '0', NULL, 'fa-sitemap'),
(41, 'Séquences', '4', '5', 'sequences|configuration|liste_sequences', '1', '0', '1', '0', NULL, 'fa-briefcase'),
(42, 'Ancienneté', '5', '2', 'anciennete|referentiels|liste_anciennetes', '1', '1', '0', '0', '0', 'fa-university'),
(44, 'Types d''archive', '2', '4', 'types-archives|archives|liste_types', '1', '1', '1', '0', '0', 'fa-list-alt'),
(46, 'Sécurité', '5', '0', 'securite', '1', '0', '0', '1', '0', 'fa-lock'),
(47, 'Utilisateurs', '1', '46', 'utilisateurs|securite|liste_utilisateurs', '1', '0', '0', '1', '0', 'fa-users'),
(48, 'Profils', '2', '46', 'profils|securite|liste_profils', '1', '0', '0', '0', '0', 'fa-tags'),
(49, 'Permissions', '3', '46', 'permissions|securite|gestion_permissions', '1', '0', '0', '0', '0', 'fa-unlock'),
(50, 'Origines', '5', '1', 'origines|donnees|liste_origines', '1', '0', '0', '1', '0', 'fa-globe'),
(51, 'Commentaires', '4', '2', 'commentaires|referentiels|liste_commentaires', '1', '0', '1', '0', '0', 'fa-comment'),
(52, 'Jobs', '5', '5', 'jobs|configuration|liste_jobs', '1', '0', '1', '0', '0', 'fa-tty'),
(53, 'Champs de tranche', '3', '2', 'champs-tranche|referentiels|liste_champs', '1', '1', '0', '0', '0', 'fa-columns');

-- --------------------------------------------------------

--
-- Structure de la table `QC1_REP_SEC_PROFILE`
--

CREATE TABLE IF NOT EXISTS `QC1_REP_SEC_PROFILE` (
  `CODE_ENV` varchar(10) NOT NULL,
  `CODE_PROFILE` int(11) NOT NULL auto_increment,
  `NAME_PROFILE` varchar(50) NOT NULL,
  `DESC_PROFILE` varchar(250) NOT NULL,
  `COLUMN_PROFILE` varchar(50) NOT NULL,
  UNIQUE KEY `CODE_PROFILE` (`CODE_PROFILE`),
  KEY `CODE_PROFILE_2` (`CODE_PROFILE`)
) ENGINE=InnoDB  DEFAULT CHARSET=utf8 AUTO_INCREMENT=5 ;

--
-- Contenu de la table `QC1_REP_SEC_PROFILE`
--

INSERT INTO `QC1_REP_SEC_PROFILE` (`CODE_ENV`, `CODE_PROFILE`, `NAME_PROFILE`, `DESC_PROFILE`, `COLUMN_PROFILE`) VALUES
('', 1, 'Administrateur', 'Texte descriptif pour Administrateur', 'PROFILE01'),
('', 2, 'Fonctionnel', 'Texte descriptif pour Fonctionnel', 'PROFILE02'),
('', 4, 'Sécurité', 'Texte descriptif pour Sécurité', 'PROFILE04');

-- --------------------------------------------------------

--
-- Structure de la table `QC1_REP_SEC_USER`
--

CREATE TABLE IF NOT EXISTS `QC1_REP_SEC_USER` (
  `CODE_ENV` varchar(10) NOT NULL,
  `CODE_USER` int(11) NOT NULL,
  `USERNAME` varchar(50) NOT NULL,
  `FULLNAME` varchar(50) NOT NULL,
  `PASSWORD` varchar(32) NOT NULL,
  `CODE_PROFILE` varchar(10) NOT NULL,
  `LANG` varchar(2) NOT NULL,
  UNIQUE KEY `CODE_USER` (`CODE_USER`),
  KEY `CODE_USER_2` (`CODE_USER`)
) ENGINE=InnoDB DEFAULT CHARSET=utf8;

--
-- Contenu de la table `QC1_REP_SEC_USER`
--

INSERT INTO `QC1_REP_SEC_USER` (`CODE_ENV`, `CODE_USER`, `USERNAME`, `FULLNAME`, `PASSWORD`, `CODE_PROFILE`, `LANG`) VALUES
('', 0, 'aaa', 'aaa', '47bce5c74f589f4867dbd57e9ca9f808', '4', ''),
('', 6, 'dfdhdsfh', 'dhshdhs', 'dshdshdhsh', '5', ''),
('', 8, 'sgfdsqgqg', 'sgsgqgsg', 'qsgsgqsgg', '1', ''),
('', 10, 'sgfdsqgqg', 'sgsgqgsg', 'qsgsgqsgg', '1', ''),
('', 11, 'test 2', 'test 2', 'mdp 2', '1', ''),
('', 12, 'trzrtureu', 'retuerureu', 'ertuerute', '1', ''),
('', 13, 'retueru', 'ghdfkgfkf', 'gfhkgfhkk', '1', ''),
('', 14, 'fghkgfhkgfhk', 'fgkfgkgfhk', 'fghkfghkfgkh', '1', ''),
('', 15, 'fghkfghkk', 'fgkfgkgfkgfhk', 'gfkfgkgfkgfhk', '1', ''),
('', 16, 'Tesd', 'SDdsd', 'aaaaaa', '2', ''),
('', 18, 'Table', '', '', '2', ''),
('', 19, 'Chaise', '', '', '3', ''),
('', 20, 'Caféss', '', '', '1', ''),
('', 21, 'Code', '', '', '4', ''),
('', 22, 'Transport', '', '', '2', ''),
('', 24, 'Personne', '', '', '2', ''),
('', 25, 'User', '', '', '5', ''),
('', 26, 'nineteen', 'Nineteen Groupe', '1d56cec552bf111de57687e4b5f8c795', '1', 'fr'),
('', 27, 'test lmax', '', 'f71dbe52628a3f83a77ab494817525c6', '1', '');

-- --------------------------------------------------------

--
-- Structure de la table `QC1_REP_SEC_USER_ADV_AUTH`
--

CREATE TABLE IF NOT EXISTS `QC1_REP_SEC_USER_ADV_AUTH` (
  `CODE_ENV` varchar(10) default NULL,
  `CODE_USER` double default NULL,
  `QC1_CPY_CODE` varchar(100) default NULL,
  `QC1_CPY_UDF_001` varchar(100) default NULL,
  `QC1_CPY_UDF_002` varchar(100) default NULL,
  `QC1_CPY_UDF_003` varchar(100) default NULL,
  `QC1_CPY_UDF_004` varchar(100) default NULL,
  `QC1_CPY_UDF_005` varchar(100) default NULL
) ENGINE=InnoDB DEFAULT CHARSET=utf8;

-- --------------------------------------------------------

--
-- Structure de la table `QC1_REP_SEC_USER_PROFILE`
--

CREATE TABLE IF NOT EXISTS `QC1_REP_SEC_USER_PROFILE` (
  `CODE_ENV` varchar(10) NOT NULL,
  `CODE_USER` varchar(10) NOT NULL,
  `CODE_PROFILE` varchar(10) NOT NULL
) ENGINE=InnoDB DEFAULT CHARSET=utf8;

-- --------------------------------------------------------

--
-- Structure de la table `QC1_REP_SEN_FIELDS`
--

CREATE TABLE IF NOT EXISTS `QC1_REP_SEN_FIELDS` (
  `SEN_CODE` int(11) NOT NULL auto_increment,
  `SEN_NAME` varchar(100) default NULL,
  `SEN_DESC` varchar(400) default NULL,
  `SEN_CODE_SRC_FIELD` decimal(38,0) default NULL,
  `SEN_CODE_TGT_FIELD` decimal(38,0) default NULL,
  UNIQUE KEY `SEN_CODE` (`SEN_CODE`)
) ENGINE=InnoDB  DEFAULT CHARSET=utf8 AUTO_INCREMENT=50856 ;

--
-- Contenu de la table `QC1_REP_SEN_FIELDS`
--

INSERT INTO `QC1_REP_SEN_FIELDS` (`SEN_CODE`, `SEN_NAME`, `SEN_DESC`, `SEN_CODE_SRC_FIELD`, `SEN_CODE_TGT_FIELD`) VALUES
(50575, 'Age', 'Age - Défaut', '3327', '50574'),
(50577, 'Ancienneté - Défaut', 'Ancienneté - Défaut', '3143', '50576'),
(50579, 'Ancienneté Groupe - Défaut', 'Ancienneté Groupe - Défaut', '3141', '50578'),
(50581, 'Ancienneté Société - Défaut', 'Ancienneté Société - Défaut', '3142', '50580'),
(50583, 'Ancienneté Emploi - Défaut', 'Ancienneté Emploi - Défaut', '2983', '50582'),
(50585, 'Ancienneté Poste - Défaut', 'Ancienneté Poste - Défaut', '2980', '50584'),
(50777, 'Ancienneté gratitifaction', NULL, '3222', '50586'),
(50778, 'Ancienneté mutuelle', NULL, '3223', '50587'),
(50855, 'Ancienneté Restaurant / Service Fonctionnel / Section', NULL, '2866', '50588');

-- --------------------------------------------------------

--
-- Structure de la table `QC1_REP_SLC_DEFINITION`
--

CREATE TABLE IF NOT EXISTS `QC1_REP_SLC_DEFINITION` (
  `CODE_SLICE` int(11) NOT NULL auto_increment,
  `CODE_USER` varchar(50) default NULL,
  `NAME_SLICE` varchar(50) default NULL,
  `DESC_SLICE` varchar(400) default NULL,
  `CODE_SLICE_FIELD` double default NULL,
  UNIQUE KEY `CODE_SLICE` (`CODE_SLICE`)
) ENGINE=InnoDB  DEFAULT CHARSET=utf8 AUTO_INCREMENT=51214 ;

--
-- Contenu de la table `QC1_REP_SLC_DEFINITION`
--

INSERT INTO `QC1_REP_SLC_DEFINITION` (`CODE_SLICE`, `CODE_USER`, `NAME_SLICE`, `DESC_SLICE`, `CODE_SLICE_FIELD`) VALUES
(21, 'ABS_DEF', 'Tranches d''absence par défaut', 'Tranches d''absence par défaut', 51),
(22, 'AGE_DEF', 'Tranches d''âge par défaut', 'Tranches d''âge par défaut', 44),
(23, 'ANC_DEF', 'Tranches d''ancienneté par défaut', 'Tranches d''ancienneté par défaut', 46),
(50804, 'AGE', 'Tranche d''âge', NULL, 51207),
(50817, 'ANC_GRP', 'Tranches d''ancienneté Groupe', NULL, 51208),
(50829, 'ANC_SOC', 'Tranches d''ancienneté Société', NULL, 47),
(50841, 'ANC_EMP', 'Tranches d''ancienneté Emploi', NULL, 49),
(50856, 'ANC_REST_SF_SEC', 'Tranches d''ancienneté Rest_SF_Sec', 'Tranches d''ancienneté Rest_SF_Sec', 50857),
(51209, 'ABS', 'Tranches de durée d''absence', NULL, 51210),
(51212, 'MICRO_ABS', 'Tranches de duree d''absence de micro-absenteisme', NULL, 51211),
(51213, 'zarea', 'ezr', 'zer', 51210);

-- --------------------------------------------------------

--
-- Structure de la table `QC1_REP_SLC_FIELD`
--

CREATE TABLE IF NOT EXISTS `QC1_REP_SLC_FIELD` (
  `CODE_SLICE_FIELD` int(11) NOT NULL auto_increment,
  `NAME_SLICE_FIELD` varchar(50) default NULL,
  `NAME_FIELD_SOURCE` varchar(50) default NULL,
  `NAME_FIELD_TARGET` varchar(50) default NULL,
  `NAME_TABLE` varchar(50) default NULL,
  UNIQUE KEY `CODE_SLICE_FIELD` (`CODE_SLICE_FIELD`)
) ENGINE=InnoDB  DEFAULT CHARSET=utf8 AUTO_INCREMENT=51216 ;

--
-- Contenu de la table `QC1_REP_SLC_FIELD`
--

INSERT INTO `QC1_REP_SLC_FIELD` (`CODE_SLICE_FIELD`, `NAME_SLICE_FIELD`, `NAME_FIELD_SOURCE`, `NAME_FIELD_TARGET`, `NAME_TABLE`) VALUES
(44, 'Age - Défaut', 'QC1_SEN_VAL_001 / 12', 'QC1_SEN_SLC_001', 'QC1_DSA_FAC_D_SENIORITY'),
(45, 'Ancienneté - Défaut', 'QC1_SEN_VAL_002 / 12', 'QC1_SEN_SLC_002', 'QC1_DSA_FAC_D_SENIORITY'),
(46, 'Ancienneté Groupe - Défaut', 'QC1_SEN_VAL_003', 'QC1_SEN_SLC_003', 'QC1_DSA_FAC_D_SENIORITY'),
(47, 'Ancienneté Société - Défaut', 'QC1_SEN_VAL_004', 'QC1_SEN_SLC_004', 'QC1_DSA_FAC_D_SENIORITY'),
(48, 'Ancienneté Poste - Défaut pro', 'QC1_SEN_VAL_006 / 12', 'QC1_SEN_SLC_006', 'QC1_DSA_FAC_D_SENIORITY'),
(49, 'Ancienneté Emploi - Défaut', 'QC1_SEN_VAL_005', 'QC1_SEN_SLC_005', 'QC1_DSA_FAC_D_SENIORITY'),
(51, 'Absence - Défaut', 'QC1_NB_ABS_DAY_TOTAL', 'QC1_ABS_SLICE_001', 'QC1_DSA_FAC_M_ABSENCE'),
(51207, 'Age', 'QC1_SEN_VAL_001 / 12', 'QC1_SEN_SLC_010', 'QC1_DSA_FAC_D_SENIORITY'),
(51208, 'Anciennete Groupe', 'QC1_SEN_VAL_003', 'QC1_SEN_SLC_011', 'QC1_DSA_FAC_D_SENIORITY'),
(51210, 'Absence', 'QC1_NB_ABS_DAY_TOTAL', 'QC1_ABS_SLICE_002', 'QC1_DSA_FAC_M_ABSENCE'),
(51211, 'Micro Absenteisme', 'QC1_NB_ABS_DAY_TOTAL', 'QC1_ABS_SLICE_003', 'QC1_DSA_FAC_M_ABSENCE'),
(51214, 'PRO', 'PRO', 'PRO', 'PRO'),
(51215, 'aaaaa', 'aaaabbb', 'aaa', 'xxx');

-- --------------------------------------------------------

--
-- Structure de la table `QC1_REP_SLC_RULE`
--

CREATE TABLE IF NOT EXISTS `QC1_REP_SLC_RULE` (
  `CODE_RULE` int(11) NOT NULL auto_increment,
  `CODE_SLICE` varchar(20) default NULL,
  `NAME_RULE` varchar(50) default NULL,
  `LEFT_OPERATOR` varchar(2) default NULL,
  `LEFT_VALUE` double default NULL,
  `RIGHT_OPERATOR` varchar(2) default NULL,
  `RIGHT_VALUE` double default NULL,
  UNIQUE KEY `CODE_RULE` (`CODE_RULE`)
) ENGINE=InnoDB  DEFAULT CHARSET=utf8 AUTO_INCREMENT=51243 ;

--
-- Contenu de la table `QC1_REP_SLC_RULE`
--

INSERT INTO `QC1_REP_SLC_RULE` (`CODE_RULE`, `CODE_SLICE`, `NAME_RULE`, `LEFT_OPERATOR`, `LEFT_VALUE`, `RIGHT_OPERATOR`, `RIGHT_VALUE`) VALUES
(41, '21', '4 - de 21 à 45 jours', '<=', 21, '<', 45),
(42, '22', '03 - 30 à 34 ans', '<=', 30, '<', 35),
(43, '22', '01 - < à 24 ans', '<=', 0, '<', 25),
(44, '22', '02 - 25 à 29 ans', '<=', 25, '<', 30),
(45, '22', '04 - 35 à 39 ans', '<=', 35, '<', 40),
(46, '22', '05 - 40 à 44 ans', '<=', 40, '<', 45),
(47, '22', '06 - 45 à 49 ans', '<=', 45, '<', 50),
(48, '22', '07 - 50 à 54 ans', '<=', 50, '<', 55),
(49, '22', '08 - 55 à 59 ans', '<=', 55, '<', 60),
(50, '22', '09 - 60 à 65 ans', '<=', 60, '<', 65),
(52, '21', '1 - < à 3 jours', '<=', 0, '<', 3),
(53, '21', '2 - de 3 à 7 jours', '<=', 3, '<', 7),
(54, '21', '3 - de 7 à 21 jours', '<=', 7, '<', 21),
(55, '21', '6 - de 60 à 90 jours', '<=', 60, '<', 90),
(56, '23', '01 - < de 1 ans', '<=', 0, '<', 1),
(57, '23', '02 - de 1 à 4 ans', '<=', 1, '<', 4),
(63, '23', '04 - > 8 ans', '<=', 8, '<', 999),
(64, '21', '5 - de 45 à 60 jours', '<=', 45, '<', 60),
(65, '23', '03 - de 4 à 8 ans', '<=', 4, '<', 8),
(77, '22', '10 - > à 65 ans', '<=', 65, '<', 999),
(79, '21', '7 - de 90 à 365 jours', '<=', 90, '<', 365),
(80, '21', '8 - > à 365 jours', '<=', 365, '<', 99999),
(50818, '50817', '01 - moins de 2 mois', '<=', 0, '<', 2),
(50819, '50817', '02 - de 2 à 6 mois', '<=', 2, '<', 6),
(50820, '50817', '03 - de 6 mois à 1 an', '<=', 6, '<', 12),
(50821, '50817', '04 - de 1 à 2 ans', '<=', 12, '<', 24),
(50822, '50817', '05 - de 2 à 3 ans', '<=', 24, '<', 36),
(50823, '50817', '06 - de 3 à 5 ans', '<=', 36, '<', 60),
(50824, '50817', '07 - de 5 à 10 ans', '<=', 60, '<', 120),
(50825, '50817', '08 - de 10 à 15 ans', '<=', 120, '<', 180),
(50826, '50817', '09 - de 15 à 20 ans', '<=', 180, '<', 240),
(50827, '50817', '10 - de 20 à 30 ans', '<=', 240, '<', 360),
(50828, '50817', '11 - 30 ans et plus', '<=', 360, '<', 99999),
(50830, '50829', '01 - moins de 2 mois', '<=', 0, '<', 2),
(50831, '50829', '02 - de 2 à 6 mois', '<=', 2, '<', 6),
(50832, '50829', '03 - de 6 mois à 1 an', '<=', 6, '<', 12),
(50833, '50829', '04 - de 1 à 2 ans', '<=', 12, '<', 24),
(50834, '50829', '05 - de 2 à 3 ans', '<=', 24, '<', 36),
(50835, '50829', '06 - de 3 à 5 ans', '<=', 36, '<', 60),
(50836, '50829', '07 - de 5 à 10 ans', '<=', 60, '<', 120),
(50837, '50829', '08 - de 10 à 15 ans', '<=', 120, '<', 180),
(50838, '50829', '09 - de 15 à 20 ans', '<=', 180, '<', 240),
(50839, '50829', '10 - de 20 à 30 ans', '<=', 240, '<', 360),
(50840, '50829', '11 - 30 ans et plus', '<=', 360, '<', 99999),
(50842, '50841', '01 - moins de 2 mois', '<=', 0, '<', 2),
(50843, '50841', '02 - de 2 à 6 mois', '<=', 2, '<', 6),
(50844, '50841', '03 - de 6 mois à 1 an', '<=', 6, '<', 12),
(50845, '50841', '04 - de 1 à 2 ans', '<=', 12, '<', 24),
(50846, '50841', '05 - de 2 à 3 ans', '<=', 24, '<', 36),
(50847, '50841', '06 - de 3 à 5 ans', '<=', 36, '<', 60),
(50848, '50841', '07 - de 5 à 10 ans', '<=', 60, '<', 120),
(50849, '50841', '08 - de 10 à 15 ans', '<=', 120, '<', 180),
(50850, '50841', '09 - de 15 à 20 ans', '<=', 180, '<', 240),
(50851, '50841', '10 - de 20 à 30 ans', '<=', 240, '<', 360),
(50852, '50841', '11 - 30 ans et plus', '<=', 360, '<', 99999),
(50858, '50856', '01 - moins de 2 mois', '<=', 0, '<', 2),
(50859, '50856', '02 - de 2 à 6 mois', '<=', 2, '<', 6),
(50860, '50856', '03 - de 6 mois à 1 an', '<=', 6, '<', 12),
(50861, '50856', '04 - de 1 à 2 ans', '<=', 12, '<', 24),
(50862, '50856', '05 - de 2 à 3 ans', '<=', 24, '<', 36),
(50863, '50856', '06 - de 3 à 5 ans', '<=', 36, '<', 60),
(50864, '50856', '07 - de 5 à 10 ans', '<=', 60, '<', 120),
(50865, '50856', '08 - de 10 à 15 ans', '<=', 120, '<', 180),
(50866, '50856', '09 - de 15 à 20 ans', '<=', 180, '<', 240),
(50867, '50856', '10 - de 20 à 30 ans', '<=', 240, '<', 360),
(50868, '50856', '11 - 30 ans et plus', '<=', 360, '<', 99999),
(51213, '51209', '1 à 3 jours', '<=', 1, '<', 4),
(51214, '51209', 'de 4 à 15 jours', '<=', 4, '<', 16),
(51215, '51209', 'de 16 à 30 jours', '<=', 16, '<', 31),
(51216, '51209', 'Supérieur à 30 jours', '<=', 31, '<', 9999),
(51217, '51212', '1 à 3 jours', '<=', 1, '<', 4),
(51218, '51212', '4 jours et plus', '<=', 4, '<', 9999),
(51232, '50804', '01 - moins de 18 ans', '<=', 0, '<', 18),
(51233, '50804', '02 - de 18 à 25 ans', '<=', 18, '<', 26),
(51234, '50804', '03 - de 26 à 30 ans', '<=', 26, '<', 31),
(51235, '50804', '04 - de 31 à 35 ans', '<=', 31, '<', 36),
(51236, '50804', '05 - de 36 à 40 ans', '<=', 36, '<', 41),
(51237, '50804', '06 - de 41 à 45 ans', '<=', 41, '<', 46),
(51238, '50804', '07 - de 46 à 50 ans', '<=', 46, '<', 51),
(51239, '50804', '08 - de 51 à 55 ans', '<=', 51, '<', 56),
(51240, '50804', '09 - de 56 à 60 ans', '<=', 56, '<', 61),
(51241, '50804', '10 - de 61 à 65 ans', '<=', 61, '<', 66),
(51242, '50804', '11 - 66 ans et plus', '<=', 66, '<', 999);

-- --------------------------------------------------------

--
-- Structure de la table `QC1_REP_SRC_CONN`
--

CREATE TABLE IF NOT EXISTS `QC1_REP_SRC_CONN` (
  `CODE_CONN` int(11) NOT NULL auto_increment,
  `TYPE_CONN` varchar(50) default NULL,
  `NAME_CONN` varchar(50) default NULL,
  `DESC_CONN` varchar(250) default NULL,
  `LOGIN_CONN` varchar(100) default NULL,
  `PWD_CONN` varchar(100) default NULL,
  `IP_CONN` varchar(100) default NULL,
  `PORT_CONN` double default NULL,
  UNIQUE KEY `CODE_CONN` (`CODE_CONN`)
) ENGINE=InnoDB  DEFAULT CHARSET=utf8 AUTO_INCREMENT=2 ;

--
-- Contenu de la table `QC1_REP_SRC_CONN`
--

INSERT INTO `QC1_REP_SRC_CONN` (`CODE_CONN`, `TYPE_CONN`, `NAME_CONN`, `DESC_CONN`, `LOGIN_CONN`, `PWD_CONN`, `IP_CONN`, `PORT_CONN`) VALUES
(1, 'Defaut', 'Défaut', 'Défaut', NULL, NULL, NULL, NULL);

-- --------------------------------------------------------

--
-- Structure de la table `QC1_REP_SRC_FIELD`
--

CREATE TABLE IF NOT EXISTS `QC1_REP_SRC_FIELD` (
  `CODE_FIELD` int(11) NOT NULL auto_increment,
  `CODE_FILE` double default NULL,
  `NAME_FIELD` varchar(30) default NULL,
  `TYPE_FIELD` varchar(10) default NULL,
  `INDEX_FIELD` double default NULL,
  `FLG_DAT_BEG_HIST` char(1) default NULL,
  `FLG_DAT_END_HIST` char(1) default NULL,
  UNIQUE KEY `CODE_FIELD` (`CODE_FIELD`)
) ENGINE=InnoDB  DEFAULT CHARSET=utf8 AUTO_INCREMENT=22 ;

--
-- Contenu de la table `QC1_REP_SRC_FIELD`
--

INSERT INTO `QC1_REP_SRC_FIELD` (`CODE_FIELD`, `CODE_FILE`, `NAME_FIELD`, `TYPE_FIELD`, `INDEX_FIELD`, `FLG_DAT_BEG_HIST`, `FLG_DAT_END_HIST`) VALUES
(1, 1, 'QC1_ABS_UDF_001', 'Code', 1, NULL, NULL),
(2, 1, 'QC_REASON_CODE', 'Code', 2, NULL, NULL),
(3, 1, 'QC1_REASON_DESC', 'Libellé', 3, NULL, NULL),
(4, 2, 'Test', 'Texte', 1, '1', NULL),
(5, 3, 'CHAMP01', 'Libellé', 1, NULL, NULL),
(6, 3, 'DEB', 'Date', 2, '1', NULL),
(7, 3, 'FIN', 'Date', 3, NULL, '1'),
(8, 3, 'CHAMP 4', 'Libellé', 4, NULL, NULL),
(9, 3, 'CHAMP 5', 'Texte', 5, NULL, NULL),
(10, 3, 'CHAMP 61', 'Nombre', 9, NULL, NULL),
(11, 3, 'CHAMP 7', 'Flag', 7, NULL, NULL),
(12, 2, 'TEST23', 'Texte', 2, NULL, NULL),
(13, 5, 'A1', 'Code', 1, NULL, NULL),
(14, 5, 'A23', 'Libellé', 2, NULL, NULL),
(15, 5, 'D1', 'Date', 3, '1', NULL),
(16, 5, 'D2', 'Date', 4, NULL, '1'),
(17, 5, 'xxxyyyy', 'Code', 5, NULL, NULL),
(18, 6, 'a', 'Code', 1, NULL, NULL),
(19, 6, 'b', 'Code', 2, NULL, NULL);

-- --------------------------------------------------------

--
-- Structure de la table `QC1_REP_SRC_FILE`
--

CREATE TABLE IF NOT EXISTS `QC1_REP_SRC_FILE` (
  `CODE_FILE` int(11) NOT NULL auto_increment,
  `CODE_CONN` double default NULL,
  `CODE_DOMAIN` double default NULL,
  `NAME_FILE` varchar(50) default NULL,
  `DESC_FILE` varchar(250) default NULL,
  `FILEPATH` varchar(250) default NULL,
  `FLG_OPTIONAL` char(1) default NULL,
  `FLG_DUPLICATE` char(1) default NULL,
  `FLG_HIST` char(1) default NULL,
  `FLG_CVT` char(1) default NULL,
  `CODE_ORIGIN` int(11) NOT NULL,
  UNIQUE KEY `CODE_FILE` (`CODE_FILE`)
) ENGINE=InnoDB  DEFAULT CHARSET=utf8 AUTO_INCREMENT=7 ;

--
-- Contenu de la table `QC1_REP_SRC_FILE`
--

INSERT INTO `QC1_REP_SRC_FILE` (`CODE_FILE`, `CODE_CONN`, `CODE_DOMAIN`, `NAME_FILE`, `DESC_FILE`, `FILEPATH`, `FLG_OPTIONAL`, `FLG_DUPLICATE`, `FLG_HIST`, `FLG_CVT`, `CODE_ORIGIN`) VALUES
(1, 0, 11, 'ABSENCE_01.TXT', 'ABSENCE_01.TXT', 'F:/QBIK_Solution/clt_val/src/FR/', NULL, NULL, '1', '1', 0),
(2, 0, 11, 'ABSENCE_01.TXT', 'ABSENCE_01.TXT', 'F:/QBIK_Solution/clt_val/src/FR/', NULL, NULL, '1', '1', 0),
(3, 1, 2, 'EMPLOYE_PRO_01', 'Employé test PRO', 'Accès/test PRO', '1', '1', '1', '1', 1),
(5, 1, 2, 'TEST_NSI', 'AAAAbbb', 'xxxaaaccc', '1', '1', NULL, NULL, 2);

-- --------------------------------------------------------

--
-- Structure de la table `QC1_REP_SRC_ORIGIN`
--

CREATE TABLE IF NOT EXISTS `QC1_REP_SRC_ORIGIN` (
  `CODE_ORIGIN` int(11) NOT NULL auto_increment,
  `TYPE_ORIGIN` varchar(20) default NULL,
  `NAME_ORIGIN` varchar(50) default NULL,
  `DESC_ORIGIN` varchar(200) default NULL,
  `PREFIX_ORIGIN` varchar(10) default NULL,
  UNIQUE KEY `CODE_ORIGIN` (`CODE_ORIGIN`)
) ENGINE=InnoDB  DEFAULT CHARSET=utf8 AUTO_INCREMENT=2 ;

--
-- Contenu de la table `QC1_REP_SRC_ORIGIN`
--

INSERT INTO `QC1_REP_SRC_ORIGIN` (`CODE_ORIGIN`, `TYPE_ORIGIN`, `NAME_ORIGIN`, `DESC_ORIGIN`, `PREFIX_ORIGIN`) VALUES
(1, 'Test', 'Test', 'Test', 'T__');

-- --------------------------------------------------------

--
-- Structure de la table `QC1_REP_TYPE`
--

CREATE TABLE IF NOT EXISTS `QC1_REP_TYPE` (
  `NAME_TYPE` varchar(100) default NULL,
  `STRING_TYPE` varchar(100) default NULL,
  `INDEX_TYPE` double default NULL
) ENGINE=InnoDB DEFAULT CHARSET=utf8;

--
-- Contenu de la table `QC1_REP_TYPE`
--

INSERT INTO `QC1_REP_TYPE` (`NAME_TYPE`, `STRING_TYPE`, `INDEX_TYPE`) VALUES
('Code', 'c', 1),
('Date', 'd', 5),
('Flag', 'f', 6),
('Libellé', 's', 2),
('Nombre', 'n', 4),
('Texte', 't', 3);

/*!40101 SET CHARACTER_SET_CLIENT=@OLD_CHARACTER_SET_CLIENT */;
/*!40101 SET CHARACTER_SET_RESULTS=@OLD_CHARACTER_SET_RESULTS */;
/*!40101 SET COLLATION_CONNECTION=@OLD_COLLATION_CONNECTION */;
